sample_id,source_split,label,filename,audio_status
train:12_0006.wav,train,Northern,12_0006.wav,not_selected_under_data_budget
train:12_0007.wav,train,Northern,12_0007.wav,not_selected_under_data_budget
train:12_0008.wav,train,Northern,12_0008.wav,not_selected_under_data_budget
train:12_0012.wav,train,Northern,12_0012.wav,not_selected_under_data_budget
train:12_0019.wav,train,Northern,12_0019.wav,not_selected_under_data_budget
train:12_0021.wav,train,Northern,12_0021.wav,not_selected_under_data_budget
train:12_0027.wav,train,Northern,12_0027.wav,not_selected_under_data_budget
train:12_0032.wav,train,Northern,12_0032.wav,not_selected_under_data_budget
train:12_0038.wav,train,Northern,12_0038.wav,not_selected_under_data_budget
train:12_0048.wav,train,Northern,12_0048.wav,not_selected_under_data_budget
train:12_0051.wav,train,Northern,12_0051.wav,not_selected_under_data_budget
train:12_0052.wav,train,Northern,12_0052.wav,not_selected_under_data_budget
train:12_0054.wav,train,Northern,12_0054.wav,not_selected_under_data_budget
train:12_0056.wav,train,Northern,12_0056.wav,not_selected_under_data_budget
train:12_0060.wav,train,Northern,12_0060.wav,not_selected_under_data_budget
train:12_0062.wav,train,Northern,12_0062.wav,not_selected_under_data_budget
train:12_0076.wav,train,Northern,12_0076.wav,not_selected_under_data_budget
train:12_0078.wav,train,Northern,12_0078.wav,not_selected_under_data_budget
train:12_0081.wav,train,Northern,12_0081.wav,not_selected_under_data_budget
train:12_0082.wav,train,Northern,12_0082.wav,not_selected_under_data_budget
train:12_0086.wav,train,Northern,12_0086.wav,not_selected_under_data_budget
train:12_0089.wav,train,Northern,12_0089.wav,not_selected_under_data_budget
train:12_0100.wav,train,Northern,12_0100.wav,not_selected_under_data_budget
train:12_0103.wav,train,Northern,12_0103.wav,not_selected_under_data_budget
train:12_0105.wav,train,Northern,12_0105.wav,not_selected_under_data_budget
train:12_0108.wav,train,Northern,12_0108.wav,not_selected_under_data_budget
train:12_0109.wav,train,Northern,12_0109.wav,not_selected_under_data_budget
train:12_0110.wav,train,Northern,12_0110.wav,not_selected_under_data_budget
train:12_0111.wav,train,Northern,12_0111.wav,not_selected_under_data_budget
train:12_0113.wav,train,Northern,12_0113.wav,not_selected_under_data_budget
train:12_0115.wav,train,Northern,12_0115.wav,not_selected_under_data_budget
train:12_0126.wav,train,Northern,12_0126.wav,not_selected_under_data_budget
train:12_0130.wav,train,Northern,12_0130.wav,not_selected_under_data_budget
train:12_0133.wav,train,Northern,12_0133.wav,not_selected_under_data_budget
train:12_0134.wav,train,Northern,12_0134.wav,not_selected_under_data_budget
train:12_0137.wav,train,Northern,12_0137.wav,not_selected_under_data_budget
train:12_0138.wav,train,Northern,12_0138.wav,not_selected_under_data_budget
train:12_0143.wav,train,Northern,12_0143.wav,not_selected_under_data_budget
train:12_0150.wav,train,Northern,12_0150.wav,not_selected_under_data_budget
train:12_0151.wav,train,Northern,12_0151.wav,not_selected_under_data_budget
train:18_0179.wav,train,Northern,18_0179.wav,not_selected_under_data_budget
train:18_0180.wav,train,Northern,18_0180.wav,not_selected_under_data_budget
train:18_0181.wav,train,Northern,18_0181.wav,not_selected_under_data_budget
train:18_0182.wav,train,Northern,18_0182.wav,not_selected_under_data_budget
train:18_0183.wav,train,Northern,18_0183.wav,not_selected_under_data_budget
train:18_0184.wav,train,Northern,18_0184.wav,not_selected_under_data_budget
train:18_0185.wav,train,Northern,18_0185.wav,not_selected_under_data_budget
train:18_0186.wav,train,Northern,18_0186.wav,not_selected_under_data_budget
train:18_0187.wav,train,Northern,18_0187.wav,not_selected_under_data_budget
train:18_0188.wav,train,Northern,18_0188.wav,not_selected_under_data_budget
train:18_0189.wav,train,Northern,18_0189.wav,not_selected_under_data_budget
train:18_0190.wav,train,Northern,18_0190.wav,not_selected_under_data_budget
train:18_0191.wav,train,Northern,18_0191.wav,not_selected_under_data_budget
train:18_0192.wav,train,Northern,18_0192.wav,not_selected_under_data_budget
train:18_0193.wav,train,Northern,18_0193.wav,not_selected_under_data_budget
train:18_0194.wav,train,Northern,18_0194.wav,not_selected_under_data_budget
train:18_0195.wav,train,Northern,18_0195.wav,not_selected_under_data_budget
train:18_0196.wav,train,Northern,18_0196.wav,not_selected_under_data_budget
train:18_0197.wav,train,Northern,18_0197.wav,not_selected_under_data_budget
train:18_0198.wav,train,Northern,18_0198.wav,not_selected_under_data_budget
train:18_0199.wav,train,Northern,18_0199.wav,not_selected_under_data_budget
train:18_0200.wav,train,Northern,18_0200.wav,not_selected_under_data_budget
train:18_0201.wav,train,Northern,18_0201.wav,not_selected_under_data_budget
train:18_0202.wav,train,Northern,18_0202.wav,not_selected_under_data_budget
train:18_0203.wav,train,Northern,18_0203.wav,not_selected_under_data_budget
train:18_0204.wav,train,Northern,18_0204.wav,not_selected_under_data_budget
train:18_0205.wav,train,Northern,18_0205.wav,not_selected_under_data_budget
train:18_0206.wav,train,Northern,18_0206.wav,not_selected_under_data_budget
train:18_0207.wav,train,Northern,18_0207.wav,not_selected_under_data_budget
train:18_0208.wav,train,Northern,18_0208.wav,not_selected_under_data_budget
train:18_0209.wav,train,Northern,18_0209.wav,not_selected_under_data_budget
train:18_0210.wav,train,Northern,18_0210.wav,not_selected_under_data_budget
train:18_0211.wav,train,Northern,18_0211.wav,not_selected_under_data_budget
train:18_0212.wav,train,Northern,18_0212.wav,not_selected_under_data_budget
train:18_0213.wav,train,Northern,18_0213.wav,not_selected_under_data_budget
train:18_0215.wav,train,Northern,18_0215.wav,not_selected_under_data_budget
train:18_0216.wav,train,Northern,18_0216.wav,not_selected_under_data_budget
train:18_0217.wav,train,Northern,18_0217.wav,not_selected_under_data_budget
train:18_0218.wav,train,Northern,18_0218.wav,not_selected_under_data_budget
train:18_0219.wav,train,Northern,18_0219.wav,not_selected_under_data_budget
train:18_0220.wav,train,Northern,18_0220.wav,not_selected_under_data_budget
train:18_0221.wav,train,Northern,18_0221.wav,not_selected_under_data_budget
train:18_0222.wav,train,Northern,18_0222.wav,not_selected_under_data_budget
train:18_0223.wav,train,Northern,18_0223.wav,not_selected_under_data_budget
train:18_0224.wav,train,Northern,18_0224.wav,not_selected_under_data_budget
train:18_0225.wav,train,Northern,18_0225.wav,not_selected_under_data_budget
train:18_0226.wav,train,Northern,18_0226.wav,not_selected_under_data_budget
train:18_0227.wav,train,Northern,18_0227.wav,not_selected_under_data_budget
train:18_0228.wav,train,Northern,18_0228.wav,not_selected_under_data_budget
train:18_0229.wav,train,Northern,18_0229.wav,not_selected_under_data_budget
train:18_0230.wav,train,Northern,18_0230.wav,not_selected_under_data_budget
train:18_0231.wav,train,Northern,18_0231.wav,not_selected_under_data_budget
train:18_0232.wav,train,Northern,18_0232.wav,not_selected_under_data_budget
train:18_0233.wav,train,Northern,18_0233.wav,not_selected_under_data_budget
train:18_0234.wav,train,Northern,18_0234.wav,not_selected_under_data_budget
train:18_0235.wav,train,Northern,18_0235.wav,not_selected_under_data_budget
train:18_0236.wav,train,Northern,18_0236.wav,not_selected_under_data_budget
train:18_0237.wav,train,Northern,18_0237.wav,not_selected_under_data_budget
train:18_0238.wav,train,Northern,18_0238.wav,not_selected_under_data_budget
train:18_0239.wav,train,Northern,18_0239.wav,not_selected_under_data_budget
train:18_0240.wav,train,Northern,18_0240.wav,not_selected_under_data_budget
train:18_0241.wav,train,Northern,18_0241.wav,not_selected_under_data_budget
train:19_0001.wav,train,Northern,19_0001.wav,not_selected_under_data_budget
train:19_0002.wav,train,Northern,19_0002.wav,not_selected_under_data_budget
train:19_0003.wav,train,Northern,19_0003.wav,not_selected_under_data_budget
train:19_0004.wav,train,Northern,19_0004.wav,not_selected_under_data_budget
train:19_0005.wav,train,Northern,19_0005.wav,not_selected_under_data_budget
train:19_0006.wav,train,Northern,19_0006.wav,not_selected_under_data_budget
train:19_0007.wav,train,Northern,19_0007.wav,not_selected_under_data_budget
train:19_0008.wav,train,Northern,19_0008.wav,not_selected_under_data_budget
train:19_0009.wav,train,Northern,19_0009.wav,not_selected_under_data_budget
train:19_0010.wav,train,Northern,19_0010.wav,not_selected_under_data_budget
train:19_0011.wav,train,Northern,19_0011.wav,not_selected_under_data_budget
train:19_0012.wav,train,Northern,19_0012.wav,not_selected_under_data_budget
train:19_0013.wav,train,Northern,19_0013.wav,not_selected_under_data_budget
train:19_0014.wav,train,Northern,19_0014.wav,not_selected_under_data_budget
train:19_0015.wav,train,Northern,19_0015.wav,not_selected_under_data_budget
train:19_0016.wav,train,Northern,19_0016.wav,not_selected_under_data_budget
train:19_0017.wav,train,Northern,19_0017.wav,not_selected_under_data_budget
train:19_0018.wav,train,Northern,19_0018.wav,not_selected_under_data_budget
train:19_0019.wav,train,Northern,19_0019.wav,not_selected_under_data_budget
train:19_0020.wav,train,Northern,19_0020.wav,not_selected_under_data_budget
train:19_0021.wav,train,Northern,19_0021.wav,not_selected_under_data_budget
train:19_0022.wav,train,Northern,19_0022.wav,not_selected_under_data_budget
train:19_0023.wav,train,Northern,19_0023.wav,not_selected_under_data_budget
train:19_0024.wav,train,Northern,19_0024.wav,not_selected_under_data_budget
train:19_0025.wav,train,Northern,19_0025.wav,not_selected_under_data_budget
train:19_0026.wav,train,Northern,19_0026.wav,not_selected_under_data_budget
train:19_0027.wav,train,Northern,19_0027.wav,not_selected_under_data_budget
train:19_0028.wav,train,Northern,19_0028.wav,not_selected_under_data_budget
train:19_0029.wav,train,Northern,19_0029.wav,not_selected_under_data_budget
train:19_0030.wav,train,Northern,19_0030.wav,not_selected_under_data_budget
train:19_0031.wav,train,Northern,19_0031.wav,not_selected_under_data_budget
train:19_0032.wav,train,Northern,19_0032.wav,not_selected_under_data_budget
train:19_0033.wav,train,Northern,19_0033.wav,not_selected_under_data_budget
train:19_0034.wav,train,Northern,19_0034.wav,not_selected_under_data_budget
train:19_0035.wav,train,Northern,19_0035.wav,not_selected_under_data_budget
train:19_0036.wav,train,Northern,19_0036.wav,not_selected_under_data_budget
train:19_0037.wav,train,Northern,19_0037.wav,not_selected_under_data_budget
train:19_0038.wav,train,Northern,19_0038.wav,not_selected_under_data_budget
train:19_0039.wav,train,Northern,19_0039.wav,not_selected_under_data_budget
train:19_0040.wav,train,Northern,19_0040.wav,not_selected_under_data_budget
train:19_0041.wav,train,Northern,19_0041.wav,not_selected_under_data_budget
train:19_0042.wav,train,Northern,19_0042.wav,not_selected_under_data_budget
train:19_0043.wav,train,Northern,19_0043.wav,not_selected_under_data_budget
train:19_0044.wav,train,Northern,19_0044.wav,not_selected_under_data_budget
train:19_0045.wav,train,Northern,19_0045.wav,not_selected_under_data_budget
train:19_0046.wav,train,Northern,19_0046.wav,not_selected_under_data_budget
train:19_0047.wav,train,Northern,19_0047.wav,not_selected_under_data_budget
train:19_0048.wav,train,Northern,19_0048.wav,not_selected_under_data_budget
train:19_0049.wav,train,Northern,19_0049.wav,not_selected_under_data_budget
train:19_0050.wav,train,Northern,19_0050.wav,not_selected_under_data_budget
train:19_0051.wav,train,Northern,19_0051.wav,not_selected_under_data_budget
train:19_0052.wav,train,Northern,19_0052.wav,not_selected_under_data_budget
train:19_0053.wav,train,Northern,19_0053.wav,not_selected_under_data_budget
train:19_0054.wav,train,Northern,19_0054.wav,not_selected_under_data_budget
train:19_0055.wav,train,Northern,19_0055.wav,not_selected_under_data_budget
train:19_0056.wav,train,Northern,19_0056.wav,not_selected_under_data_budget
train:19_0057.wav,train,Northern,19_0057.wav,not_selected_under_data_budget
train:19_0058.wav,train,Northern,19_0058.wav,not_selected_under_data_budget
train:19_0059.wav,train,Northern,19_0059.wav,not_selected_under_data_budget
train:19_0060.wav,train,Northern,19_0060.wav,not_selected_under_data_budget
train:19_0061.wav,train,Northern,19_0061.wav,not_selected_under_data_budget
train:19_0062.wav,train,Northern,19_0062.wav,not_selected_under_data_budget
train:19_0063.wav,train,Northern,19_0063.wav,not_selected_under_data_budget
train:19_0064.wav,train,Northern,19_0064.wav,not_selected_under_data_budget
train:19_0065.wav,train,Northern,19_0065.wav,not_selected_under_data_budget
train:19_0066.wav,train,Northern,19_0066.wav,not_selected_under_data_budget
train:19_0067.wav,train,Northern,19_0067.wav,not_selected_under_data_budget
train:19_0068.wav,train,Northern,19_0068.wav,not_selected_under_data_budget
train:19_0069.wav,train,Northern,19_0069.wav,not_selected_under_data_budget
train:19_0070.wav,train,Northern,19_0070.wav,not_selected_under_data_budget
train:19_0071.wav,train,Northern,19_0071.wav,not_selected_under_data_budget
train:19_0072.wav,train,Northern,19_0072.wav,not_selected_under_data_budget
train:19_0073.wav,train,Northern,19_0073.wav,not_selected_under_data_budget
train:19_0074.wav,train,Northern,19_0074.wav,not_selected_under_data_budget
train:19_0075.wav,train,Northern,19_0075.wav,not_selected_under_data_budget
train:19_0076.wav,train,Northern,19_0076.wav,not_selected_under_data_budget
train:19_0077.wav,train,Northern,19_0077.wav,not_selected_under_data_budget
train:19_0078.wav,train,Northern,19_0078.wav,not_selected_under_data_budget
train:19_0079.wav,train,Northern,19_0079.wav,not_selected_under_data_budget
train:19_0080.wav,train,Northern,19_0080.wav,not_selected_under_data_budget
train:19_0081.wav,train,Northern,19_0081.wav,not_selected_under_data_budget
train:19_0082.wav,train,Northern,19_0082.wav,not_selected_under_data_budget
train:19_0083.wav,train,Northern,19_0083.wav,not_selected_under_data_budget
train:19_0084.wav,train,Northern,19_0084.wav,not_selected_under_data_budget
train:19_0085.wav,train,Northern,19_0085.wav,not_selected_under_data_budget
train:19_0086.wav,train,Northern,19_0086.wav,not_selected_under_data_budget
train:19_0087.wav,train,Northern,19_0087.wav,not_selected_under_data_budget
train:19_0088.wav,train,Northern,19_0088.wav,not_selected_under_data_budget
train:19_0089.wav,train,Northern,19_0089.wav,not_selected_under_data_budget
train:19_0090.wav,train,Northern,19_0090.wav,not_selected_under_data_budget
train:19_0091.wav,train,Northern,19_0091.wav,not_selected_under_data_budget
train:19_0092.wav,train,Northern,19_0092.wav,not_selected_under_data_budget
train:19_0093.wav,train,Northern,19_0093.wav,not_selected_under_data_budget
train:19_0094.wav,train,Northern,19_0094.wav,not_selected_under_data_budget
train:19_0095.wav,train,Northern,19_0095.wav,not_selected_under_data_budget
train:19_0096.wav,train,Northern,19_0096.wav,not_selected_under_data_budget
train:19_0097.wav,train,Northern,19_0097.wav,not_selected_under_data_budget
train:19_0098.wav,train,Northern,19_0098.wav,not_selected_under_data_budget
train:19_0099.wav,train,Northern,19_0099.wav,not_selected_under_data_budget
train:19_0100.wav,train,Northern,19_0100.wav,not_selected_under_data_budget
train:19_0101.wav,train,Northern,19_0101.wav,not_selected_under_data_budget
train:19_0102.wav,train,Northern,19_0102.wav,not_selected_under_data_budget
train:19_0103.wav,train,Northern,19_0103.wav,not_selected_under_data_budget
train:19_0104.wav,train,Northern,19_0104.wav,not_selected_under_data_budget
train:19_0105.wav,train,Northern,19_0105.wav,not_selected_under_data_budget
train:19_0106.wav,train,Northern,19_0106.wav,not_selected_under_data_budget
train:19_0107.wav,train,Northern,19_0107.wav,not_selected_under_data_budget
train:19_0108.wav,train,Northern,19_0108.wav,not_selected_under_data_budget
train:19_0109.wav,train,Northern,19_0109.wav,not_selected_under_data_budget
train:19_0110.wav,train,Northern,19_0110.wav,not_selected_under_data_budget
train:19_0111.wav,train,Northern,19_0111.wav,not_selected_under_data_budget
train:19_0112.wav,train,Northern,19_0112.wav,not_selected_under_data_budget
train:19_0113.wav,train,Northern,19_0113.wav,not_selected_under_data_budget
train:19_0114.wav,train,Northern,19_0114.wav,not_selected_under_data_budget
train:19_0115.wav,train,Northern,19_0115.wav,not_selected_under_data_budget
train:19_0116.wav,train,Northern,19_0116.wav,not_selected_under_data_budget
train:19_0117.wav,train,Northern,19_0117.wav,not_selected_under_data_budget
train:19_0118.wav,train,Northern,19_0118.wav,not_selected_under_data_budget
train:19_0119.wav,train,Northern,19_0119.wav,not_selected_under_data_budget
train:19_0120.wav,train,Northern,19_0120.wav,not_selected_under_data_budget
train:19_0121.wav,train,Northern,19_0121.wav,not_selected_under_data_budget
train:19_0122.wav,train,Northern,19_0122.wav,not_selected_under_data_budget
train:19_0123.wav,train,Northern,19_0123.wav,not_selected_under_data_budget
train:19_0124.wav,train,Northern,19_0124.wav,not_selected_under_data_budget
train:19_0125.wav,train,Northern,19_0125.wav,not_selected_under_data_budget
train:19_0126.wav,train,Northern,19_0126.wav,not_selected_under_data_budget
train:19_0127.wav,train,Northern,19_0127.wav,not_selected_under_data_budget
train:19_0128.wav,train,Northern,19_0128.wav,not_selected_under_data_budget
train:19_0129.wav,train,Northern,19_0129.wav,not_selected_under_data_budget
train:19_0130.wav,train,Northern,19_0130.wav,not_selected_under_data_budget
train:19_0131.wav,train,Northern,19_0131.wav,not_selected_under_data_budget
train:19_0132.wav,train,Northern,19_0132.wav,not_selected_under_data_budget
train:19_0133.wav,train,Northern,19_0133.wav,not_selected_under_data_budget
train:19_0134.wav,train,Northern,19_0134.wav,not_selected_under_data_budget
train:19_0135.wav,train,Northern,19_0135.wav,not_selected_under_data_budget
train:19_0136.wav,train,Northern,19_0136.wav,not_selected_under_data_budget
train:19_0137.wav,train,Northern,19_0137.wav,not_selected_under_data_budget
train:19_0138.wav,train,Northern,19_0138.wav,not_selected_under_data_budget
train:19_0139.wav,train,Northern,19_0139.wav,not_selected_under_data_budget
train:19_0140.wav,train,Northern,19_0140.wav,not_selected_under_data_budget
train:19_0141.wav,train,Northern,19_0141.wav,not_selected_under_data_budget
train:19_0142.wav,train,Northern,19_0142.wav,not_selected_under_data_budget
train:19_0143.wav,train,Northern,19_0143.wav,not_selected_under_data_budget
train:19_0144.wav,train,Northern,19_0144.wav,not_selected_under_data_budget
train:19_0145.wav,train,Northern,19_0145.wav,not_selected_under_data_budget
train:19_0146.wav,train,Northern,19_0146.wav,not_selected_under_data_budget
train:19_0147.wav,train,Northern,19_0147.wav,not_selected_under_data_budget
train:19_0148.wav,train,Northern,19_0148.wav,not_selected_under_data_budget
train:19_0149.wav,train,Northern,19_0149.wav,not_selected_under_data_budget
train:19_0150.wav,train,Northern,19_0150.wav,not_selected_under_data_budget
train:19_0151.wav,train,Northern,19_0151.wav,not_selected_under_data_budget
train:19_0152.wav,train,Northern,19_0152.wav,not_selected_under_data_budget
train:19_0153.wav,train,Northern,19_0153.wav,not_selected_under_data_budget
train:19_0154.wav,train,Northern,19_0154.wav,not_selected_under_data_budget
train:19_0155.wav,train,Northern,19_0155.wav,not_selected_under_data_budget
train:19_0156.wav,train,Northern,19_0156.wav,not_selected_under_data_budget
train:19_0157.wav,train,Northern,19_0157.wav,not_selected_under_data_budget
train:19_0158.wav,train,Northern,19_0158.wav,not_selected_under_data_budget
train:19_0159.wav,train,Northern,19_0159.wav,not_selected_under_data_budget
train:19_0160.wav,train,Northern,19_0160.wav,not_selected_under_data_budget
train:19_0161.wav,train,Northern,19_0161.wav,not_selected_under_data_budget
train:19_0162.wav,train,Northern,19_0162.wav,not_selected_under_data_budget
train:19_0163.wav,train,Northern,19_0163.wav,not_selected_under_data_budget
train:19_0164.wav,train,Northern,19_0164.wav,not_selected_under_data_budget
train:19_0165.wav,train,Northern,19_0165.wav,not_selected_under_data_budget
train:19_0166.wav,train,Northern,19_0166.wav,not_selected_under_data_budget
train:19_0167.wav,train,Northern,19_0167.wav,not_selected_under_data_budget
train:19_0168.wav,train,Northern,19_0168.wav,not_selected_under_data_budget
train:19_0169.wav,train,Northern,19_0169.wav,not_selected_under_data_budget
train:19_0170.wav,train,Northern,19_0170.wav,not_selected_under_data_budget
train:19_0171.wav,train,Northern,19_0171.wav,not_selected_under_data_budget
train:19_0172.wav,train,Northern,19_0172.wav,not_selected_under_data_budget
train:19_0173.wav,train,Northern,19_0173.wav,not_selected_under_data_budget
train:19_0174.wav,train,Northern,19_0174.wav,not_selected_under_data_budget
train:19_0175.wav,train,Northern,19_0175.wav,not_selected_under_data_budget
train:19_0176.wav,train,Northern,19_0176.wav,not_selected_under_data_budget
train:19_0177.wav,train,Northern,19_0177.wav,not_selected_under_data_budget
train:19_0178.wav,train,Northern,19_0178.wav,not_selected_under_data_budget
train:19_0179.wav,train,Northern,19_0179.wav,not_selected_under_data_budget
train:19_0180.wav,train,Northern,19_0180.wav,not_selected_under_data_budget
train:19_0181.wav,train,Northern,19_0181.wav,not_selected_under_data_budget
train:19_0182.wav,train,Northern,19_0182.wav,not_selected_under_data_budget
train:19_0183.wav,train,Northern,19_0183.wav,not_selected_under_data_budget
train:19_0184.wav,train,Northern,19_0184.wav,not_selected_under_data_budget
train:19_0185.wav,train,Northern,19_0185.wav,not_selected_under_data_budget
train:19_0186.wav,train,Northern,19_0186.wav,not_selected_under_data_budget
train:19_0187.wav,train,Northern,19_0187.wav,not_selected_under_data_budget
train:19_0188.wav,train,Northern,19_0188.wav,not_selected_under_data_budget
train:19_0189.wav,train,Northern,19_0189.wav,not_selected_under_data_budget
train:19_0190.wav,train,Northern,19_0190.wav,not_selected_under_data_budget
train:19_0191.wav,train,Northern,19_0191.wav,not_selected_under_data_budget
train:19_0192.wav,train,Northern,19_0192.wav,not_selected_under_data_budget
train:19_0193.wav,train,Northern,19_0193.wav,not_selected_under_data_budget
train:19_0194.wav,train,Northern,19_0194.wav,not_selected_under_data_budget
train:19_0195.wav,train,Northern,19_0195.wav,not_selected_under_data_budget
train:19_0196.wav,train,Northern,19_0196.wav,not_selected_under_data_budget
train:19_0197.wav,train,Northern,19_0197.wav,not_selected_under_data_budget
train:19_0198.wav,train,Northern,19_0198.wav,not_selected_under_data_budget
train:19_0199.wav,train,Northern,19_0199.wav,not_selected_under_data_budget
train:19_0200.wav,train,Northern,19_0200.wav,not_selected_under_data_budget
train:19_0201.wav,train,Northern,19_0201.wav,not_selected_under_data_budget
train:19_0202.wav,train,Northern,19_0202.wav,not_selected_under_data_budget
train:19_0203.wav,train,Northern,19_0203.wav,not_selected_under_data_budget
train:19_0204.wav,train,Northern,19_0204.wav,not_selected_under_data_budget
train:19_0205.wav,train,Northern,19_0205.wav,not_selected_under_data_budget
train:19_0206.wav,train,Northern,19_0206.wav,not_selected_under_data_budget
train:19_0207.wav,train,Northern,19_0207.wav,not_selected_under_data_budget
train:19_0208.wav,train,Northern,19_0208.wav,not_selected_under_data_budget
train:19_0209.wav,train,Northern,19_0209.wav,not_selected_under_data_budget
train:19_0210.wav,train,Northern,19_0210.wav,not_selected_under_data_budget
train:19_0211.wav,train,Northern,19_0211.wav,not_selected_under_data_budget
train:19_0212.wav,train,Northern,19_0212.wav,not_selected_under_data_budget
train:19_0213.wav,train,Northern,19_0213.wav,not_selected_under_data_budget
train:19_0214.wav,train,Northern,19_0214.wav,not_selected_under_data_budget
train:19_0215.wav,train,Northern,19_0215.wav,not_selected_under_data_budget
train:19_0216.wav,train,Northern,19_0216.wav,not_selected_under_data_budget
train:19_0217.wav,train,Northern,19_0217.wav,not_selected_under_data_budget
train:19_0218.wav,train,Northern,19_0218.wav,not_selected_under_data_budget
train:19_0219.wav,train,Northern,19_0219.wav,not_selected_under_data_budget
train:19_0220.wav,train,Northern,19_0220.wav,not_selected_under_data_budget
train:19_0221.wav,train,Northern,19_0221.wav,not_selected_under_data_budget
train:19_0222.wav,train,Northern,19_0222.wav,not_selected_under_data_budget
train:19_0223.wav,train,Northern,19_0223.wav,not_selected_under_data_budget
train:19_0224.wav,train,Northern,19_0224.wav,not_selected_under_data_budget
train:19_0225.wav,train,Northern,19_0225.wav,not_selected_under_data_budget
train:19_0226.wav,train,Northern,19_0226.wav,not_selected_under_data_budget
train:19_0227.wav,train,Northern,19_0227.wav,not_selected_under_data_budget
train:19_0228.wav,train,Northern,19_0228.wav,not_selected_under_data_budget
train:19_0229.wav,train,Northern,19_0229.wav,not_selected_under_data_budget
train:19_0230.wav,train,Northern,19_0230.wav,not_selected_under_data_budget
train:19_0231.wav,train,Northern,19_0231.wav,not_selected_under_data_budget
train:19_0232.wav,train,Northern,19_0232.wav,not_selected_under_data_budget
train:19_0233.wav,train,Northern,19_0233.wav,not_selected_under_data_budget
train:19_0234.wav,train,Northern,19_0234.wav,not_selected_under_data_budget
train:19_0235.wav,train,Northern,19_0235.wav,not_selected_under_data_budget
train:19_0236.wav,train,Northern,19_0236.wav,not_selected_under_data_budget
train:19_0237.wav,train,Northern,19_0237.wav,not_selected_under_data_budget
train:19_0243.wav,train,Northern,19_0243.wav,not_selected_under_data_budget
train:19_0245.wav,train,Northern,19_0245.wav,not_selected_under_data_budget
train:19_0246.wav,train,Northern,19_0246.wav,not_selected_under_data_budget
train:19_0247.wav,train,Northern,19_0247.wav,not_selected_under_data_budget
train:19_0250.wav,train,Northern,19_0250.wav,not_selected_under_data_budget
train:19_0251.wav,train,Northern,19_0251.wav,not_selected_under_data_budget
train:19_0252.wav,train,Northern,19_0252.wav,not_selected_under_data_budget
train:19_0253.wav,train,Northern,19_0253.wav,not_selected_under_data_budget
train:19_0255.wav,train,Northern,19_0255.wav,not_selected_under_data_budget
train:19_0262.wav,train,Northern,19_0262.wav,not_selected_under_data_budget
train:19_0264.wav,train,Northern,19_0264.wav,not_selected_under_data_budget
train:20_0001.wav,train,Northern,20_0001.wav,not_selected_under_data_budget
train:20_0002.wav,train,Northern,20_0002.wav,not_selected_under_data_budget
train:20_0003.wav,train,Northern,20_0003.wav,not_selected_under_data_budget
train:20_0004.wav,train,Northern,20_0004.wav,not_selected_under_data_budget
train:20_0005.wav,train,Northern,20_0005.wav,not_selected_under_data_budget
train:20_0006.wav,train,Northern,20_0006.wav,not_selected_under_data_budget
train:20_0007.wav,train,Northern,20_0007.wav,not_selected_under_data_budget
train:20_0008.wav,train,Northern,20_0008.wav,not_selected_under_data_budget
train:20_0009.wav,train,Northern,20_0009.wav,not_selected_under_data_budget
train:20_0010.wav,train,Northern,20_0010.wav,not_selected_under_data_budget
train:20_0011.wav,train,Northern,20_0011.wav,not_selected_under_data_budget
train:20_0012.wav,train,Northern,20_0012.wav,not_selected_under_data_budget
train:20_0013.wav,train,Northern,20_0013.wav,not_selected_under_data_budget
train:20_0014.wav,train,Northern,20_0014.wav,not_selected_under_data_budget
train:20_0015.wav,train,Northern,20_0015.wav,not_selected_under_data_budget
train:20_0016.wav,train,Northern,20_0016.wav,not_selected_under_data_budget
train:20_0017.wav,train,Northern,20_0017.wav,not_selected_under_data_budget
train:20_0018.wav,train,Northern,20_0018.wav,not_selected_under_data_budget
train:20_0019.wav,train,Northern,20_0019.wav,not_selected_under_data_budget
train:20_0020.wav,train,Northern,20_0020.wav,not_selected_under_data_budget
train:20_0021.wav,train,Northern,20_0021.wav,not_selected_under_data_budget
train:20_0022.wav,train,Northern,20_0022.wav,not_selected_under_data_budget
train:20_0023.wav,train,Northern,20_0023.wav,not_selected_under_data_budget
train:20_0024.wav,train,Northern,20_0024.wav,not_selected_under_data_budget
train:20_0025.wav,train,Northern,20_0025.wav,not_selected_under_data_budget
train:20_0026.wav,train,Northern,20_0026.wav,not_selected_under_data_budget
train:20_0027.wav,train,Northern,20_0027.wav,not_selected_under_data_budget
train:20_0028.wav,train,Northern,20_0028.wav,not_selected_under_data_budget
train:20_0029.wav,train,Northern,20_0029.wav,not_selected_under_data_budget
train:20_0030.wav,train,Northern,20_0030.wav,not_selected_under_data_budget
train:20_0031.wav,train,Northern,20_0031.wav,not_selected_under_data_budget
train:20_0032.wav,train,Northern,20_0032.wav,not_selected_under_data_budget
train:20_0033.wav,train,Northern,20_0033.wav,not_selected_under_data_budget
train:20_0034.wav,train,Northern,20_0034.wav,not_selected_under_data_budget
train:20_0035.wav,train,Northern,20_0035.wav,not_selected_under_data_budget
train:20_0036.wav,train,Northern,20_0036.wav,not_selected_under_data_budget
train:20_0037.wav,train,Northern,20_0037.wav,not_selected_under_data_budget
train:20_0038.wav,train,Northern,20_0038.wav,not_selected_under_data_budget
train:20_0039.wav,train,Northern,20_0039.wav,not_selected_under_data_budget
train:20_0040.wav,train,Northern,20_0040.wav,not_selected_under_data_budget
train:20_0041.wav,train,Northern,20_0041.wav,not_selected_under_data_budget
train:20_0042.wav,train,Northern,20_0042.wav,not_selected_under_data_budget
train:20_0043.wav,train,Northern,20_0043.wav,not_selected_under_data_budget
train:20_0044.wav,train,Northern,20_0044.wav,not_selected_under_data_budget
train:20_0045.wav,train,Northern,20_0045.wav,not_selected_under_data_budget
train:20_0046.wav,train,Northern,20_0046.wav,not_selected_under_data_budget
train:20_0047.wav,train,Northern,20_0047.wav,not_selected_under_data_budget
train:20_0048.wav,train,Northern,20_0048.wav,not_selected_under_data_budget
train:20_0049.wav,train,Northern,20_0049.wav,not_selected_under_data_budget
train:20_0050.wav,train,Northern,20_0050.wav,not_selected_under_data_budget
train:20_0051.wav,train,Northern,20_0051.wav,not_selected_under_data_budget
train:20_0052.wav,train,Northern,20_0052.wav,not_selected_under_data_budget
train:20_0053.wav,train,Northern,20_0053.wav,not_selected_under_data_budget
train:20_0054.wav,train,Northern,20_0054.wav,not_selected_under_data_budget
train:20_0055.wav,train,Northern,20_0055.wav,not_selected_under_data_budget
train:20_0056.wav,train,Northern,20_0056.wav,not_selected_under_data_budget
train:20_0057.wav,train,Northern,20_0057.wav,not_selected_under_data_budget
train:20_0058.wav,train,Northern,20_0058.wav,not_selected_under_data_budget
train:20_0059.wav,train,Northern,20_0059.wav,not_selected_under_data_budget
train:20_0060.wav,train,Northern,20_0060.wav,not_selected_under_data_budget
train:20_0061.wav,train,Northern,20_0061.wav,not_selected_under_data_budget
train:20_0062.wav,train,Northern,20_0062.wav,not_selected_under_data_budget
train:20_0063.wav,train,Northern,20_0063.wav,not_selected_under_data_budget
train:20_0064.wav,train,Northern,20_0064.wav,not_selected_under_data_budget
train:20_0065.wav,train,Northern,20_0065.wav,not_selected_under_data_budget
train:20_0066.wav,train,Northern,20_0066.wav,not_selected_under_data_budget
train:20_0067.wav,train,Northern,20_0067.wav,not_selected_under_data_budget
train:20_0068.wav,train,Northern,20_0068.wav,not_selected_under_data_budget
train:20_0069.wav,train,Northern,20_0069.wav,not_selected_under_data_budget
train:20_0070.wav,train,Northern,20_0070.wav,not_selected_under_data_budget
train:20_0071.wav,train,Northern,20_0071.wav,not_selected_under_data_budget
train:20_0072.wav,train,Northern,20_0072.wav,not_selected_under_data_budget
train:20_0073.wav,train,Northern,20_0073.wav,not_selected_under_data_budget
train:20_0074.wav,train,Northern,20_0074.wav,not_selected_under_data_budget
train:20_0075.wav,train,Northern,20_0075.wav,not_selected_under_data_budget
train:20_0076.wav,train,Northern,20_0076.wav,not_selected_under_data_budget
train:20_0077.wav,train,Northern,20_0077.wav,not_selected_under_data_budget
train:20_0078.wav,train,Northern,20_0078.wav,not_selected_under_data_budget
train:20_0079.wav,train,Northern,20_0079.wav,not_selected_under_data_budget
train:20_0080.wav,train,Northern,20_0080.wav,not_selected_under_data_budget
train:20_0081.wav,train,Northern,20_0081.wav,not_selected_under_data_budget
train:20_0082.wav,train,Northern,20_0082.wav,not_selected_under_data_budget
train:20_0083.wav,train,Northern,20_0083.wav,not_selected_under_data_budget
train:20_0084.wav,train,Northern,20_0084.wav,not_selected_under_data_budget
train:20_0085.wav,train,Northern,20_0085.wav,not_selected_under_data_budget
train:20_0086.wav,train,Northern,20_0086.wav,not_selected_under_data_budget
train:20_0087.wav,train,Northern,20_0087.wav,not_selected_under_data_budget
train:20_0088.wav,train,Northern,20_0088.wav,not_selected_under_data_budget
train:20_0089.wav,train,Northern,20_0089.wav,not_selected_under_data_budget
train:20_0090.wav,train,Northern,20_0090.wav,not_selected_under_data_budget
train:20_0091.wav,train,Northern,20_0091.wav,not_selected_under_data_budget
train:20_0092.wav,train,Northern,20_0092.wav,not_selected_under_data_budget
train:20_0093.wav,train,Northern,20_0093.wav,not_selected_under_data_budget
train:20_0094.wav,train,Northern,20_0094.wav,not_selected_under_data_budget
train:20_0095.wav,train,Northern,20_0095.wav,not_selected_under_data_budget
train:20_0096.wav,train,Northern,20_0096.wav,not_selected_under_data_budget
train:20_0097.wav,train,Northern,20_0097.wav,not_selected_under_data_budget
train:20_0098.wav,train,Northern,20_0098.wav,not_selected_under_data_budget
train:20_0099.wav,train,Northern,20_0099.wav,not_selected_under_data_budget
train:20_0100.wav,train,Northern,20_0100.wav,not_selected_under_data_budget
train:20_0101.wav,train,Northern,20_0101.wav,not_selected_under_data_budget
train:20_0102.wav,train,Northern,20_0102.wav,not_selected_under_data_budget
train:20_0103.wav,train,Northern,20_0103.wav,not_selected_under_data_budget
train:20_0104.wav,train,Northern,20_0104.wav,not_selected_under_data_budget
train:20_0105.wav,train,Northern,20_0105.wav,not_selected_under_data_budget
train:20_0106.wav,train,Northern,20_0106.wav,not_selected_under_data_budget
train:20_0107.wav,train,Northern,20_0107.wav,not_selected_under_data_budget
train:20_0108.wav,train,Northern,20_0108.wav,not_selected_under_data_budget
train:20_0109.wav,train,Northern,20_0109.wav,not_selected_under_data_budget
train:20_0110.wav,train,Northern,20_0110.wav,not_selected_under_data_budget
train:20_0111.wav,train,Northern,20_0111.wav,not_selected_under_data_budget
train:20_0112.wav,train,Northern,20_0112.wav,not_selected_under_data_budget
train:20_0113.wav,train,Northern,20_0113.wav,not_selected_under_data_budget
train:20_0114.wav,train,Northern,20_0114.wav,not_selected_under_data_budget
train:20_0115.wav,train,Northern,20_0115.wav,not_selected_under_data_budget
train:20_0116.wav,train,Northern,20_0116.wav,not_selected_under_data_budget
train:20_0117.wav,train,Northern,20_0117.wav,not_selected_under_data_budget
train:20_0118.wav,train,Northern,20_0118.wav,not_selected_under_data_budget
train:20_0119.wav,train,Northern,20_0119.wav,not_selected_under_data_budget
train:20_0120.wav,train,Northern,20_0120.wav,not_selected_under_data_budget
train:20_0121.wav,train,Northern,20_0121.wav,not_selected_under_data_budget
train:20_0122.wav,train,Northern,20_0122.wav,not_selected_under_data_budget
train:20_0123.wav,train,Northern,20_0123.wav,not_selected_under_data_budget
train:20_0124.wav,train,Northern,20_0124.wav,not_selected_under_data_budget
train:20_0125.wav,train,Northern,20_0125.wav,not_selected_under_data_budget
train:20_0126.wav,train,Northern,20_0126.wav,not_selected_under_data_budget
train:20_0127.wav,train,Northern,20_0127.wav,not_selected_under_data_budget
train:20_0128.wav,train,Northern,20_0128.wav,not_selected_under_data_budget
train:21_0024.wav,train,Northern,21_0024.wav,not_selected_under_data_budget
train:21_0025.wav,train,Northern,21_0025.wav,not_selected_under_data_budget
train:21_0026.wav,train,Northern,21_0026.wav,not_selected_under_data_budget
train:21_0027.wav,train,Northern,21_0027.wav,not_selected_under_data_budget
train:21_0028.wav,train,Northern,21_0028.wav,not_selected_under_data_budget
train:21_0029.wav,train,Northern,21_0029.wav,not_selected_under_data_budget
train:21_0030.wav,train,Northern,21_0030.wav,not_selected_under_data_budget
train:21_0031.wav,train,Northern,21_0031.wav,not_selected_under_data_budget
train:21_0032.wav,train,Northern,21_0032.wav,not_selected_under_data_budget
train:21_0033.wav,train,Northern,21_0033.wav,not_selected_under_data_budget
train:21_0034.wav,train,Northern,21_0034.wav,not_selected_under_data_budget
train:21_0035.wav,train,Northern,21_0035.wav,not_selected_under_data_budget
train:21_0036.wav,train,Northern,21_0036.wav,not_selected_under_data_budget
train:21_0037.wav,train,Northern,21_0037.wav,not_selected_under_data_budget
train:21_0038.wav,train,Northern,21_0038.wav,not_selected_under_data_budget
train:21_0039.wav,train,Northern,21_0039.wav,not_selected_under_data_budget
train:21_0040.wav,train,Northern,21_0040.wav,not_selected_under_data_budget
train:21_0041.wav,train,Northern,21_0041.wav,not_selected_under_data_budget
train:21_0042.wav,train,Northern,21_0042.wav,not_selected_under_data_budget
train:21_0043.wav,train,Northern,21_0043.wav,not_selected_under_data_budget
train:21_0044.wav,train,Northern,21_0044.wav,not_selected_under_data_budget
train:21_0045.wav,train,Northern,21_0045.wav,not_selected_under_data_budget
train:21_0046.wav,train,Northern,21_0046.wav,not_selected_under_data_budget
train:21_0047.wav,train,Northern,21_0047.wav,not_selected_under_data_budget
train:21_0048.wav,train,Northern,21_0048.wav,not_selected_under_data_budget
train:21_0049.wav,train,Northern,21_0049.wav,not_selected_under_data_budget
train:21_0050.wav,train,Northern,21_0050.wav,not_selected_under_data_budget
train:21_0051.wav,train,Northern,21_0051.wav,not_selected_under_data_budget
train:21_0052.wav,train,Northern,21_0052.wav,not_selected_under_data_budget
train:21_0053.wav,train,Northern,21_0053.wav,not_selected_under_data_budget
train:21_0054.wav,train,Northern,21_0054.wav,not_selected_under_data_budget
train:21_0055.wav,train,Northern,21_0055.wav,not_selected_under_data_budget
train:21_0056.wav,train,Northern,21_0056.wav,not_selected_under_data_budget
train:21_0057.wav,train,Northern,21_0057.wav,not_selected_under_data_budget
train:21_0058.wav,train,Northern,21_0058.wav,not_selected_under_data_budget
train:21_0059.wav,train,Northern,21_0059.wav,not_selected_under_data_budget
train:21_0060.wav,train,Northern,21_0060.wav,not_selected_under_data_budget
train:21_0061.wav,train,Northern,21_0061.wav,not_selected_under_data_budget
train:21_0062.wav,train,Northern,21_0062.wav,not_selected_under_data_budget
train:21_0063.wav,train,Northern,21_0063.wav,not_selected_under_data_budget
train:21_0064.wav,train,Northern,21_0064.wav,not_selected_under_data_budget
train:21_0065.wav,train,Northern,21_0065.wav,not_selected_under_data_budget
train:21_0066.wav,train,Northern,21_0066.wav,not_selected_under_data_budget
train:21_0067.wav,train,Northern,21_0067.wav,not_selected_under_data_budget
train:21_0068.wav,train,Northern,21_0068.wav,not_selected_under_data_budget
train:21_0069.wav,train,Northern,21_0069.wav,not_selected_under_data_budget
train:21_0070.wav,train,Northern,21_0070.wav,not_selected_under_data_budget
train:21_0071.wav,train,Northern,21_0071.wav,not_selected_under_data_budget
train:21_0072.wav,train,Northern,21_0072.wav,not_selected_under_data_budget
train:21_0073.wav,train,Northern,21_0073.wav,not_selected_under_data_budget
train:21_0074.wav,train,Northern,21_0074.wav,not_selected_under_data_budget
train:21_0075.wav,train,Northern,21_0075.wav,not_selected_under_data_budget
train:21_0076.wav,train,Northern,21_0076.wav,not_selected_under_data_budget
train:21_0077.wav,train,Northern,21_0077.wav,not_selected_under_data_budget
train:21_0078.wav,train,Northern,21_0078.wav,not_selected_under_data_budget
train:21_0079.wav,train,Northern,21_0079.wav,not_selected_under_data_budget
train:21_0080.wav,train,Northern,21_0080.wav,not_selected_under_data_budget
train:21_0081.wav,train,Northern,21_0081.wav,not_selected_under_data_budget
train:21_0082.wav,train,Northern,21_0082.wav,not_selected_under_data_budget
train:21_0083.wav,train,Northern,21_0083.wav,not_selected_under_data_budget
train:21_0084.wav,train,Northern,21_0084.wav,not_selected_under_data_budget
train:21_0085.wav,train,Northern,21_0085.wav,not_selected_under_data_budget
train:21_0086.wav,train,Northern,21_0086.wav,not_selected_under_data_budget
train:21_0087.wav,train,Northern,21_0087.wav,not_selected_under_data_budget
train:21_0088.wav,train,Northern,21_0088.wav,not_selected_under_data_budget
train:21_0089.wav,train,Northern,21_0089.wav,not_selected_under_data_budget
train:21_0090.wav,train,Northern,21_0090.wav,not_selected_under_data_budget
train:21_0091.wav,train,Northern,21_0091.wav,not_selected_under_data_budget
train:21_0092.wav,train,Northern,21_0092.wav,not_selected_under_data_budget
train:21_0093.wav,train,Northern,21_0093.wav,not_selected_under_data_budget
train:21_0094.wav,train,Northern,21_0094.wav,not_selected_under_data_budget
train:21_0095.wav,train,Northern,21_0095.wav,not_selected_under_data_budget
train:21_0096.wav,train,Northern,21_0096.wav,not_selected_under_data_budget
train:21_0097.wav,train,Northern,21_0097.wav,not_selected_under_data_budget
train:21_0098.wav,train,Northern,21_0098.wav,not_selected_under_data_budget
train:21_0099.wav,train,Northern,21_0099.wav,not_selected_under_data_budget
train:21_0100.wav,train,Northern,21_0100.wav,not_selected_under_data_budget
train:21_0101.wav,train,Northern,21_0101.wav,not_selected_under_data_budget
train:21_0102.wav,train,Northern,21_0102.wav,not_selected_under_data_budget
train:21_0103.wav,train,Northern,21_0103.wav,not_selected_under_data_budget
train:21_0104.wav,train,Northern,21_0104.wav,not_selected_under_data_budget
train:21_0105.wav,train,Northern,21_0105.wav,not_selected_under_data_budget
train:21_0106.wav,train,Northern,21_0106.wav,not_selected_under_data_budget
train:21_0107.wav,train,Northern,21_0107.wav,not_selected_under_data_budget
train:21_0108.wav,train,Northern,21_0108.wav,not_selected_under_data_budget
train:21_0109.wav,train,Northern,21_0109.wav,not_selected_under_data_budget
train:21_0110.wav,train,Northern,21_0110.wav,not_selected_under_data_budget
train:21_0111.wav,train,Northern,21_0111.wav,not_selected_under_data_budget
train:21_0112.wav,train,Northern,21_0112.wav,not_selected_under_data_budget
train:21_0113.wav,train,Northern,21_0113.wav,not_selected_under_data_budget
train:21_0114.wav,train,Northern,21_0114.wav,not_selected_under_data_budget
train:21_0115.wav,train,Northern,21_0115.wav,not_selected_under_data_budget
train:21_0116.wav,train,Northern,21_0116.wav,not_selected_under_data_budget
train:21_0117.wav,train,Northern,21_0117.wav,not_selected_under_data_budget
train:21_0118.wav,train,Northern,21_0118.wav,not_selected_under_data_budget
train:21_0119.wav,train,Northern,21_0119.wav,not_selected_under_data_budget
train:21_0120.wav,train,Northern,21_0120.wav,not_selected_under_data_budget
train:21_0121.wav,train,Northern,21_0121.wav,not_selected_under_data_budget
train:21_0122.wav,train,Northern,21_0122.wav,not_selected_under_data_budget
train:21_0123.wav,train,Northern,21_0123.wav,not_selected_under_data_budget
train:21_0124.wav,train,Northern,21_0124.wav,not_selected_under_data_budget
train:21_0125.wav,train,Northern,21_0125.wav,not_selected_under_data_budget
train:21_0126.wav,train,Northern,21_0126.wav,not_selected_under_data_budget
train:21_0127.wav,train,Northern,21_0127.wav,not_selected_under_data_budget
train:21_0128.wav,train,Northern,21_0128.wav,not_selected_under_data_budget
train:21_0129.wav,train,Northern,21_0129.wav,not_selected_under_data_budget
train:21_0130.wav,train,Northern,21_0130.wav,not_selected_under_data_budget
train:21_0131.wav,train,Northern,21_0131.wav,not_selected_under_data_budget
train:21_0132.wav,train,Northern,21_0132.wav,not_selected_under_data_budget
train:21_0133.wav,train,Northern,21_0133.wav,not_selected_under_data_budget
train:21_0134.wav,train,Northern,21_0134.wav,not_selected_under_data_budget
train:21_0135.wav,train,Northern,21_0135.wav,not_selected_under_data_budget
train:21_0136.wav,train,Northern,21_0136.wav,not_selected_under_data_budget
train:21_0137.wav,train,Northern,21_0137.wav,not_selected_under_data_budget
train:21_0138.wav,train,Northern,21_0138.wav,not_selected_under_data_budget
train:21_0139.wav,train,Northern,21_0139.wav,not_selected_under_data_budget
train:21_0140.wav,train,Northern,21_0140.wav,not_selected_under_data_budget
train:21_0141.wav,train,Northern,21_0141.wav,not_selected_under_data_budget
train:21_0142.wav,train,Northern,21_0142.wav,not_selected_under_data_budget
train:21_0143.wav,train,Northern,21_0143.wav,not_selected_under_data_budget
train:21_0144.wav,train,Northern,21_0144.wav,not_selected_under_data_budget
train:21_0145.wav,train,Northern,21_0145.wav,not_selected_under_data_budget
train:21_0146.wav,train,Northern,21_0146.wav,not_selected_under_data_budget
train:21_0147.wav,train,Northern,21_0147.wav,not_selected_under_data_budget
train:21_0148.wav,train,Northern,21_0148.wav,not_selected_under_data_budget
train:21_0149.wav,train,Northern,21_0149.wav,not_selected_under_data_budget
train:21_0150.wav,train,Northern,21_0150.wav,not_selected_under_data_budget
train:21_0151.wav,train,Northern,21_0151.wav,not_selected_under_data_budget
train:21_0152.wav,train,Northern,21_0152.wav,not_selected_under_data_budget
train:21_0153.wav,train,Northern,21_0153.wav,not_selected_under_data_budget
train:21_0154.wav,train,Northern,21_0154.wav,not_selected_under_data_budget
train:21_0155.wav,train,Northern,21_0155.wav,not_selected_under_data_budget
train:21_0156.wav,train,Northern,21_0156.wav,not_selected_under_data_budget
train:21_0157.wav,train,Northern,21_0157.wav,not_selected_under_data_budget
train:21_0158.wav,train,Northern,21_0158.wav,not_selected_under_data_budget
train:21_0159.wav,train,Northern,21_0159.wav,not_selected_under_data_budget
train:21_0160.wav,train,Northern,21_0160.wav,not_selected_under_data_budget
train:21_0161.wav,train,Northern,21_0161.wav,not_selected_under_data_budget
train:21_0162.wav,train,Northern,21_0162.wav,not_selected_under_data_budget
train:21_0163.wav,train,Northern,21_0163.wav,not_selected_under_data_budget
train:21_0164.wav,train,Northern,21_0164.wav,not_selected_under_data_budget
train:21_0165.wav,train,Northern,21_0165.wav,not_selected_under_data_budget
train:21_0166.wav,train,Northern,21_0166.wav,not_selected_under_data_budget
train:21_0167.wav,train,Northern,21_0167.wav,not_selected_under_data_budget
train:21_0168.wav,train,Northern,21_0168.wav,not_selected_under_data_budget
train:21_0169.wav,train,Northern,21_0169.wav,not_selected_under_data_budget
train:25_0089.wav,train,Northern,25_0089.wav,not_selected_under_data_budget
train:25_0090.wav,train,Northern,25_0090.wav,not_selected_under_data_budget
train:25_0091.wav,train,Northern,25_0091.wav,not_selected_under_data_budget
train:25_0092.wav,train,Northern,25_0092.wav,not_selected_under_data_budget
train:25_0093.wav,train,Northern,25_0093.wav,not_selected_under_data_budget
train:25_0094.wav,train,Northern,25_0094.wav,not_selected_under_data_budget
train:25_0095.wav,train,Northern,25_0095.wav,not_selected_under_data_budget
train:25_0096.wav,train,Northern,25_0096.wav,not_selected_under_data_budget
train:25_0097.wav,train,Northern,25_0097.wav,not_selected_under_data_budget
train:25_0098.wav,train,Northern,25_0098.wav,not_selected_under_data_budget
train:25_0099.wav,train,Northern,25_0099.wav,not_selected_under_data_budget
train:25_0100.wav,train,Northern,25_0100.wav,not_selected_under_data_budget
train:25_0101.wav,train,Northern,25_0101.wav,not_selected_under_data_budget
train:25_0102.wav,train,Northern,25_0102.wav,not_selected_under_data_budget
train:25_0103.wav,train,Northern,25_0103.wav,not_selected_under_data_budget
train:25_0104.wav,train,Northern,25_0104.wav,not_selected_under_data_budget
train:25_0105.wav,train,Northern,25_0105.wav,not_selected_under_data_budget
train:25_0106.wav,train,Northern,25_0106.wav,not_selected_under_data_budget
train:25_0107.wav,train,Northern,25_0107.wav,not_selected_under_data_budget
train:25_0108.wav,train,Northern,25_0108.wav,not_selected_under_data_budget
train:25_0109.wav,train,Northern,25_0109.wav,not_selected_under_data_budget
train:25_0110.wav,train,Northern,25_0110.wav,not_selected_under_data_budget
train:25_0111.wav,train,Northern,25_0111.wav,not_selected_under_data_budget
train:25_0112.wav,train,Northern,25_0112.wav,not_selected_under_data_budget
train:25_0113.wav,train,Northern,25_0113.wav,not_selected_under_data_budget
train:25_0114.wav,train,Northern,25_0114.wav,not_selected_under_data_budget
train:25_0115.wav,train,Northern,25_0115.wav,not_selected_under_data_budget
train:25_0116.wav,train,Northern,25_0116.wav,not_selected_under_data_budget
train:25_0117.wav,train,Northern,25_0117.wav,not_selected_under_data_budget
train:25_0118.wav,train,Northern,25_0118.wav,not_selected_under_data_budget
train:25_0119.wav,train,Northern,25_0119.wav,not_selected_under_data_budget
train:25_0120.wav,train,Northern,25_0120.wav,not_selected_under_data_budget
train:25_0121.wav,train,Northern,25_0121.wav,not_selected_under_data_budget
train:25_0122.wav,train,Northern,25_0122.wav,not_selected_under_data_budget
train:25_0123.wav,train,Northern,25_0123.wav,not_selected_under_data_budget
train:25_0124.wav,train,Northern,25_0124.wav,not_selected_under_data_budget
train:25_0125.wav,train,Northern,25_0125.wav,not_selected_under_data_budget
train:25_0126.wav,train,Northern,25_0126.wav,not_selected_under_data_budget
train:25_0127.wav,train,Northern,25_0127.wav,not_selected_under_data_budget
train:25_0128.wav,train,Northern,25_0128.wav,not_selected_under_data_budget
train:25_0129.wav,train,Northern,25_0129.wav,not_selected_under_data_budget
train:25_0130.wav,train,Northern,25_0130.wav,not_selected_under_data_budget
train:25_0131.wav,train,Northern,25_0131.wav,not_selected_under_data_budget
train:25_0132.wav,train,Northern,25_0132.wav,not_selected_under_data_budget
train:25_0133.wav,train,Northern,25_0133.wav,not_selected_under_data_budget
train:25_0134.wav,train,Northern,25_0134.wav,not_selected_under_data_budget
train:25_0135.wav,train,Northern,25_0135.wav,not_selected_under_data_budget
train:25_0136.wav,train,Northern,25_0136.wav,not_selected_under_data_budget
train:25_0137.wav,train,Northern,25_0137.wav,not_selected_under_data_budget
train:25_0138.wav,train,Northern,25_0138.wav,not_selected_under_data_budget
train:25_0139.wav,train,Northern,25_0139.wav,not_selected_under_data_budget
train:25_0140.wav,train,Northern,25_0140.wav,not_selected_under_data_budget
train:25_0141.wav,train,Northern,25_0141.wav,not_selected_under_data_budget
train:25_0142.wav,train,Northern,25_0142.wav,not_selected_under_data_budget
train:25_0143.wav,train,Northern,25_0143.wav,not_selected_under_data_budget
train:25_0144.wav,train,Northern,25_0144.wav,not_selected_under_data_budget
train:25_0145.wav,train,Northern,25_0145.wav,not_selected_under_data_budget
train:25_0146.wav,train,Northern,25_0146.wav,not_selected_under_data_budget
train:25_0147.wav,train,Northern,25_0147.wav,not_selected_under_data_budget
train:25_0148.wav,train,Northern,25_0148.wav,not_selected_under_data_budget
train:25_0149.wav,train,Northern,25_0149.wav,not_selected_under_data_budget
train:25_0150.wav,train,Northern,25_0150.wav,not_selected_under_data_budget
train:25_0151.wav,train,Northern,25_0151.wav,not_selected_under_data_budget
train:25_0152.wav,train,Northern,25_0152.wav,not_selected_under_data_budget
train:25_0153.wav,train,Northern,25_0153.wav,not_selected_under_data_budget
train:25_0154.wav,train,Northern,25_0154.wav,not_selected_under_data_budget
train:25_0155.wav,train,Northern,25_0155.wav,not_selected_under_data_budget
train:25_0156.wav,train,Northern,25_0156.wav,not_selected_under_data_budget
train:25_0157.wav,train,Northern,25_0157.wav,not_selected_under_data_budget
train:25_0158.wav,train,Northern,25_0158.wav,not_selected_under_data_budget
train:25_0159.wav,train,Northern,25_0159.wav,not_selected_under_data_budget
train:25_0160.wav,train,Northern,25_0160.wav,not_selected_under_data_budget
train:25_0161.wav,train,Northern,25_0161.wav,not_selected_under_data_budget
train:25_0162.wav,train,Northern,25_0162.wav,not_selected_under_data_budget
train:25_0163.wav,train,Northern,25_0163.wav,not_selected_under_data_budget
train:25_0164.wav,train,Northern,25_0164.wav,not_selected_under_data_budget
train:25_0165.wav,train,Northern,25_0165.wav,not_selected_under_data_budget
train:25_0166.wav,train,Northern,25_0166.wav,not_selected_under_data_budget
train:25_0167.wav,train,Northern,25_0167.wav,not_selected_under_data_budget
train:25_0168.wav,train,Northern,25_0168.wav,not_selected_under_data_budget
train:25_0169.wav,train,Northern,25_0169.wav,not_selected_under_data_budget
train:25_0170.wav,train,Northern,25_0170.wav,not_selected_under_data_budget
train:25_0171.wav,train,Northern,25_0171.wav,not_selected_under_data_budget
train:25_0172.wav,train,Northern,25_0172.wav,not_selected_under_data_budget
train:25_0173.wav,train,Northern,25_0173.wav,not_selected_under_data_budget
train:25_0174.wav,train,Northern,25_0174.wav,not_selected_under_data_budget
train:25_0175.wav,train,Northern,25_0175.wav,not_selected_under_data_budget
train:25_0176.wav,train,Northern,25_0176.wav,not_selected_under_data_budget
train:25_0177.wav,train,Northern,25_0177.wav,not_selected_under_data_budget
train:25_0178.wav,train,Northern,25_0178.wav,not_selected_under_data_budget
train:25_0179.wav,train,Northern,25_0179.wav,not_selected_under_data_budget
train:25_0180.wav,train,Northern,25_0180.wav,not_selected_under_data_budget
train:25_0181.wav,train,Northern,25_0181.wav,not_selected_under_data_budget
train:25_0182.wav,train,Northern,25_0182.wav,not_selected_under_data_budget
train:25_0183.wav,train,Northern,25_0183.wav,not_selected_under_data_budget
train:25_0184.wav,train,Northern,25_0184.wav,not_selected_under_data_budget
train:25_0185.wav,train,Northern,25_0185.wav,not_selected_under_data_budget
train:25_0186.wav,train,Northern,25_0186.wav,not_selected_under_data_budget
train:25_0187.wav,train,Northern,25_0187.wav,not_selected_under_data_budget
train:25_0188.wav,train,Northern,25_0188.wav,not_selected_under_data_budget
train:25_0189.wav,train,Northern,25_0189.wav,not_selected_under_data_budget
train:25_0190.wav,train,Northern,25_0190.wav,not_selected_under_data_budget
train:25_0191.wav,train,Northern,25_0191.wav,not_selected_under_data_budget
train:25_0192.wav,train,Northern,25_0192.wav,not_selected_under_data_budget
train:25_0193.wav,train,Northern,25_0193.wav,not_selected_under_data_budget
train:25_0194.wav,train,Northern,25_0194.wav,not_selected_under_data_budget
train:25_0195.wav,train,Northern,25_0195.wav,not_selected_under_data_budget
train:25_0196.wav,train,Northern,25_0196.wav,not_selected_under_data_budget
train:25_0197.wav,train,Northern,25_0197.wav,not_selected_under_data_budget
train:25_0198.wav,train,Northern,25_0198.wav,not_selected_under_data_budget
train:25_0199.wav,train,Northern,25_0199.wav,not_selected_under_data_budget
train:25_0200.wav,train,Northern,25_0200.wav,not_selected_under_data_budget
train:25_0201.wav,train,Northern,25_0201.wav,not_selected_under_data_budget
train:25_0202.wav,train,Northern,25_0202.wav,not_selected_under_data_budget
train:25_0203.wav,train,Northern,25_0203.wav,not_selected_under_data_budget
train:25_0204.wav,train,Northern,25_0204.wav,not_selected_under_data_budget
train:25_0205.wav,train,Northern,25_0205.wav,not_selected_under_data_budget
train:25_0206.wav,train,Northern,25_0206.wav,not_selected_under_data_budget
train:25_0207.wav,train,Northern,25_0207.wav,not_selected_under_data_budget
train:25_0208.wav,train,Northern,25_0208.wav,not_selected_under_data_budget
train:25_0209.wav,train,Northern,25_0209.wav,not_selected_under_data_budget
train:25_0210.wav,train,Northern,25_0210.wav,not_selected_under_data_budget
train:25_0211.wav,train,Northern,25_0211.wav,not_selected_under_data_budget
train:25_0212.wav,train,Northern,25_0212.wav,not_selected_under_data_budget
train:25_0213.wav,train,Northern,25_0213.wav,not_selected_under_data_budget
train:25_0214.wav,train,Northern,25_0214.wav,not_selected_under_data_budget
train:25_0215.wav,train,Northern,25_0215.wav,not_selected_under_data_budget
train:25_0216.wav,train,Northern,25_0216.wav,not_selected_under_data_budget
train:25_0217.wav,train,Northern,25_0217.wav,not_selected_under_data_budget
train:25_0218.wav,train,Northern,25_0218.wav,not_selected_under_data_budget
train:25_0219.wav,train,Northern,25_0219.wav,not_selected_under_data_budget
train:25_0220.wav,train,Northern,25_0220.wav,not_selected_under_data_budget
train:25_0221.wav,train,Northern,25_0221.wav,not_selected_under_data_budget
train:25_0222.wav,train,Northern,25_0222.wav,not_selected_under_data_budget
train:25_0223.wav,train,Northern,25_0223.wav,not_selected_under_data_budget
train:25_0224.wav,train,Northern,25_0224.wav,not_selected_under_data_budget
train:25_0225.wav,train,Northern,25_0225.wav,not_selected_under_data_budget
train:25_0226.wav,train,Northern,25_0226.wav,not_selected_under_data_budget
train:25_0227.wav,train,Northern,25_0227.wav,not_selected_under_data_budget
train:25_0228.wav,train,Northern,25_0228.wav,not_selected_under_data_budget
train:25_0229.wav,train,Northern,25_0229.wav,not_selected_under_data_budget
train:25_0230.wav,train,Northern,25_0230.wav,not_selected_under_data_budget
train:25_0231.wav,train,Northern,25_0231.wav,not_selected_under_data_budget
train:25_0232.wav,train,Northern,25_0232.wav,not_selected_under_data_budget
train:25_0233.wav,train,Northern,25_0233.wav,not_selected_under_data_budget
train:25_0234.wav,train,Northern,25_0234.wav,not_selected_under_data_budget
train:27_0051.wav,train,Northern,27_0051.wav,not_selected_under_data_budget
train:27_0052.wav,train,Northern,27_0052.wav,not_selected_under_data_budget
train:27_0053.wav,train,Northern,27_0053.wav,not_selected_under_data_budget
train:27_0054.wav,train,Northern,27_0054.wav,not_selected_under_data_budget
train:27_0055.wav,train,Northern,27_0055.wav,not_selected_under_data_budget
train:27_0056.wav,train,Northern,27_0056.wav,not_selected_under_data_budget
train:27_0057.wav,train,Northern,27_0057.wav,not_selected_under_data_budget
train:27_0058.wav,train,Northern,27_0058.wav,not_selected_under_data_budget
train:27_0059.wav,train,Northern,27_0059.wav,not_selected_under_data_budget
train:27_0060.wav,train,Northern,27_0060.wav,not_selected_under_data_budget
train:27_0061.wav,train,Northern,27_0061.wav,not_selected_under_data_budget
train:27_0062.wav,train,Northern,27_0062.wav,not_selected_under_data_budget
train:27_0063.wav,train,Northern,27_0063.wav,not_selected_under_data_budget
train:27_0064.wav,train,Northern,27_0064.wav,not_selected_under_data_budget
train:27_0065.wav,train,Northern,27_0065.wav,not_selected_under_data_budget
train:27_0066.wav,train,Northern,27_0066.wav,not_selected_under_data_budget
train:27_0067.wav,train,Northern,27_0067.wav,not_selected_under_data_budget
train:27_0068.wav,train,Northern,27_0068.wav,not_selected_under_data_budget
train:27_0069.wav,train,Northern,27_0069.wav,not_selected_under_data_budget
train:27_0070.wav,train,Northern,27_0070.wav,not_selected_under_data_budget
train:27_0071.wav,train,Northern,27_0071.wav,not_selected_under_data_budget
train:27_0072.wav,train,Northern,27_0072.wav,not_selected_under_data_budget
train:27_0073.wav,train,Northern,27_0073.wav,not_selected_under_data_budget
train:27_0074.wav,train,Northern,27_0074.wav,not_selected_under_data_budget
train:27_0075.wav,train,Northern,27_0075.wav,not_selected_under_data_budget
train:27_0076.wav,train,Northern,27_0076.wav,not_selected_under_data_budget
train:27_0077.wav,train,Northern,27_0077.wav,not_selected_under_data_budget
train:27_0078.wav,train,Northern,27_0078.wav,not_selected_under_data_budget
train:27_0079.wav,train,Northern,27_0079.wav,not_selected_under_data_budget
train:27_0080.wav,train,Northern,27_0080.wav,not_selected_under_data_budget
train:27_0081.wav,train,Northern,27_0081.wav,not_selected_under_data_budget
train:27_0082.wav,train,Northern,27_0082.wav,not_selected_under_data_budget
train:27_0083.wav,train,Northern,27_0083.wav,not_selected_under_data_budget
train:27_0084.wav,train,Northern,27_0084.wav,not_selected_under_data_budget
train:27_0085.wav,train,Northern,27_0085.wav,not_selected_under_data_budget
train:27_0086.wav,train,Northern,27_0086.wav,not_selected_under_data_budget
train:27_0087.wav,train,Northern,27_0087.wav,not_selected_under_data_budget
train:27_0088.wav,train,Northern,27_0088.wav,not_selected_under_data_budget
train:27_0089.wav,train,Northern,27_0089.wav,not_selected_under_data_budget
train:27_0090.wav,train,Northern,27_0090.wav,not_selected_under_data_budget
train:27_0091.wav,train,Northern,27_0091.wav,not_selected_under_data_budget
train:27_0092.wav,train,Northern,27_0092.wav,not_selected_under_data_budget
train:27_0093.wav,train,Northern,27_0093.wav,not_selected_under_data_budget
train:27_0094.wav,train,Northern,27_0094.wav,not_selected_under_data_budget
train:27_0095.wav,train,Northern,27_0095.wav,not_selected_under_data_budget
train:27_0096.wav,train,Northern,27_0096.wav,not_selected_under_data_budget
train:27_0097.wav,train,Northern,27_0097.wav,not_selected_under_data_budget
train:27_0098.wav,train,Northern,27_0098.wav,not_selected_under_data_budget
train:27_0099.wav,train,Northern,27_0099.wav,not_selected_under_data_budget
train:27_0100.wav,train,Northern,27_0100.wav,not_selected_under_data_budget
train:27_0101.wav,train,Northern,27_0101.wav,not_selected_under_data_budget
train:27_0102.wav,train,Northern,27_0102.wav,not_selected_under_data_budget
train:27_0103.wav,train,Northern,27_0103.wav,not_selected_under_data_budget
train:27_0104.wav,train,Northern,27_0104.wav,not_selected_under_data_budget
train:27_0105.wav,train,Northern,27_0105.wav,not_selected_under_data_budget
train:27_0106.wav,train,Northern,27_0106.wav,not_selected_under_data_budget
train:27_0107.wav,train,Northern,27_0107.wav,not_selected_under_data_budget
train:27_0108.wav,train,Northern,27_0108.wav,not_selected_under_data_budget
train:27_0109.wav,train,Northern,27_0109.wav,not_selected_under_data_budget
train:27_0110.wav,train,Northern,27_0110.wav,not_selected_under_data_budget
train:27_0111.wav,train,Northern,27_0111.wav,not_selected_under_data_budget
train:27_0112.wav,train,Northern,27_0112.wav,not_selected_under_data_budget
train:27_0113.wav,train,Northern,27_0113.wav,not_selected_under_data_budget
train:27_0114.wav,train,Northern,27_0114.wav,not_selected_under_data_budget
train:27_0115.wav,train,Northern,27_0115.wav,not_selected_under_data_budget
train:27_0116.wav,train,Northern,27_0116.wav,not_selected_under_data_budget
train:27_0117.wav,train,Northern,27_0117.wav,not_selected_under_data_budget
train:27_0118.wav,train,Northern,27_0118.wav,not_selected_under_data_budget
train:27_0119.wav,train,Northern,27_0119.wav,not_selected_under_data_budget
train:27_0120.wav,train,Northern,27_0120.wav,not_selected_under_data_budget
train:27_0121.wav,train,Northern,27_0121.wav,not_selected_under_data_budget
train:27_0122.wav,train,Northern,27_0122.wav,not_selected_under_data_budget
train:27_0123.wav,train,Northern,27_0123.wav,not_selected_under_data_budget
train:27_0124.wav,train,Northern,27_0124.wav,not_selected_under_data_budget
train:27_0125.wav,train,Northern,27_0125.wav,not_selected_under_data_budget
train:27_0126.wav,train,Northern,27_0126.wav,not_selected_under_data_budget
train:27_0127.wav,train,Northern,27_0127.wav,not_selected_under_data_budget
train:27_0128.wav,train,Northern,27_0128.wav,not_selected_under_data_budget
train:27_0129.wav,train,Northern,27_0129.wav,not_selected_under_data_budget
train:27_0130.wav,train,Northern,27_0130.wav,not_selected_under_data_budget
train:27_0131.wav,train,Northern,27_0131.wav,not_selected_under_data_budget
train:27_0132.wav,train,Northern,27_0132.wav,not_selected_under_data_budget
train:27_0133.wav,train,Northern,27_0133.wav,not_selected_under_data_budget
train:27_0134.wav,train,Northern,27_0134.wav,not_selected_under_data_budget
train:27_0135.wav,train,Northern,27_0135.wav,not_selected_under_data_budget
train:27_0136.wav,train,Northern,27_0136.wav,not_selected_under_data_budget
train:27_0137.wav,train,Northern,27_0137.wav,not_selected_under_data_budget
train:27_0138.wav,train,Northern,27_0138.wav,not_selected_under_data_budget
train:27_0139.wav,train,Northern,27_0139.wav,not_selected_under_data_budget
train:27_0140.wav,train,Northern,27_0140.wav,not_selected_under_data_budget
train:27_0141.wav,train,Northern,27_0141.wav,not_selected_under_data_budget
train:27_0142.wav,train,Northern,27_0142.wav,not_selected_under_data_budget
train:27_0143.wav,train,Northern,27_0143.wav,not_selected_under_data_budget
train:27_0144.wav,train,Northern,27_0144.wav,not_selected_under_data_budget
train:27_0145.wav,train,Northern,27_0145.wav,not_selected_under_data_budget
train:27_0146.wav,train,Northern,27_0146.wav,not_selected_under_data_budget
train:27_0147.wav,train,Northern,27_0147.wav,not_selected_under_data_budget
train:27_0148.wav,train,Northern,27_0148.wav,not_selected_under_data_budget
train:27_0149.wav,train,Northern,27_0149.wav,not_selected_under_data_budget
train:27_0150.wav,train,Northern,27_0150.wav,not_selected_under_data_budget
train:27_0151.wav,train,Northern,27_0151.wav,not_selected_under_data_budget
train:27_0152.wav,train,Northern,27_0152.wav,not_selected_under_data_budget
train:27_0153.wav,train,Northern,27_0153.wav,not_selected_under_data_budget
train:27_0154.wav,train,Northern,27_0154.wav,not_selected_under_data_budget
train:27_0155.wav,train,Northern,27_0155.wav,not_selected_under_data_budget
train:27_0156.wav,train,Northern,27_0156.wav,not_selected_under_data_budget
train:27_0157.wav,train,Northern,27_0157.wav,not_selected_under_data_budget
train:27_0158.wav,train,Northern,27_0158.wav,not_selected_under_data_budget
train:27_0159.wav,train,Northern,27_0159.wav,not_selected_under_data_budget
train:27_0160.wav,train,Northern,27_0160.wav,not_selected_under_data_budget
train:27_0161.wav,train,Northern,27_0161.wav,not_selected_under_data_budget
train:27_0162.wav,train,Northern,27_0162.wav,not_selected_under_data_budget
train:27_0163.wav,train,Northern,27_0163.wav,not_selected_under_data_budget
train:27_0164.wav,train,Northern,27_0164.wav,not_selected_under_data_budget
train:27_0165.wav,train,Northern,27_0165.wav,not_selected_under_data_budget
train:27_0166.wav,train,Northern,27_0166.wav,not_selected_under_data_budget
train:27_0167.wav,train,Northern,27_0167.wav,not_selected_under_data_budget
train:27_0168.wav,train,Northern,27_0168.wav,not_selected_under_data_budget
train:27_0169.wav,train,Northern,27_0169.wav,not_selected_under_data_budget
train:27_0170.wav,train,Northern,27_0170.wav,not_selected_under_data_budget
train:27_0171.wav,train,Northern,27_0171.wav,not_selected_under_data_budget
train:27_0172.wav,train,Northern,27_0172.wav,not_selected_under_data_budget
train:27_0173.wav,train,Northern,27_0173.wav,not_selected_under_data_budget
train:27_0174.wav,train,Northern,27_0174.wav,not_selected_under_data_budget
train:27_0175.wav,train,Northern,27_0175.wav,not_selected_under_data_budget
train:27_0176.wav,train,Northern,27_0176.wav,not_selected_under_data_budget
train:27_0177.wav,train,Northern,27_0177.wav,not_selected_under_data_budget
train:27_0178.wav,train,Northern,27_0178.wav,not_selected_under_data_budget
train:27_0179.wav,train,Northern,27_0179.wav,not_selected_under_data_budget
train:27_0180.wav,train,Northern,27_0180.wav,not_selected_under_data_budget
train:27_0181.wav,train,Northern,27_0181.wav,not_selected_under_data_budget
train:27_0182.wav,train,Northern,27_0182.wav,not_selected_under_data_budget
train:27_0183.wav,train,Northern,27_0183.wav,not_selected_under_data_budget
train:27_0184.wav,train,Northern,27_0184.wav,not_selected_under_data_budget
train:27_0185.wav,train,Northern,27_0185.wav,not_selected_under_data_budget
train:27_0186.wav,train,Northern,27_0186.wav,not_selected_under_data_budget
train:27_0189.wav,train,Northern,27_0189.wav,not_selected_under_data_budget
train:27_0190.wav,train,Northern,27_0190.wav,not_selected_under_data_budget
train:27_0191.wav,train,Northern,27_0191.wav,not_selected_under_data_budget
train:27_0192.wav,train,Northern,27_0192.wav,not_selected_under_data_budget
train:27_0193.wav,train,Northern,27_0193.wav,not_selected_under_data_budget
train:27_0194.wav,train,Northern,27_0194.wav,not_selected_under_data_budget
train:27_0195.wav,train,Northern,27_0195.wav,not_selected_under_data_budget
train:27_0196.wav,train,Northern,27_0196.wav,not_selected_under_data_budget
train:27_0197.wav,train,Northern,27_0197.wav,not_selected_under_data_budget
train:27_0198.wav,train,Northern,27_0198.wav,not_selected_under_data_budget
train:28_0118.wav,train,Northern,28_0118.wav,not_selected_under_data_budget
train:28_0119.wav,train,Northern,28_0119.wav,not_selected_under_data_budget
train:28_0120.wav,train,Northern,28_0120.wav,not_selected_under_data_budget
train:28_0121.wav,train,Northern,28_0121.wav,not_selected_under_data_budget
train:28_0122.wav,train,Northern,28_0122.wav,not_selected_under_data_budget
train:28_0123.wav,train,Northern,28_0123.wav,not_selected_under_data_budget
train:28_0124.wav,train,Northern,28_0124.wav,not_selected_under_data_budget
train:28_0125.wav,train,Northern,28_0125.wav,not_selected_under_data_budget
train:28_0126.wav,train,Northern,28_0126.wav,not_selected_under_data_budget
train:28_0127.wav,train,Northern,28_0127.wav,not_selected_under_data_budget
train:28_0128.wav,train,Northern,28_0128.wav,not_selected_under_data_budget
train:28_0129.wav,train,Northern,28_0129.wav,not_selected_under_data_budget
train:28_0130.wav,train,Northern,28_0130.wav,not_selected_under_data_budget
train:28_0131.wav,train,Northern,28_0131.wav,not_selected_under_data_budget
train:28_0132.wav,train,Northern,28_0132.wav,not_selected_under_data_budget
train:28_0133.wav,train,Northern,28_0133.wav,not_selected_under_data_budget
train:28_0134.wav,train,Northern,28_0134.wav,not_selected_under_data_budget
train:28_0135.wav,train,Northern,28_0135.wav,not_selected_under_data_budget
train:28_0136.wav,train,Northern,28_0136.wav,not_selected_under_data_budget
train:28_0137.wav,train,Northern,28_0137.wav,not_selected_under_data_budget
train:28_0138.wav,train,Northern,28_0138.wav,not_selected_under_data_budget
train:28_0139.wav,train,Northern,28_0139.wav,not_selected_under_data_budget
train:28_0140.wav,train,Northern,28_0140.wav,not_selected_under_data_budget
train:28_0141.wav,train,Northern,28_0141.wav,not_selected_under_data_budget
train:28_0142.wav,train,Northern,28_0142.wav,not_selected_under_data_budget
train:28_0143.wav,train,Northern,28_0143.wav,not_selected_under_data_budget
train:28_0144.wav,train,Northern,28_0144.wav,not_selected_under_data_budget
train:28_0145.wav,train,Northern,28_0145.wav,not_selected_under_data_budget
train:28_0146.wav,train,Northern,28_0146.wav,not_selected_under_data_budget
train:28_0147.wav,train,Northern,28_0147.wav,not_selected_under_data_budget
train:28_0148.wav,train,Northern,28_0148.wav,not_selected_under_data_budget
train:28_0149.wav,train,Northern,28_0149.wav,not_selected_under_data_budget
train:28_0150.wav,train,Northern,28_0150.wav,not_selected_under_data_budget
train:28_0151.wav,train,Northern,28_0151.wav,not_selected_under_data_budget
train:28_0152.wav,train,Northern,28_0152.wav,not_selected_under_data_budget
train:28_0153.wav,train,Northern,28_0153.wav,not_selected_under_data_budget
train:28_0154.wav,train,Northern,28_0154.wav,not_selected_under_data_budget
train:28_0155.wav,train,Northern,28_0155.wav,not_selected_under_data_budget
train:28_0156.wav,train,Northern,28_0156.wav,not_selected_under_data_budget
train:28_0157.wav,train,Northern,28_0157.wav,not_selected_under_data_budget
train:28_0158.wav,train,Northern,28_0158.wav,not_selected_under_data_budget
train:28_0159.wav,train,Northern,28_0159.wav,not_selected_under_data_budget
train:28_0160.wav,train,Northern,28_0160.wav,not_selected_under_data_budget
train:28_0161.wav,train,Northern,28_0161.wav,not_selected_under_data_budget
train:28_0162.wav,train,Northern,28_0162.wav,not_selected_under_data_budget
train:28_0163.wav,train,Northern,28_0163.wav,not_selected_under_data_budget
train:28_0164.wav,train,Northern,28_0164.wav,not_selected_under_data_budget
train:28_0165.wav,train,Northern,28_0165.wav,not_selected_under_data_budget
train:28_0166.wav,train,Northern,28_0166.wav,not_selected_under_data_budget
train:28_0167.wav,train,Northern,28_0167.wav,not_selected_under_data_budget
train:28_0168.wav,train,Northern,28_0168.wav,not_selected_under_data_budget
train:28_0169.wav,train,Northern,28_0169.wav,not_selected_under_data_budget
train:28_0170.wav,train,Northern,28_0170.wav,not_selected_under_data_budget
train:28_0171.wav,train,Northern,28_0171.wav,not_selected_under_data_budget
train:28_0172.wav,train,Northern,28_0172.wav,not_selected_under_data_budget
train:28_0173.wav,train,Northern,28_0173.wav,not_selected_under_data_budget
train:28_0174.wav,train,Northern,28_0174.wav,not_selected_under_data_budget
train:28_0175.wav,train,Northern,28_0175.wav,not_selected_under_data_budget
train:28_0176.wav,train,Northern,28_0176.wav,not_selected_under_data_budget
train:28_0177.wav,train,Northern,28_0177.wav,not_selected_under_data_budget
train:28_0178.wav,train,Northern,28_0178.wav,not_selected_under_data_budget
train:28_0179.wav,train,Northern,28_0179.wav,not_selected_under_data_budget
train:28_0180.wav,train,Northern,28_0180.wav,not_selected_under_data_budget
train:28_0181.wav,train,Northern,28_0181.wav,not_selected_under_data_budget
train:28_0182.wav,train,Northern,28_0182.wav,not_selected_under_data_budget
train:28_0183.wav,train,Northern,28_0183.wav,not_selected_under_data_budget
train:28_0184.wav,train,Northern,28_0184.wav,not_selected_under_data_budget
train:28_0185.wav,train,Northern,28_0185.wav,not_selected_under_data_budget
train:28_0186.wav,train,Northern,28_0186.wav,not_selected_under_data_budget
train:28_0187.wav,train,Northern,28_0187.wav,not_selected_under_data_budget
train:28_0188.wav,train,Northern,28_0188.wav,not_selected_under_data_budget
train:28_0189.wav,train,Northern,28_0189.wav,not_selected_under_data_budget
train:28_0190.wav,train,Northern,28_0190.wav,not_selected_under_data_budget
train:28_0191.wav,train,Northern,28_0191.wav,not_selected_under_data_budget
train:28_0192.wav,train,Northern,28_0192.wav,not_selected_under_data_budget
train:28_0193.wav,train,Northern,28_0193.wav,not_selected_under_data_budget
train:28_0194.wav,train,Northern,28_0194.wav,not_selected_under_data_budget
train:28_0195.wav,train,Northern,28_0195.wav,not_selected_under_data_budget
train:28_0196.wav,train,Northern,28_0196.wav,not_selected_under_data_budget
train:28_0197.wav,train,Northern,28_0197.wav,not_selected_under_data_budget
train:28_0198.wav,train,Northern,28_0198.wav,not_selected_under_data_budget
train:28_0199.wav,train,Northern,28_0199.wav,not_selected_under_data_budget
train:28_0200.wav,train,Northern,28_0200.wav,not_selected_under_data_budget
train:28_0201.wav,train,Northern,28_0201.wav,not_selected_under_data_budget
train:28_0202.wav,train,Northern,28_0202.wav,not_selected_under_data_budget
train:28_0203.wav,train,Northern,28_0203.wav,not_selected_under_data_budget
train:28_0204.wav,train,Northern,28_0204.wav,not_selected_under_data_budget
train:28_0205.wav,train,Northern,28_0205.wav,not_selected_under_data_budget
train:28_0206.wav,train,Northern,28_0206.wav,not_selected_under_data_budget
train:28_0207.wav,train,Northern,28_0207.wav,not_selected_under_data_budget
train:28_0208.wav,train,Northern,28_0208.wav,not_selected_under_data_budget
train:28_0209.wav,train,Northern,28_0209.wav,not_selected_under_data_budget
train:28_0210.wav,train,Northern,28_0210.wav,not_selected_under_data_budget
train:28_0211.wav,train,Northern,28_0211.wav,not_selected_under_data_budget
train:28_0212.wav,train,Northern,28_0212.wav,not_selected_under_data_budget
train:28_0213.wav,train,Northern,28_0213.wav,not_selected_under_data_budget
train:28_0214.wav,train,Northern,28_0214.wav,not_selected_under_data_budget
train:28_0215.wav,train,Northern,28_0215.wav,not_selected_under_data_budget
train:28_0216.wav,train,Northern,28_0216.wav,not_selected_under_data_budget
train:28_0217.wav,train,Northern,28_0217.wav,not_selected_under_data_budget
train:28_0231.wav,train,Northern,28_0231.wav,not_selected_under_data_budget
train:28_0232.wav,train,Northern,28_0232.wav,not_selected_under_data_budget
train:28_0233.wav,train,Northern,28_0233.wav,not_selected_under_data_budget
train:30_0001.wav,train,Northern,30_0001.wav,not_selected_under_data_budget
train:30_0002.wav,train,Northern,30_0002.wav,not_selected_under_data_budget
train:30_0003.wav,train,Northern,30_0003.wav,not_selected_under_data_budget
train:30_0004.wav,train,Northern,30_0004.wav,not_selected_under_data_budget
train:30_0005.wav,train,Northern,30_0005.wav,not_selected_under_data_budget
train:30_0006.wav,train,Northern,30_0006.wav,not_selected_under_data_budget
train:30_0007.wav,train,Northern,30_0007.wav,not_selected_under_data_budget
train:30_0008.wav,train,Northern,30_0008.wav,not_selected_under_data_budget
train:30_0009.wav,train,Northern,30_0009.wav,not_selected_under_data_budget
train:30_0010.wav,train,Northern,30_0010.wav,not_selected_under_data_budget
train:30_0011.wav,train,Northern,30_0011.wav,not_selected_under_data_budget
train:30_0012.wav,train,Northern,30_0012.wav,not_selected_under_data_budget
train:30_0013.wav,train,Northern,30_0013.wav,not_selected_under_data_budget
train:30_0014.wav,train,Northern,30_0014.wav,not_selected_under_data_budget
train:30_0015.wav,train,Northern,30_0015.wav,not_selected_under_data_budget
train:30_0016.wav,train,Northern,30_0016.wav,not_selected_under_data_budget
train:30_0017.wav,train,Northern,30_0017.wav,not_selected_under_data_budget
train:30_0018.wav,train,Northern,30_0018.wav,not_selected_under_data_budget
train:30_0019.wav,train,Northern,30_0019.wav,not_selected_under_data_budget
train:30_0020.wav,train,Northern,30_0020.wav,not_selected_under_data_budget
train:30_0021.wav,train,Northern,30_0021.wav,not_selected_under_data_budget
train:30_0022.wav,train,Northern,30_0022.wav,not_selected_under_data_budget
train:30_0023.wav,train,Northern,30_0023.wav,not_selected_under_data_budget
train:30_0024.wav,train,Northern,30_0024.wav,not_selected_under_data_budget
train:30_0025.wav,train,Northern,30_0025.wav,not_selected_under_data_budget
train:30_0026.wav,train,Northern,30_0026.wav,not_selected_under_data_budget
train:30_0027.wav,train,Northern,30_0027.wav,not_selected_under_data_budget
train:30_0028.wav,train,Northern,30_0028.wav,not_selected_under_data_budget
train:30_0029.wav,train,Northern,30_0029.wav,not_selected_under_data_budget
train:30_0030.wav,train,Northern,30_0030.wav,not_selected_under_data_budget
train:30_0031.wav,train,Northern,30_0031.wav,not_selected_under_data_budget
train:30_0032.wav,train,Northern,30_0032.wav,not_selected_under_data_budget
train:30_0033.wav,train,Northern,30_0033.wav,not_selected_under_data_budget
train:30_0034.wav,train,Northern,30_0034.wav,not_selected_under_data_budget
train:30_0035.wav,train,Northern,30_0035.wav,not_selected_under_data_budget
train:30_0036.wav,train,Northern,30_0036.wav,not_selected_under_data_budget
train:30_0037.wav,train,Northern,30_0037.wav,not_selected_under_data_budget
train:30_0038.wav,train,Northern,30_0038.wav,not_selected_under_data_budget
train:30_0039.wav,train,Northern,30_0039.wav,not_selected_under_data_budget
train:30_0040.wav,train,Northern,30_0040.wav,not_selected_under_data_budget
train:30_0041.wav,train,Northern,30_0041.wav,not_selected_under_data_budget
train:30_0042.wav,train,Northern,30_0042.wav,not_selected_under_data_budget
train:30_0043.wav,train,Northern,30_0043.wav,not_selected_under_data_budget
train:34_0088.wav,train,Northern,34_0088.wav,not_selected_under_data_budget
train:34_0089.wav,train,Northern,34_0089.wav,not_selected_under_data_budget
train:34_0090.wav,train,Northern,34_0090.wav,not_selected_under_data_budget
train:34_0091.wav,train,Northern,34_0091.wav,not_selected_under_data_budget
train:34_0092.wav,train,Northern,34_0092.wav,not_selected_under_data_budget
train:34_0093.wav,train,Northern,34_0093.wav,not_selected_under_data_budget
train:34_0094.wav,train,Northern,34_0094.wav,not_selected_under_data_budget
train:34_0095.wav,train,Northern,34_0095.wav,not_selected_under_data_budget
train:34_0096.wav,train,Northern,34_0096.wav,not_selected_under_data_budget
train:34_0097.wav,train,Northern,34_0097.wav,not_selected_under_data_budget
train:34_0098.wav,train,Northern,34_0098.wav,not_selected_under_data_budget
train:34_0099.wav,train,Northern,34_0099.wav,not_selected_under_data_budget
train:34_0100.wav,train,Northern,34_0100.wav,not_selected_under_data_budget
train:34_0101.wav,train,Northern,34_0101.wav,not_selected_under_data_budget
train:34_0102.wav,train,Northern,34_0102.wav,not_selected_under_data_budget
train:34_0103.wav,train,Northern,34_0103.wav,not_selected_under_data_budget
train:34_0104.wav,train,Northern,34_0104.wav,not_selected_under_data_budget
train:34_0105.wav,train,Northern,34_0105.wav,not_selected_under_data_budget
train:34_0106.wav,train,Northern,34_0106.wav,not_selected_under_data_budget
train:34_0107.wav,train,Northern,34_0107.wav,not_selected_under_data_budget
train:34_0108.wav,train,Northern,34_0108.wav,not_selected_under_data_budget
train:34_0109.wav,train,Northern,34_0109.wav,not_selected_under_data_budget
train:34_0110.wav,train,Northern,34_0110.wav,not_selected_under_data_budget
train:34_0111.wav,train,Northern,34_0111.wav,not_selected_under_data_budget
train:34_0112.wav,train,Northern,34_0112.wav,not_selected_under_data_budget
train:34_0113.wav,train,Northern,34_0113.wav,not_selected_under_data_budget
train:34_0114.wav,train,Northern,34_0114.wav,not_selected_under_data_budget
train:34_0115.wav,train,Northern,34_0115.wav,not_selected_under_data_budget
train:34_0116.wav,train,Northern,34_0116.wav,not_selected_under_data_budget
train:34_0117.wav,train,Northern,34_0117.wav,not_selected_under_data_budget
train:34_0118.wav,train,Northern,34_0118.wav,not_selected_under_data_budget
train:34_0119.wav,train,Northern,34_0119.wav,not_selected_under_data_budget
train:34_0120.wav,train,Northern,34_0120.wav,not_selected_under_data_budget
train:34_0121.wav,train,Northern,34_0121.wav,not_selected_under_data_budget
train:34_0122.wav,train,Northern,34_0122.wav,not_selected_under_data_budget
train:34_0123.wav,train,Northern,34_0123.wav,not_selected_under_data_budget
train:34_0124.wav,train,Northern,34_0124.wav,not_selected_under_data_budget
train:34_0125.wav,train,Northern,34_0125.wav,not_selected_under_data_budget
train:34_0126.wav,train,Northern,34_0126.wav,not_selected_under_data_budget
train:34_0127.wav,train,Northern,34_0127.wav,not_selected_under_data_budget
train:34_0128.wav,train,Northern,34_0128.wav,not_selected_under_data_budget
train:34_0129.wav,train,Northern,34_0129.wav,not_selected_under_data_budget
train:34_0130.wav,train,Northern,34_0130.wav,not_selected_under_data_budget
train:34_0131.wav,train,Northern,34_0131.wav,not_selected_under_data_budget
train:34_0132.wav,train,Northern,34_0132.wav,not_selected_under_data_budget
train:34_0133.wav,train,Northern,34_0133.wav,not_selected_under_data_budget
train:34_0134.wav,train,Northern,34_0134.wav,not_selected_under_data_budget
train:34_0135.wav,train,Northern,34_0135.wav,not_selected_under_data_budget
train:34_0136.wav,train,Northern,34_0136.wav,not_selected_under_data_budget
train:34_0137.wav,train,Northern,34_0137.wav,not_selected_under_data_budget
train:34_0138.wav,train,Northern,34_0138.wav,not_selected_under_data_budget
train:34_0139.wav,train,Northern,34_0139.wav,not_selected_under_data_budget
train:34_0140.wav,train,Northern,34_0140.wav,not_selected_under_data_budget
train:34_0141.wav,train,Northern,34_0141.wav,not_selected_under_data_budget
train:34_0142.wav,train,Northern,34_0142.wav,not_selected_under_data_budget
train:34_0143.wav,train,Northern,34_0143.wav,not_selected_under_data_budget
train:34_0144.wav,train,Northern,34_0144.wav,not_selected_under_data_budget
train:34_0145.wav,train,Northern,34_0145.wav,not_selected_under_data_budget
train:34_0146.wav,train,Northern,34_0146.wav,not_selected_under_data_budget
train:34_0147.wav,train,Northern,34_0147.wav,not_selected_under_data_budget
train:34_0148.wav,train,Northern,34_0148.wav,not_selected_under_data_budget
train:34_0149.wav,train,Northern,34_0149.wav,not_selected_under_data_budget
train:34_0150.wav,train,Northern,34_0150.wav,not_selected_under_data_budget
train:34_0151.wav,train,Northern,34_0151.wav,not_selected_under_data_budget
train:34_0152.wav,train,Northern,34_0152.wav,not_selected_under_data_budget
train:34_0153.wav,train,Northern,34_0153.wav,not_selected_under_data_budget
train:34_0154.wav,train,Northern,34_0154.wav,not_selected_under_data_budget
train:34_0155.wav,train,Northern,34_0155.wav,not_selected_under_data_budget
train:34_0156.wav,train,Northern,34_0156.wav,not_selected_under_data_budget
train:34_0157.wav,train,Northern,34_0157.wav,not_selected_under_data_budget
train:34_0158.wav,train,Northern,34_0158.wav,not_selected_under_data_budget
train:34_0159.wav,train,Northern,34_0159.wav,not_selected_under_data_budget
train:34_0160.wav,train,Northern,34_0160.wav,not_selected_under_data_budget
train:34_0161.wav,train,Northern,34_0161.wav,not_selected_under_data_budget
train:34_0162.wav,train,Northern,34_0162.wav,not_selected_under_data_budget
train:34_0163.wav,train,Northern,34_0163.wav,not_selected_under_data_budget
train:34_0164.wav,train,Northern,34_0164.wav,not_selected_under_data_budget
train:34_0165.wav,train,Northern,34_0165.wav,not_selected_under_data_budget
train:34_0166.wav,train,Northern,34_0166.wav,not_selected_under_data_budget
train:34_0167.wav,train,Northern,34_0167.wav,not_selected_under_data_budget
train:34_0168.wav,train,Northern,34_0168.wav,not_selected_under_data_budget
train:34_0169.wav,train,Northern,34_0169.wav,not_selected_under_data_budget
train:34_0170.wav,train,Northern,34_0170.wav,not_selected_under_data_budget
train:34_0171.wav,train,Northern,34_0171.wav,not_selected_under_data_budget
train:34_0172.wav,train,Northern,34_0172.wav,not_selected_under_data_budget
train:34_0173.wav,train,Northern,34_0173.wav,not_selected_under_data_budget
train:34_0174.wav,train,Northern,34_0174.wav,not_selected_under_data_budget
train:34_0175.wav,train,Northern,34_0175.wav,not_selected_under_data_budget
train:34_0176.wav,train,Northern,34_0176.wav,not_selected_under_data_budget
train:34_0177.wav,train,Northern,34_0177.wav,not_selected_under_data_budget
train:34_0178.wav,train,Northern,34_0178.wav,not_selected_under_data_budget
train:34_0179.wav,train,Northern,34_0179.wav,not_selected_under_data_budget
train:34_0180.wav,train,Northern,34_0180.wav,not_selected_under_data_budget
train:34_0181.wav,train,Northern,34_0181.wav,not_selected_under_data_budget
train:34_0182.wav,train,Northern,34_0182.wav,not_selected_under_data_budget
train:34_0183.wav,train,Northern,34_0183.wav,not_selected_under_data_budget
train:34_0184.wav,train,Northern,34_0184.wav,not_selected_under_data_budget
train:34_0185.wav,train,Northern,34_0185.wav,not_selected_under_data_budget
train:34_0186.wav,train,Northern,34_0186.wav,not_selected_under_data_budget
train:34_0187.wav,train,Northern,34_0187.wav,not_selected_under_data_budget
train:34_0188.wav,train,Northern,34_0188.wav,not_selected_under_data_budget
train:34_0189.wav,train,Northern,34_0189.wav,not_selected_under_data_budget
train:34_0190.wav,train,Northern,34_0190.wav,not_selected_under_data_budget
train:34_0191.wav,train,Northern,34_0191.wav,not_selected_under_data_budget
train:34_0192.wav,train,Northern,34_0192.wav,not_selected_under_data_budget
train:34_0193.wav,train,Northern,34_0193.wav,not_selected_under_data_budget
train:34_0194.wav,train,Northern,34_0194.wav,not_selected_under_data_budget
train:34_0195.wav,train,Northern,34_0195.wav,not_selected_under_data_budget
train:34_0196.wav,train,Northern,34_0196.wav,not_selected_under_data_budget
train:34_0197.wav,train,Northern,34_0197.wav,not_selected_under_data_budget
train:34_0198.wav,train,Northern,34_0198.wav,not_selected_under_data_budget
train:34_0199.wav,train,Northern,34_0199.wav,not_selected_under_data_budget
train:34_0200.wav,train,Northern,34_0200.wav,not_selected_under_data_budget
train:34_0201.wav,train,Northern,34_0201.wav,not_selected_under_data_budget
train:34_0202.wav,train,Northern,34_0202.wav,not_selected_under_data_budget
train:34_0203.wav,train,Northern,34_0203.wav,not_selected_under_data_budget
train:34_0204.wav,train,Northern,34_0204.wav,not_selected_under_data_budget
train:34_0205.wav,train,Northern,34_0205.wav,not_selected_under_data_budget
train:34_0206.wav,train,Northern,34_0206.wav,not_selected_under_data_budget
train:34_0207.wav,train,Northern,34_0207.wav,not_selected_under_data_budget
train:34_0208.wav,train,Northern,34_0208.wav,not_selected_under_data_budget
train:34_0209.wav,train,Northern,34_0209.wav,not_selected_under_data_budget
train:34_0210.wav,train,Northern,34_0210.wav,not_selected_under_data_budget
train:34_0211.wav,train,Northern,34_0211.wav,not_selected_under_data_budget
train:34_0212.wav,train,Northern,34_0212.wav,not_selected_under_data_budget
train:34_0213.wav,train,Northern,34_0213.wav,not_selected_under_data_budget
train:34_0214.wav,train,Northern,34_0214.wav,not_selected_under_data_budget
train:34_0215.wav,train,Northern,34_0215.wav,not_selected_under_data_budget
train:34_0216.wav,train,Northern,34_0216.wav,not_selected_under_data_budget
train:34_0217.wav,train,Northern,34_0217.wav,not_selected_under_data_budget
train:34_0218.wav,train,Northern,34_0218.wav,not_selected_under_data_budget
train:34_0219.wav,train,Northern,34_0219.wav,not_selected_under_data_budget
train:34_0220.wav,train,Northern,34_0220.wav,not_selected_under_data_budget
train:34_0221.wav,train,Northern,34_0221.wav,not_selected_under_data_budget
train:34_0222.wav,train,Northern,34_0222.wav,not_selected_under_data_budget
train:34_0223.wav,train,Northern,34_0223.wav,not_selected_under_data_budget
train:34_0224.wav,train,Northern,34_0224.wav,not_selected_under_data_budget
train:34_0225.wav,train,Northern,34_0225.wav,not_selected_under_data_budget
train:34_0226.wav,train,Northern,34_0226.wav,not_selected_under_data_budget
train:34_0227.wav,train,Northern,34_0227.wav,not_selected_under_data_budget
train:34_0228.wav,train,Northern,34_0228.wav,not_selected_under_data_budget
train:34_0229.wav,train,Northern,34_0229.wav,not_selected_under_data_budget
train:34_0231.wav,train,Northern,34_0231.wav,not_selected_under_data_budget
train:34_0232.wav,train,Northern,34_0232.wav,not_selected_under_data_budget
train:35_0001.wav,train,Northern,35_0001.wav,not_selected_under_data_budget
train:35_0002.wav,train,Northern,35_0002.wav,not_selected_under_data_budget
train:35_0003.wav,train,Northern,35_0003.wav,not_selected_under_data_budget
train:35_0004.wav,train,Northern,35_0004.wav,not_selected_under_data_budget
train:35_0005.wav,train,Northern,35_0005.wav,not_selected_under_data_budget
train:35_0006.wav,train,Northern,35_0006.wav,not_selected_under_data_budget
train:35_0007.wav,train,Northern,35_0007.wav,not_selected_under_data_budget
train:35_0008.wav,train,Northern,35_0008.wav,not_selected_under_data_budget
train:35_0009.wav,train,Northern,35_0009.wav,not_selected_under_data_budget
train:35_0010.wav,train,Northern,35_0010.wav,not_selected_under_data_budget
train:35_0011.wav,train,Northern,35_0011.wav,not_selected_under_data_budget
train:35_0012.wav,train,Northern,35_0012.wav,not_selected_under_data_budget
train:35_0013.wav,train,Northern,35_0013.wav,not_selected_under_data_budget
train:35_0014.wav,train,Northern,35_0014.wav,not_selected_under_data_budget
train:35_0015.wav,train,Northern,35_0015.wav,not_selected_under_data_budget
train:35_0016.wav,train,Northern,35_0016.wav,not_selected_under_data_budget
train:35_0017.wav,train,Northern,35_0017.wav,not_selected_under_data_budget
train:35_0018.wav,train,Northern,35_0018.wav,not_selected_under_data_budget
train:35_0019.wav,train,Northern,35_0019.wav,not_selected_under_data_budget
train:35_0020.wav,train,Northern,35_0020.wav,not_selected_under_data_budget
train:35_0021.wav,train,Northern,35_0021.wav,not_selected_under_data_budget
train:35_0022.wav,train,Northern,35_0022.wav,not_selected_under_data_budget
train:35_0023.wav,train,Northern,35_0023.wav,not_selected_under_data_budget
train:35_0024.wav,train,Northern,35_0024.wav,not_selected_under_data_budget
train:35_0025.wav,train,Northern,35_0025.wav,not_selected_under_data_budget
train:35_0026.wav,train,Northern,35_0026.wav,not_selected_under_data_budget
train:35_0027.wav,train,Northern,35_0027.wav,not_selected_under_data_budget
train:35_0028.wav,train,Northern,35_0028.wav,not_selected_under_data_budget
train:35_0029.wav,train,Northern,35_0029.wav,not_selected_under_data_budget
train:35_0030.wav,train,Northern,35_0030.wav,not_selected_under_data_budget
train:35_0031.wav,train,Northern,35_0031.wav,not_selected_under_data_budget
train:35_0032.wav,train,Northern,35_0032.wav,not_selected_under_data_budget
train:35_0033.wav,train,Northern,35_0033.wav,not_selected_under_data_budget
train:35_0034.wav,train,Northern,35_0034.wav,not_selected_under_data_budget
train:35_0035.wav,train,Northern,35_0035.wav,not_selected_under_data_budget
train:35_0036.wav,train,Northern,35_0036.wav,not_selected_under_data_budget
train:35_0037.wav,train,Northern,35_0037.wav,not_selected_under_data_budget
train:35_0038.wav,train,Northern,35_0038.wav,not_selected_under_data_budget
train:35_0039.wav,train,Northern,35_0039.wav,not_selected_under_data_budget
train:35_0040.wav,train,Northern,35_0040.wav,not_selected_under_data_budget
train:35_0041.wav,train,Northern,35_0041.wav,not_selected_under_data_budget
train:35_0042.wav,train,Northern,35_0042.wav,not_selected_under_data_budget
train:35_0043.wav,train,Northern,35_0043.wav,not_selected_under_data_budget
train:35_0044.wav,train,Northern,35_0044.wav,not_selected_under_data_budget
train:35_0045.wav,train,Northern,35_0045.wav,not_selected_under_data_budget
train:35_0046.wav,train,Northern,35_0046.wav,not_selected_under_data_budget
train:35_0047.wav,train,Northern,35_0047.wav,not_selected_under_data_budget
train:35_0048.wav,train,Northern,35_0048.wav,not_selected_under_data_budget
train:35_0049.wav,train,Northern,35_0049.wav,not_selected_under_data_budget
train:35_0050.wav,train,Northern,35_0050.wav,not_selected_under_data_budget
train:35_0051.wav,train,Northern,35_0051.wav,not_selected_under_data_budget
train:35_0052.wav,train,Northern,35_0052.wav,not_selected_under_data_budget
train:35_0053.wav,train,Northern,35_0053.wav,not_selected_under_data_budget
train:35_0054.wav,train,Northern,35_0054.wav,not_selected_under_data_budget
train:35_0055.wav,train,Northern,35_0055.wav,not_selected_under_data_budget
train:35_0056.wav,train,Northern,35_0056.wav,not_selected_under_data_budget
train:35_0057.wav,train,Northern,35_0057.wav,not_selected_under_data_budget
train:35_0058.wav,train,Northern,35_0058.wav,not_selected_under_data_budget
train:35_0059.wav,train,Northern,35_0059.wav,not_selected_under_data_budget
train:35_0060.wav,train,Northern,35_0060.wav,not_selected_under_data_budget
train:35_0061.wav,train,Northern,35_0061.wav,not_selected_under_data_budget
train:35_0062.wav,train,Northern,35_0062.wav,not_selected_under_data_budget
train:35_0063.wav,train,Northern,35_0063.wav,not_selected_under_data_budget
train:35_0064.wav,train,Northern,35_0064.wav,not_selected_under_data_budget
train:35_0065.wav,train,Northern,35_0065.wav,not_selected_under_data_budget
train:35_0066.wav,train,Northern,35_0066.wav,not_selected_under_data_budget
train:35_0067.wav,train,Northern,35_0067.wav,not_selected_under_data_budget
train:35_0068.wav,train,Northern,35_0068.wav,not_selected_under_data_budget
train:35_0069.wav,train,Northern,35_0069.wav,not_selected_under_data_budget
train:35_0070.wav,train,Northern,35_0070.wav,not_selected_under_data_budget
train:35_0071.wav,train,Northern,35_0071.wav,not_selected_under_data_budget
train:35_0072.wav,train,Northern,35_0072.wav,not_selected_under_data_budget
train:35_0073.wav,train,Northern,35_0073.wav,not_selected_under_data_budget
train:35_0074.wav,train,Northern,35_0074.wav,not_selected_under_data_budget
train:35_0075.wav,train,Northern,35_0075.wav,not_selected_under_data_budget
train:35_0076.wav,train,Northern,35_0076.wav,not_selected_under_data_budget
train:35_0077.wav,train,Northern,35_0077.wav,not_selected_under_data_budget
train:35_0078.wav,train,Northern,35_0078.wav,not_selected_under_data_budget
train:35_0079.wav,train,Northern,35_0079.wav,not_selected_under_data_budget
train:35_0080.wav,train,Northern,35_0080.wav,not_selected_under_data_budget
train:35_0081.wav,train,Northern,35_0081.wav,not_selected_under_data_budget
train:35_0082.wav,train,Northern,35_0082.wav,not_selected_under_data_budget
train:35_0083.wav,train,Northern,35_0083.wav,not_selected_under_data_budget
train:35_0084.wav,train,Northern,35_0084.wav,not_selected_under_data_budget
train:35_0085.wav,train,Northern,35_0085.wav,not_selected_under_data_budget
train:35_0086.wav,train,Northern,35_0086.wav,not_selected_under_data_budget
train:35_0087.wav,train,Northern,35_0087.wav,not_selected_under_data_budget
train:35_0088.wav,train,Northern,35_0088.wav,not_selected_under_data_budget
train:35_0089.wav,train,Northern,35_0089.wav,not_selected_under_data_budget
train:35_0090.wav,train,Northern,35_0090.wav,not_selected_under_data_budget
train:35_0091.wav,train,Northern,35_0091.wav,not_selected_under_data_budget
train:35_0092.wav,train,Northern,35_0092.wav,not_selected_under_data_budget
train:35_0093.wav,train,Northern,35_0093.wav,not_selected_under_data_budget
train:35_0094.wav,train,Northern,35_0094.wav,not_selected_under_data_budget
train:35_0095.wav,train,Northern,35_0095.wav,not_selected_under_data_budget
train:35_0096.wav,train,Northern,35_0096.wav,not_selected_under_data_budget
train:35_0097.wav,train,Northern,35_0097.wav,not_selected_under_data_budget
train:35_0098.wav,train,Northern,35_0098.wav,not_selected_under_data_budget
train:35_0099.wav,train,Northern,35_0099.wav,not_selected_under_data_budget
train:35_0100.wav,train,Northern,35_0100.wav,not_selected_under_data_budget
train:35_0101.wav,train,Northern,35_0101.wav,not_selected_under_data_budget
train:35_0102.wav,train,Northern,35_0102.wav,not_selected_under_data_budget
train:35_0103.wav,train,Northern,35_0103.wav,not_selected_under_data_budget
train:35_0104.wav,train,Northern,35_0104.wav,not_selected_under_data_budget
train:35_0105.wav,train,Northern,35_0105.wav,not_selected_under_data_budget
train:35_0106.wav,train,Northern,35_0106.wav,not_selected_under_data_budget
train:35_0107.wav,train,Northern,35_0107.wav,not_selected_under_data_budget
train:35_0108.wav,train,Northern,35_0108.wav,not_selected_under_data_budget
train:35_0109.wav,train,Northern,35_0109.wav,not_selected_under_data_budget
train:35_0110.wav,train,Northern,35_0110.wav,not_selected_under_data_budget
train:35_0111.wav,train,Northern,35_0111.wav,not_selected_under_data_budget
train:35_0112.wav,train,Northern,35_0112.wav,not_selected_under_data_budget
train:35_0113.wav,train,Northern,35_0113.wav,not_selected_under_data_budget
train:35_0114.wav,train,Northern,35_0114.wav,not_selected_under_data_budget
train:35_0115.wav,train,Northern,35_0115.wav,not_selected_under_data_budget
train:35_0116.wav,train,Northern,35_0116.wav,not_selected_under_data_budget
train:35_0117.wav,train,Northern,35_0117.wav,not_selected_under_data_budget
train:35_0118.wav,train,Northern,35_0118.wav,not_selected_under_data_budget
train:35_0119.wav,train,Northern,35_0119.wav,not_selected_under_data_budget
train:35_0120.wav,train,Northern,35_0120.wav,not_selected_under_data_budget
train:35_0121.wav,train,Northern,35_0121.wav,not_selected_under_data_budget
train:35_0122.wav,train,Northern,35_0122.wav,not_selected_under_data_budget
train:35_0123.wav,train,Northern,35_0123.wav,not_selected_under_data_budget
train:35_0124.wav,train,Northern,35_0124.wav,not_selected_under_data_budget
train:35_0125.wav,train,Northern,35_0125.wav,not_selected_under_data_budget
train:35_0126.wav,train,Northern,35_0126.wav,not_selected_under_data_budget
train:35_0127.wav,train,Northern,35_0127.wav,not_selected_under_data_budget
train:35_0128.wav,train,Northern,35_0128.wav,not_selected_under_data_budget
train:35_0129.wav,train,Northern,35_0129.wav,not_selected_under_data_budget
train:35_0130.wav,train,Northern,35_0130.wav,not_selected_under_data_budget
train:35_0131.wav,train,Northern,35_0131.wav,not_selected_under_data_budget
train:35_0132.wav,train,Northern,35_0132.wav,not_selected_under_data_budget
train:35_0133.wav,train,Northern,35_0133.wav,not_selected_under_data_budget
train:35_0134.wav,train,Northern,35_0134.wav,not_selected_under_data_budget
train:35_0135.wav,train,Northern,35_0135.wav,not_selected_under_data_budget
train:35_0136.wav,train,Northern,35_0136.wav,not_selected_under_data_budget
train:35_0137.wav,train,Northern,35_0137.wav,not_selected_under_data_budget
train:35_0138.wav,train,Northern,35_0138.wav,not_selected_under_data_budget
train:35_0139.wav,train,Northern,35_0139.wav,not_selected_under_data_budget
train:35_0140.wav,train,Northern,35_0140.wav,not_selected_under_data_budget
train:35_0141.wav,train,Northern,35_0141.wav,not_selected_under_data_budget
train:35_0142.wav,train,Northern,35_0142.wav,not_selected_under_data_budget
train:35_0143.wav,train,Northern,35_0143.wav,not_selected_under_data_budget
train:35_0144.wav,train,Northern,35_0144.wav,not_selected_under_data_budget
train:35_0145.wav,train,Northern,35_0145.wav,not_selected_under_data_budget
train:35_0146.wav,train,Northern,35_0146.wav,not_selected_under_data_budget
train:35_0147.wav,train,Northern,35_0147.wav,not_selected_under_data_budget
train:35_0148.wav,train,Northern,35_0148.wav,not_selected_under_data_budget
train:35_0149.wav,train,Northern,35_0149.wav,not_selected_under_data_budget
train:35_0150.wav,train,Northern,35_0150.wav,not_selected_under_data_budget
train:35_0151.wav,train,Northern,35_0151.wav,not_selected_under_data_budget
train:35_0152.wav,train,Northern,35_0152.wav,not_selected_under_data_budget
train:35_0153.wav,train,Northern,35_0153.wav,not_selected_under_data_budget
train:35_0154.wav,train,Northern,35_0154.wav,not_selected_under_data_budget
train:35_0155.wav,train,Northern,35_0155.wav,not_selected_under_data_budget
train:35_0156.wav,train,Northern,35_0156.wav,not_selected_under_data_budget
train:35_0157.wav,train,Northern,35_0157.wav,not_selected_under_data_budget
train:35_0158.wav,train,Northern,35_0158.wav,not_selected_under_data_budget
train:35_0159.wav,train,Northern,35_0159.wav,not_selected_under_data_budget
train:35_0160.wav,train,Northern,35_0160.wav,not_selected_under_data_budget
train:35_0161.wav,train,Northern,35_0161.wav,not_selected_under_data_budget
train:35_0162.wav,train,Northern,35_0162.wav,not_selected_under_data_budget
train:35_0163.wav,train,Northern,35_0163.wav,not_selected_under_data_budget
train:35_0164.wav,train,Northern,35_0164.wav,not_selected_under_data_budget
train:35_0165.wav,train,Northern,35_0165.wav,not_selected_under_data_budget
train:35_0166.wav,train,Northern,35_0166.wav,not_selected_under_data_budget
train:35_0167.wav,train,Northern,35_0167.wav,not_selected_under_data_budget
train:35_0168.wav,train,Northern,35_0168.wav,not_selected_under_data_budget
train:35_0169.wav,train,Northern,35_0169.wav,not_selected_under_data_budget
train:35_0170.wav,train,Northern,35_0170.wav,not_selected_under_data_budget
train:35_0171.wav,train,Northern,35_0171.wav,not_selected_under_data_budget
train:35_0172.wav,train,Northern,35_0172.wav,not_selected_under_data_budget
train:35_0173.wav,train,Northern,35_0173.wav,not_selected_under_data_budget
train:35_0174.wav,train,Northern,35_0174.wav,not_selected_under_data_budget
train:35_0175.wav,train,Northern,35_0175.wav,not_selected_under_data_budget
train:35_0176.wav,train,Northern,35_0176.wav,not_selected_under_data_budget
train:35_0177.wav,train,Northern,35_0177.wav,not_selected_under_data_budget
train:35_0178.wav,train,Northern,35_0178.wav,not_selected_under_data_budget
train:35_0179.wav,train,Northern,35_0179.wav,not_selected_under_data_budget
train:35_0180.wav,train,Northern,35_0180.wav,not_selected_under_data_budget
train:35_0181.wav,train,Northern,35_0181.wav,not_selected_under_data_budget
train:35_0182.wav,train,Northern,35_0182.wav,not_selected_under_data_budget
train:35_0183.wav,train,Northern,35_0183.wav,not_selected_under_data_budget
train:35_0184.wav,train,Northern,35_0184.wav,not_selected_under_data_budget
train:35_0185.wav,train,Northern,35_0185.wav,not_selected_under_data_budget
train:35_0186.wav,train,Northern,35_0186.wav,not_selected_under_data_budget
train:35_0187.wav,train,Northern,35_0187.wav,not_selected_under_data_budget
train:35_0188.wav,train,Northern,35_0188.wav,not_selected_under_data_budget
train:35_0189.wav,train,Northern,35_0189.wav,not_selected_under_data_budget
train:35_0190.wav,train,Northern,35_0190.wav,not_selected_under_data_budget
train:35_0191.wav,train,Northern,35_0191.wav,not_selected_under_data_budget
train:35_0192.wav,train,Northern,35_0192.wav,not_selected_under_data_budget
train:35_0193.wav,train,Northern,35_0193.wav,not_selected_under_data_budget
train:35_0194.wav,train,Northern,35_0194.wav,not_selected_under_data_budget
train:35_0195.wav,train,Northern,35_0195.wav,not_selected_under_data_budget
train:35_0196.wav,train,Northern,35_0196.wav,not_selected_under_data_budget
train:35_0197.wav,train,Northern,35_0197.wav,not_selected_under_data_budget
train:35_0198.wav,train,Northern,35_0198.wav,not_selected_under_data_budget
train:35_0199.wav,train,Northern,35_0199.wav,not_selected_under_data_budget
train:35_0200.wav,train,Northern,35_0200.wav,not_selected_under_data_budget
train:35_0201.wav,train,Northern,35_0201.wav,not_selected_under_data_budget
train:35_0202.wav,train,Northern,35_0202.wav,not_selected_under_data_budget
train:35_0203.wav,train,Northern,35_0203.wav,not_selected_under_data_budget
train:35_0204.wav,train,Northern,35_0204.wav,not_selected_under_data_budget
train:35_0205.wav,train,Northern,35_0205.wav,not_selected_under_data_budget
train:35_0206.wav,train,Northern,35_0206.wav,not_selected_under_data_budget
train:35_0207.wav,train,Northern,35_0207.wav,not_selected_under_data_budget
train:35_0208.wav,train,Northern,35_0208.wav,not_selected_under_data_budget
train:35_0209.wav,train,Northern,35_0209.wav,not_selected_under_data_budget
train:35_0210.wav,train,Northern,35_0210.wav,not_selected_under_data_budget
train:35_0211.wav,train,Northern,35_0211.wav,not_selected_under_data_budget
train:35_0212.wav,train,Northern,35_0212.wav,not_selected_under_data_budget
train:35_0213.wav,train,Northern,35_0213.wav,not_selected_under_data_budget
train:35_0214.wav,train,Northern,35_0214.wav,not_selected_under_data_budget
train:35_0215.wav,train,Northern,35_0215.wav,not_selected_under_data_budget
train:35_0216.wav,train,Northern,35_0216.wav,not_selected_under_data_budget
train:35_0217.wav,train,Northern,35_0217.wav,not_selected_under_data_budget
train:35_0218.wav,train,Northern,35_0218.wav,not_selected_under_data_budget
train:36_0001.wav,train,Central,36_0001.wav,not_selected_under_data_budget
train:36_0002.wav,train,Central,36_0002.wav,not_selected_under_data_budget
train:36_0003.wav,train,Central,36_0003.wav,not_selected_under_data_budget
train:36_0004.wav,train,Central,36_0004.wav,not_selected_under_data_budget
train:36_0005.wav,train,Central,36_0005.wav,not_selected_under_data_budget
train:36_0006.wav,train,Central,36_0006.wav,not_selected_under_data_budget
train:36_0007.wav,train,Central,36_0007.wav,not_selected_under_data_budget
train:36_0008.wav,train,Central,36_0008.wav,not_selected_under_data_budget
train:36_0009.wav,train,Central,36_0009.wav,not_selected_under_data_budget
train:36_0010.wav,train,Central,36_0010.wav,not_selected_under_data_budget
train:36_0011.wav,train,Central,36_0011.wav,not_selected_under_data_budget
train:36_0012.wav,train,Central,36_0012.wav,not_selected_under_data_budget
train:36_0013.wav,train,Central,36_0013.wav,not_selected_under_data_budget
train:36_0014.wav,train,Central,36_0014.wav,not_selected_under_data_budget
train:36_0015.wav,train,Central,36_0015.wav,not_selected_under_data_budget
train:36_0016.wav,train,Central,36_0016.wav,not_selected_under_data_budget
train:36_0017.wav,train,Central,36_0017.wav,not_selected_under_data_budget
train:36_0018.wav,train,Central,36_0018.wav,not_selected_under_data_budget
train:36_0019.wav,train,Central,36_0019.wav,not_selected_under_data_budget
train:36_0020.wav,train,Central,36_0020.wav,not_selected_under_data_budget
train:36_0021.wav,train,Central,36_0021.wav,not_selected_under_data_budget
train:36_0022.wav,train,Central,36_0022.wav,not_selected_under_data_budget
train:36_0023.wav,train,Central,36_0023.wav,not_selected_under_data_budget
train:36_0024.wav,train,Central,36_0024.wav,not_selected_under_data_budget
train:36_0025.wav,train,Central,36_0025.wav,not_selected_under_data_budget
train:36_0026.wav,train,Central,36_0026.wav,not_selected_under_data_budget
train:36_0027.wav,train,Central,36_0027.wav,not_selected_under_data_budget
train:36_0028.wav,train,Central,36_0028.wav,not_selected_under_data_budget
train:36_0029.wav,train,Central,36_0029.wav,not_selected_under_data_budget
train:36_0030.wav,train,Central,36_0030.wav,not_selected_under_data_budget
train:36_0031.wav,train,Central,36_0031.wav,not_selected_under_data_budget
train:36_0032.wav,train,Central,36_0032.wav,not_selected_under_data_budget
train:36_0033.wav,train,Central,36_0033.wav,not_selected_under_data_budget
train:36_0034.wav,train,Central,36_0034.wav,not_selected_under_data_budget
train:36_0035.wav,train,Central,36_0035.wav,not_selected_under_data_budget
train:36_0036.wav,train,Central,36_0036.wav,not_selected_under_data_budget
train:36_0037.wav,train,Central,36_0037.wav,not_selected_under_data_budget
train:36_0038.wav,train,Central,36_0038.wav,not_selected_under_data_budget
train:36_0039.wav,train,Central,36_0039.wav,not_selected_under_data_budget
train:36_0040.wav,train,Central,36_0040.wav,not_selected_under_data_budget
train:36_0041.wav,train,Central,36_0041.wav,not_selected_under_data_budget
train:36_0042.wav,train,Central,36_0042.wav,not_selected_under_data_budget
train:36_0043.wav,train,Central,36_0043.wav,not_selected_under_data_budget
train:36_0044.wav,train,Central,36_0044.wav,not_selected_under_data_budget
train:36_0045.wav,train,Central,36_0045.wav,not_selected_under_data_budget
train:36_0046.wav,train,Central,36_0046.wav,not_selected_under_data_budget
train:36_0047.wav,train,Central,36_0047.wav,not_selected_under_data_budget
train:36_0048.wav,train,Central,36_0048.wav,not_selected_under_data_budget
train:36_0049.wav,train,Central,36_0049.wav,not_selected_under_data_budget
train:36_0050.wav,train,Central,36_0050.wav,not_selected_under_data_budget
train:36_0051.wav,train,Central,36_0051.wav,not_selected_under_data_budget
train:36_0052.wav,train,Central,36_0052.wav,not_selected_under_data_budget
train:36_0053.wav,train,Central,36_0053.wav,not_selected_under_data_budget
train:36_0054.wav,train,Central,36_0054.wav,not_selected_under_data_budget
train:36_0055.wav,train,Central,36_0055.wav,not_selected_under_data_budget
train:36_0056.wav,train,Central,36_0056.wav,not_selected_under_data_budget
train:36_0057.wav,train,Central,36_0057.wav,not_selected_under_data_budget
train:36_0058.wav,train,Central,36_0058.wav,not_selected_under_data_budget
train:36_0059.wav,train,Central,36_0059.wav,not_selected_under_data_budget
train:36_0060.wav,train,Central,36_0060.wav,not_selected_under_data_budget
train:36_0061.wav,train,Central,36_0061.wav,not_selected_under_data_budget
train:36_0062.wav,train,Central,36_0062.wav,not_selected_under_data_budget
train:36_0063.wav,train,Central,36_0063.wav,not_selected_under_data_budget
train:36_0064.wav,train,Central,36_0064.wav,not_selected_under_data_budget
train:36_0065.wav,train,Central,36_0065.wav,not_selected_under_data_budget
train:36_0066.wav,train,Central,36_0066.wav,not_selected_under_data_budget
train:36_0067.wav,train,Central,36_0067.wav,not_selected_under_data_budget
train:36_0068.wav,train,Central,36_0068.wav,not_selected_under_data_budget
train:36_0069.wav,train,Central,36_0069.wav,not_selected_under_data_budget
train:36_0070.wav,train,Central,36_0070.wav,not_selected_under_data_budget
train:36_0071.wav,train,Central,36_0071.wav,not_selected_under_data_budget
train:36_0072.wav,train,Central,36_0072.wav,not_selected_under_data_budget
train:36_0073.wav,train,Central,36_0073.wav,not_selected_under_data_budget
train:36_0074.wav,train,Central,36_0074.wav,not_selected_under_data_budget
train:36_0075.wav,train,Central,36_0075.wav,not_selected_under_data_budget
train:36_0076.wav,train,Central,36_0076.wav,not_selected_under_data_budget
train:36_0230.wav,train,Central,36_0230.wav,not_selected_under_data_budget
train:36_0231.wav,train,Central,36_0231.wav,not_selected_under_data_budget
train:36_0232.wav,train,Central,36_0232.wav,not_selected_under_data_budget
train:36_0236.wav,train,Central,36_0236.wav,not_selected_under_data_budget
train:36_0237.wav,train,Central,36_0237.wav,not_selected_under_data_budget
train:36_0238.wav,train,Central,36_0238.wav,not_selected_under_data_budget
train:36_0239.wav,train,Central,36_0239.wav,not_selected_under_data_budget
train:36_0240.wav,train,Central,36_0240.wav,not_selected_under_data_budget
train:36_0241.wav,train,Central,36_0241.wav,not_selected_under_data_budget
train:36_0242.wav,train,Central,36_0242.wav,not_selected_under_data_budget
train:36_0244.wav,train,Central,36_0244.wav,not_selected_under_data_budget
train:36_0245.wav,train,Central,36_0245.wav,not_selected_under_data_budget
train:36_0246.wav,train,Central,36_0246.wav,not_selected_under_data_budget
train:36_0247.wav,train,Central,36_0247.wav,not_selected_under_data_budget
train:37_0001.wav,train,Central,37_0001.wav,not_selected_under_data_budget
train:37_0002.wav,train,Central,37_0002.wav,not_selected_under_data_budget
train:37_0003.wav,train,Central,37_0003.wav,not_selected_under_data_budget
train:37_0004.wav,train,Central,37_0004.wav,not_selected_under_data_budget
train:37_0005.wav,train,Central,37_0005.wav,not_selected_under_data_budget
train:37_0006.wav,train,Central,37_0006.wav,not_selected_under_data_budget
train:37_0007.wav,train,Central,37_0007.wav,not_selected_under_data_budget
train:37_0008.wav,train,Central,37_0008.wav,not_selected_under_data_budget
train:37_0009.wav,train,Central,37_0009.wav,not_selected_under_data_budget
train:37_0010.wav,train,Central,37_0010.wav,not_selected_under_data_budget
train:37_0011.wav,train,Central,37_0011.wav,not_selected_under_data_budget
train:37_0012.wav,train,Central,37_0012.wav,not_selected_under_data_budget
train:37_0013.wav,train,Central,37_0013.wav,not_selected_under_data_budget
train:37_0014.wav,train,Central,37_0014.wav,not_selected_under_data_budget
train:37_0015.wav,train,Central,37_0015.wav,not_selected_under_data_budget
train:37_0016.wav,train,Central,37_0016.wav,not_selected_under_data_budget
train:37_0017.wav,train,Central,37_0017.wav,not_selected_under_data_budget
train:37_0018.wav,train,Central,37_0018.wav,not_selected_under_data_budget
train:37_0019.wav,train,Central,37_0019.wav,not_selected_under_data_budget
train:37_0020.wav,train,Central,37_0020.wav,not_selected_under_data_budget
train:37_0021.wav,train,Central,37_0021.wav,not_selected_under_data_budget
train:37_0022.wav,train,Central,37_0022.wav,not_selected_under_data_budget
train:37_0023.wav,train,Central,37_0023.wav,not_selected_under_data_budget
train:37_0024.wav,train,Central,37_0024.wav,not_selected_under_data_budget
train:37_0025.wav,train,Central,37_0025.wav,not_selected_under_data_budget
train:37_0026.wav,train,Central,37_0026.wav,not_selected_under_data_budget
train:37_0027.wav,train,Central,37_0027.wav,not_selected_under_data_budget
train:37_0028.wav,train,Central,37_0028.wav,not_selected_under_data_budget
train:37_0029.wav,train,Central,37_0029.wav,not_selected_under_data_budget
train:37_0030.wav,train,Central,37_0030.wav,not_selected_under_data_budget
train:37_0031.wav,train,Central,37_0031.wav,not_selected_under_data_budget
train:37_0032.wav,train,Central,37_0032.wav,not_selected_under_data_budget
train:37_0033.wav,train,Central,37_0033.wav,not_selected_under_data_budget
train:37_0034.wav,train,Central,37_0034.wav,not_selected_under_data_budget
train:37_0035.wav,train,Central,37_0035.wav,not_selected_under_data_budget
train:37_0036.wav,train,Central,37_0036.wav,not_selected_under_data_budget
train:37_0037.wav,train,Central,37_0037.wav,not_selected_under_data_budget
train:37_0038.wav,train,Central,37_0038.wav,not_selected_under_data_budget
train:37_0039.wav,train,Central,37_0039.wav,not_selected_under_data_budget
train:37_0040.wav,train,Central,37_0040.wav,not_selected_under_data_budget
train:37_0041.wav,train,Central,37_0041.wav,not_selected_under_data_budget
train:37_0042.wav,train,Central,37_0042.wav,not_selected_under_data_budget
train:37_0043.wav,train,Central,37_0043.wav,not_selected_under_data_budget
train:37_0044.wav,train,Central,37_0044.wav,not_selected_under_data_budget
train:37_0045.wav,train,Central,37_0045.wav,not_selected_under_data_budget
train:37_0046.wav,train,Central,37_0046.wav,not_selected_under_data_budget
train:37_0047.wav,train,Central,37_0047.wav,not_selected_under_data_budget
train:37_0048.wav,train,Central,37_0048.wav,not_selected_under_data_budget
train:37_0049.wav,train,Central,37_0049.wav,not_selected_under_data_budget
train:37_0050.wav,train,Central,37_0050.wav,not_selected_under_data_budget
train:37_0051.wav,train,Central,37_0051.wav,not_selected_under_data_budget
train:37_0052.wav,train,Central,37_0052.wav,not_selected_under_data_budget
train:37_0053.wav,train,Central,37_0053.wav,not_selected_under_data_budget
train:37_0054.wav,train,Central,37_0054.wav,not_selected_under_data_budget
train:37_0055.wav,train,Central,37_0055.wav,not_selected_under_data_budget
train:37_0056.wav,train,Central,37_0056.wav,not_selected_under_data_budget
train:37_0057.wav,train,Central,37_0057.wav,not_selected_under_data_budget
train:37_0058.wav,train,Central,37_0058.wav,not_selected_under_data_budget
train:37_0059.wav,train,Central,37_0059.wav,not_selected_under_data_budget
train:37_0060.wav,train,Central,37_0060.wav,not_selected_under_data_budget
train:37_0061.wav,train,Central,37_0061.wav,not_selected_under_data_budget
train:37_0062.wav,train,Central,37_0062.wav,not_selected_under_data_budget
train:37_0063.wav,train,Central,37_0063.wav,not_selected_under_data_budget
train:37_0064.wav,train,Central,37_0064.wav,not_selected_under_data_budget
train:37_0065.wav,train,Central,37_0065.wav,not_selected_under_data_budget
train:37_0066.wav,train,Central,37_0066.wav,not_selected_under_data_budget
train:37_0067.wav,train,Central,37_0067.wav,not_selected_under_data_budget
train:37_0068.wav,train,Central,37_0068.wav,not_selected_under_data_budget
train:37_0069.wav,train,Central,37_0069.wav,not_selected_under_data_budget
train:37_0070.wav,train,Central,37_0070.wav,not_selected_under_data_budget
train:37_0071.wav,train,Central,37_0071.wav,not_selected_under_data_budget
train:37_0072.wav,train,Central,37_0072.wav,not_selected_under_data_budget
train:37_0073.wav,train,Central,37_0073.wav,not_selected_under_data_budget
train:37_0074.wav,train,Central,37_0074.wav,not_selected_under_data_budget
train:37_0075.wav,train,Central,37_0075.wav,not_selected_under_data_budget
train:37_0076.wav,train,Central,37_0076.wav,not_selected_under_data_budget
train:37_0077.wav,train,Central,37_0077.wav,not_selected_under_data_budget
train:37_0078.wav,train,Central,37_0078.wav,not_selected_under_data_budget
train:37_0079.wav,train,Central,37_0079.wav,not_selected_under_data_budget
train:37_0080.wav,train,Central,37_0080.wav,not_selected_under_data_budget
train:37_0081.wav,train,Central,37_0081.wav,not_selected_under_data_budget
train:37_0082.wav,train,Central,37_0082.wav,not_selected_under_data_budget
train:37_0083.wav,train,Central,37_0083.wav,not_selected_under_data_budget
train:37_0084.wav,train,Central,37_0084.wav,not_selected_under_data_budget
train:37_0085.wav,train,Central,37_0085.wav,not_selected_under_data_budget
train:37_0086.wav,train,Central,37_0086.wav,not_selected_under_data_budget
train:37_0087.wav,train,Central,37_0087.wav,not_selected_under_data_budget
train:37_0088.wav,train,Central,37_0088.wav,not_selected_under_data_budget
train:37_0089.wav,train,Central,37_0089.wav,not_selected_under_data_budget
train:37_0090.wav,train,Central,37_0090.wav,not_selected_under_data_budget
train:37_0091.wav,train,Central,37_0091.wav,not_selected_under_data_budget
train:37_0092.wav,train,Central,37_0092.wav,not_selected_under_data_budget
train:37_0093.wav,train,Central,37_0093.wav,not_selected_under_data_budget
train:37_0094.wav,train,Central,37_0094.wav,not_selected_under_data_budget
train:37_0095.wav,train,Central,37_0095.wav,not_selected_under_data_budget
train:37_0096.wav,train,Central,37_0096.wav,not_selected_under_data_budget
train:37_0097.wav,train,Central,37_0097.wav,not_selected_under_data_budget
train:37_0098.wav,train,Central,37_0098.wav,not_selected_under_data_budget
train:37_0099.wav,train,Central,37_0099.wav,not_selected_under_data_budget
train:37_0100.wav,train,Central,37_0100.wav,not_selected_under_data_budget
train:37_0101.wav,train,Central,37_0101.wav,not_selected_under_data_budget
train:37_0102.wav,train,Central,37_0102.wav,not_selected_under_data_budget
train:37_0103.wav,train,Central,37_0103.wav,not_selected_under_data_budget
train:37_0104.wav,train,Central,37_0104.wav,not_selected_under_data_budget
train:37_0105.wav,train,Central,37_0105.wav,not_selected_under_data_budget
train:37_0106.wav,train,Central,37_0106.wav,not_selected_under_data_budget
train:37_0107.wav,train,Central,37_0107.wav,not_selected_under_data_budget
train:37_0108.wav,train,Central,37_0108.wav,not_selected_under_data_budget
train:37_0109.wav,train,Central,37_0109.wav,not_selected_under_data_budget
train:37_0110.wav,train,Central,37_0110.wav,not_selected_under_data_budget
train:37_0111.wav,train,Central,37_0111.wav,not_selected_under_data_budget
train:37_0112.wav,train,Central,37_0112.wav,not_selected_under_data_budget
train:37_0113.wav,train,Central,37_0113.wav,not_selected_under_data_budget
train:37_0114.wav,train,Central,37_0114.wav,not_selected_under_data_budget
train:37_0115.wav,train,Central,37_0115.wav,not_selected_under_data_budget
train:37_0116.wav,train,Central,37_0116.wav,not_selected_under_data_budget
train:37_0117.wav,train,Central,37_0117.wav,not_selected_under_data_budget
train:37_0118.wav,train,Central,37_0118.wav,not_selected_under_data_budget
train:37_0119.wav,train,Central,37_0119.wav,not_selected_under_data_budget
train:37_0120.wav,train,Central,37_0120.wav,not_selected_under_data_budget
train:37_0121.wav,train,Central,37_0121.wav,not_selected_under_data_budget
train:37_0122.wav,train,Central,37_0122.wav,not_selected_under_data_budget
train:37_0123.wav,train,Central,37_0123.wav,not_selected_under_data_budget
train:37_0124.wav,train,Central,37_0124.wav,not_selected_under_data_budget
train:37_0125.wav,train,Central,37_0125.wav,not_selected_under_data_budget
train:37_0126.wav,train,Central,37_0126.wav,not_selected_under_data_budget
train:37_0127.wav,train,Central,37_0127.wav,not_selected_under_data_budget
train:37_0128.wav,train,Central,37_0128.wav,not_selected_under_data_budget
train:37_0129.wav,train,Central,37_0129.wav,not_selected_under_data_budget
train:37_0130.wav,train,Central,37_0130.wav,not_selected_under_data_budget
train:37_0131.wav,train,Central,37_0131.wav,not_selected_under_data_budget
train:37_0132.wav,train,Central,37_0132.wav,not_selected_under_data_budget
train:37_0133.wav,train,Central,37_0133.wav,not_selected_under_data_budget
train:37_0134.wav,train,Central,37_0134.wav,not_selected_under_data_budget
train:37_0135.wav,train,Central,37_0135.wav,not_selected_under_data_budget
train:37_0136.wav,train,Central,37_0136.wav,not_selected_under_data_budget
train:37_0137.wav,train,Central,37_0137.wav,not_selected_under_data_budget
train:37_0138.wav,train,Central,37_0138.wav,not_selected_under_data_budget
train:37_0139.wav,train,Central,37_0139.wav,not_selected_under_data_budget
train:37_0140.wav,train,Central,37_0140.wav,not_selected_under_data_budget
train:37_0141.wav,train,Central,37_0141.wav,not_selected_under_data_budget
train:37_0142.wav,train,Central,37_0142.wav,not_selected_under_data_budget
train:37_0143.wav,train,Central,37_0143.wav,not_selected_under_data_budget
train:37_0144.wav,train,Central,37_0144.wav,not_selected_under_data_budget
train:37_0145.wav,train,Central,37_0145.wav,not_selected_under_data_budget
train:37_0146.wav,train,Central,37_0146.wav,not_selected_under_data_budget
train:37_0147.wav,train,Central,37_0147.wav,not_selected_under_data_budget
train:37_0148.wav,train,Central,37_0148.wav,not_selected_under_data_budget
train:37_0149.wav,train,Central,37_0149.wav,not_selected_under_data_budget
train:37_0150.wav,train,Central,37_0150.wav,not_selected_under_data_budget
train:37_0151.wav,train,Central,37_0151.wav,not_selected_under_data_budget
train:37_0152.wav,train,Central,37_0152.wav,not_selected_under_data_budget
train:37_0153.wav,train,Central,37_0153.wav,not_selected_under_data_budget
train:37_0154.wav,train,Central,37_0154.wav,not_selected_under_data_budget
train:37_0155.wav,train,Central,37_0155.wav,not_selected_under_data_budget
train:37_0156.wav,train,Central,37_0156.wav,not_selected_under_data_budget
train:37_0157.wav,train,Central,37_0157.wav,not_selected_under_data_budget
train:37_0158.wav,train,Central,37_0158.wav,not_selected_under_data_budget
train:37_0159.wav,train,Central,37_0159.wav,not_selected_under_data_budget
train:37_0160.wav,train,Central,37_0160.wav,not_selected_under_data_budget
train:37_0161.wav,train,Central,37_0161.wav,not_selected_under_data_budget
train:37_0162.wav,train,Central,37_0162.wav,not_selected_under_data_budget
train:37_0163.wav,train,Central,37_0163.wav,not_selected_under_data_budget
train:37_0164.wav,train,Central,37_0164.wav,not_selected_under_data_budget
train:37_0165.wav,train,Central,37_0165.wav,not_selected_under_data_budget
train:37_0166.wav,train,Central,37_0166.wav,not_selected_under_data_budget
train:37_0167.wav,train,Central,37_0167.wav,not_selected_under_data_budget
train:37_0168.wav,train,Central,37_0168.wav,not_selected_under_data_budget
train:37_0169.wav,train,Central,37_0169.wav,not_selected_under_data_budget
train:37_0170.wav,train,Central,37_0170.wav,not_selected_under_data_budget
train:37_0171.wav,train,Central,37_0171.wav,not_selected_under_data_budget
train:37_0172.wav,train,Central,37_0172.wav,not_selected_under_data_budget
train:37_0173.wav,train,Central,37_0173.wav,not_selected_under_data_budget
train:37_0174.wav,train,Central,37_0174.wav,not_selected_under_data_budget
train:37_0175.wav,train,Central,37_0175.wav,not_selected_under_data_budget
train:37_0176.wav,train,Central,37_0176.wav,not_selected_under_data_budget
train:37_0177.wav,train,Central,37_0177.wav,not_selected_under_data_budget
train:37_0178.wav,train,Central,37_0178.wav,not_selected_under_data_budget
train:37_0179.wav,train,Central,37_0179.wav,not_selected_under_data_budget
train:37_0180.wav,train,Central,37_0180.wav,not_selected_under_data_budget
train:37_0181.wav,train,Central,37_0181.wav,not_selected_under_data_budget
train:37_0182.wav,train,Central,37_0182.wav,not_selected_under_data_budget
train:37_0183.wav,train,Central,37_0183.wav,not_selected_under_data_budget
train:37_0184.wav,train,Central,37_0184.wav,not_selected_under_data_budget
train:37_0185.wav,train,Central,37_0185.wav,not_selected_under_data_budget
train:37_0186.wav,train,Central,37_0186.wav,not_selected_under_data_budget
train:37_0187.wav,train,Central,37_0187.wav,not_selected_under_data_budget
train:37_0188.wav,train,Central,37_0188.wav,not_selected_under_data_budget
train:37_0189.wav,train,Central,37_0189.wav,not_selected_under_data_budget
train:37_0190.wav,train,Central,37_0190.wav,not_selected_under_data_budget
train:37_0191.wav,train,Central,37_0191.wav,not_selected_under_data_budget
train:37_0192.wav,train,Central,37_0192.wav,not_selected_under_data_budget
train:37_0193.wav,train,Central,37_0193.wav,not_selected_under_data_budget
train:37_0194.wav,train,Central,37_0194.wav,not_selected_under_data_budget
train:37_0195.wav,train,Central,37_0195.wav,not_selected_under_data_budget
train:37_0196.wav,train,Central,37_0196.wav,not_selected_under_data_budget
train:37_0197.wav,train,Central,37_0197.wav,not_selected_under_data_budget
train:37_0198.wav,train,Central,37_0198.wav,not_selected_under_data_budget
train:37_0199.wav,train,Central,37_0199.wav,not_selected_under_data_budget
train:37_0200.wav,train,Central,37_0200.wav,not_selected_under_data_budget
train:37_0201.wav,train,Central,37_0201.wav,not_selected_under_data_budget
train:37_0202.wav,train,Central,37_0202.wav,not_selected_under_data_budget
train:37_0203.wav,train,Central,37_0203.wav,not_selected_under_data_budget
train:37_0204.wav,train,Central,37_0204.wav,not_selected_under_data_budget
train:37_0205.wav,train,Central,37_0205.wav,not_selected_under_data_budget
train:37_0206.wav,train,Central,37_0206.wav,not_selected_under_data_budget
train:37_0207.wav,train,Central,37_0207.wav,not_selected_under_data_budget
train:37_0208.wav,train,Central,37_0208.wav,not_selected_under_data_budget
train:37_0209.wav,train,Central,37_0209.wav,not_selected_under_data_budget
train:37_0210.wav,train,Central,37_0210.wav,not_selected_under_data_budget
train:37_0211.wav,train,Central,37_0211.wav,not_selected_under_data_budget
train:37_0212.wav,train,Central,37_0212.wav,not_selected_under_data_budget
train:37_0213.wav,train,Central,37_0213.wav,not_selected_under_data_budget
train:37_0214.wav,train,Central,37_0214.wav,not_selected_under_data_budget
train:37_0215.wav,train,Central,37_0215.wav,not_selected_under_data_budget
train:37_0216.wav,train,Central,37_0216.wav,not_selected_under_data_budget
train:37_0217.wav,train,Central,37_0217.wav,not_selected_under_data_budget
train:37_0218.wav,train,Central,37_0218.wav,not_selected_under_data_budget
train:37_0219.wav,train,Central,37_0219.wav,not_selected_under_data_budget
train:37_0220.wav,train,Central,37_0220.wav,not_selected_under_data_budget
train:37_0221.wav,train,Central,37_0221.wav,not_selected_under_data_budget
train:37_0222.wav,train,Central,37_0222.wav,not_selected_under_data_budget
train:37_0223.wav,train,Central,37_0223.wav,not_selected_under_data_budget
train:37_0224.wav,train,Central,37_0224.wav,not_selected_under_data_budget
train:37_0225.wav,train,Central,37_0225.wav,not_selected_under_data_budget
train:37_0226.wav,train,Central,37_0226.wav,not_selected_under_data_budget
train:37_0227.wav,train,Central,37_0227.wav,not_selected_under_data_budget
train:37_0228.wav,train,Central,37_0228.wav,not_selected_under_data_budget
train:37_0229.wav,train,Central,37_0229.wav,not_selected_under_data_budget
train:37_0230.wav,train,Central,37_0230.wav,not_selected_under_data_budget
train:37_0231.wav,train,Central,37_0231.wav,not_selected_under_data_budget
train:37_0232.wav,train,Central,37_0232.wav,not_selected_under_data_budget
train:37_0233.wav,train,Central,37_0233.wav,not_selected_under_data_budget
train:37_0234.wav,train,Central,37_0234.wav,not_selected_under_data_budget
train:37_0235.wav,train,Central,37_0235.wav,not_selected_under_data_budget
train:37_0236.wav,train,Central,37_0236.wav,not_selected_under_data_budget
train:37_0237.wav,train,Central,37_0237.wav,not_selected_under_data_budget
train:37_0238.wav,train,Central,37_0238.wav,not_selected_under_data_budget
train:37_0239.wav,train,Central,37_0239.wav,not_selected_under_data_budget
train:37_0240.wav,train,Central,37_0240.wav,not_selected_under_data_budget
train:37_0241.wav,train,Central,37_0241.wav,not_selected_under_data_budget
train:37_0242.wav,train,Central,37_0242.wav,not_selected_under_data_budget
train:37_0243.wav,train,Central,37_0243.wav,not_selected_under_data_budget
train:37_0244.wav,train,Central,37_0244.wav,not_selected_under_data_budget
train:37_0245.wav,train,Central,37_0245.wav,not_selected_under_data_budget
train:37_0246.wav,train,Central,37_0246.wav,not_selected_under_data_budget
train:37_0247.wav,train,Central,37_0247.wav,not_selected_under_data_budget
train:37_0248.wav,train,Central,37_0248.wav,not_selected_under_data_budget
train:37_0249.wav,train,Central,37_0249.wav,not_selected_under_data_budget
train:37_0250.wav,train,Central,37_0250.wav,not_selected_under_data_budget
train:37_0251.wav,train,Central,37_0251.wav,not_selected_under_data_budget
train:37_0252.wav,train,Central,37_0252.wav,not_selected_under_data_budget
train:37_0253.wav,train,Central,37_0253.wav,not_selected_under_data_budget
train:37_0254.wav,train,Central,37_0254.wav,not_selected_under_data_budget
train:37_0255.wav,train,Central,37_0255.wav,not_selected_under_data_budget
train:37_0256.wav,train,Central,37_0256.wav,not_selected_under_data_budget
train:37_0257.wav,train,Central,37_0257.wav,not_selected_under_data_budget
train:37_0258.wav,train,Central,37_0258.wav,not_selected_under_data_budget
train:37_0259.wav,train,Central,37_0259.wav,not_selected_under_data_budget
train:37_0260.wav,train,Central,37_0260.wav,not_selected_under_data_budget
train:37_0261.wav,train,Central,37_0261.wav,not_selected_under_data_budget
train:37_0262.wav,train,Central,37_0262.wav,not_selected_under_data_budget
train:37_0264.wav,train,Central,37_0264.wav,not_selected_under_data_budget
train:37_0266.wav,train,Central,37_0266.wav,not_selected_under_data_budget
train:37_0267.wav,train,Central,37_0267.wav,not_selected_under_data_budget
train:37_0268.wav,train,Central,37_0268.wav,not_selected_under_data_budget
train:37_0269.wav,train,Central,37_0269.wav,not_selected_under_data_budget
train:37_0270.wav,train,Central,37_0270.wav,not_selected_under_data_budget
train:37_0271.wav,train,Central,37_0271.wav,not_selected_under_data_budget
train:37_0272.wav,train,Central,37_0272.wav,not_selected_under_data_budget
train:37_0273.wav,train,Central,37_0273.wav,not_selected_under_data_budget
train:37_0274.wav,train,Central,37_0274.wav,not_selected_under_data_budget
train:37_0275.wav,train,Central,37_0275.wav,not_selected_under_data_budget
train:37_0276.wav,train,Central,37_0276.wav,not_selected_under_data_budget
train:37_0277.wav,train,Central,37_0277.wav,not_selected_under_data_budget
train:37_0278.wav,train,Central,37_0278.wav,not_selected_under_data_budget
train:37_0279.wav,train,Central,37_0279.wav,not_selected_under_data_budget
train:37_0280.wav,train,Central,37_0280.wav,not_selected_under_data_budget
train:43_0053.wav,train,Central,43_0053.wav,not_selected_under_data_budget
train:43_0054.wav,train,Central,43_0054.wav,not_selected_under_data_budget
train:43_0055.wav,train,Central,43_0055.wav,not_selected_under_data_budget
train:43_0056.wav,train,Central,43_0056.wav,not_selected_under_data_budget
train:43_0057.wav,train,Central,43_0057.wav,not_selected_under_data_budget
train:43_0058.wav,train,Central,43_0058.wav,not_selected_under_data_budget
train:43_0059.wav,train,Central,43_0059.wav,not_selected_under_data_budget
train:43_0060.wav,train,Central,43_0060.wav,not_selected_under_data_budget
train:43_0061.wav,train,Central,43_0061.wav,not_selected_under_data_budget
train:43_0062.wav,train,Central,43_0062.wav,not_selected_under_data_budget
train:43_0063.wav,train,Central,43_0063.wav,not_selected_under_data_budget
train:43_0064.wav,train,Central,43_0064.wav,not_selected_under_data_budget
train:43_0065.wav,train,Central,43_0065.wav,not_selected_under_data_budget
train:43_0066.wav,train,Central,43_0066.wav,not_selected_under_data_budget
train:43_0067.wav,train,Central,43_0067.wav,not_selected_under_data_budget
train:43_0068.wav,train,Central,43_0068.wav,not_selected_under_data_budget
train:43_0069.wav,train,Central,43_0069.wav,not_selected_under_data_budget
train:43_0070.wav,train,Central,43_0070.wav,not_selected_under_data_budget
train:43_0071.wav,train,Central,43_0071.wav,not_selected_under_data_budget
train:43_0072.wav,train,Central,43_0072.wav,not_selected_under_data_budget
train:43_0073.wav,train,Central,43_0073.wav,not_selected_under_data_budget
train:43_0074.wav,train,Central,43_0074.wav,not_selected_under_data_budget
train:43_0075.wav,train,Central,43_0075.wav,not_selected_under_data_budget
train:43_0076.wav,train,Central,43_0076.wav,not_selected_under_data_budget
train:43_0077.wav,train,Central,43_0077.wav,not_selected_under_data_budget
train:43_0078.wav,train,Central,43_0078.wav,not_selected_under_data_budget
train:43_0079.wav,train,Central,43_0079.wav,not_selected_under_data_budget
train:43_0080.wav,train,Central,43_0080.wav,not_selected_under_data_budget
train:43_0081.wav,train,Central,43_0081.wav,not_selected_under_data_budget
train:43_0082.wav,train,Central,43_0082.wav,not_selected_under_data_budget
train:43_0083.wav,train,Central,43_0083.wav,not_selected_under_data_budget
train:43_0084.wav,train,Central,43_0084.wav,not_selected_under_data_budget
train:43_0085.wav,train,Central,43_0085.wav,not_selected_under_data_budget
train:43_0086.wav,train,Central,43_0086.wav,not_selected_under_data_budget
train:43_0087.wav,train,Central,43_0087.wav,not_selected_under_data_budget
train:43_0088.wav,train,Central,43_0088.wav,not_selected_under_data_budget
train:43_0089.wav,train,Central,43_0089.wav,not_selected_under_data_budget
train:43_0090.wav,train,Central,43_0090.wav,not_selected_under_data_budget
train:43_0091.wav,train,Central,43_0091.wav,not_selected_under_data_budget
train:43_0092.wav,train,Central,43_0092.wav,not_selected_under_data_budget
train:43_0093.wav,train,Central,43_0093.wav,not_selected_under_data_budget
train:43_0094.wav,train,Central,43_0094.wav,not_selected_under_data_budget
train:43_0095.wav,train,Central,43_0095.wav,not_selected_under_data_budget
train:43_0096.wav,train,Central,43_0096.wav,not_selected_under_data_budget
train:43_0097.wav,train,Central,43_0097.wav,not_selected_under_data_budget
train:43_0098.wav,train,Central,43_0098.wav,not_selected_under_data_budget
train:43_0099.wav,train,Central,43_0099.wav,not_selected_under_data_budget
train:43_0100.wav,train,Central,43_0100.wav,not_selected_under_data_budget
train:43_0101.wav,train,Central,43_0101.wav,not_selected_under_data_budget
train:43_0102.wav,train,Central,43_0102.wav,not_selected_under_data_budget
train:43_0103.wav,train,Central,43_0103.wav,not_selected_under_data_budget
train:43_0104.wav,train,Central,43_0104.wav,not_selected_under_data_budget
train:43_0105.wav,train,Central,43_0105.wav,not_selected_under_data_budget
train:43_0106.wav,train,Central,43_0106.wav,not_selected_under_data_budget
train:43_0107.wav,train,Central,43_0107.wav,not_selected_under_data_budget
train:43_0108.wav,train,Central,43_0108.wav,not_selected_under_data_budget
train:43_0109.wav,train,Central,43_0109.wav,not_selected_under_data_budget
train:43_0110.wav,train,Central,43_0110.wav,not_selected_under_data_budget
train:43_0111.wav,train,Central,43_0111.wav,not_selected_under_data_budget
train:43_0112.wav,train,Central,43_0112.wav,not_selected_under_data_budget
train:43_0113.wav,train,Central,43_0113.wav,not_selected_under_data_budget
train:43_0114.wav,train,Central,43_0114.wav,not_selected_under_data_budget
train:43_0115.wav,train,Central,43_0115.wav,not_selected_under_data_budget
train:43_0116.wav,train,Central,43_0116.wav,not_selected_under_data_budget
train:43_0117.wav,train,Central,43_0117.wav,not_selected_under_data_budget
train:43_0118.wav,train,Central,43_0118.wav,not_selected_under_data_budget
train:43_0119.wav,train,Central,43_0119.wav,not_selected_under_data_budget
train:43_0120.wav,train,Central,43_0120.wav,not_selected_under_data_budget
train:43_0121.wav,train,Central,43_0121.wav,not_selected_under_data_budget
train:43_0122.wav,train,Central,43_0122.wav,not_selected_under_data_budget
train:43_0123.wav,train,Central,43_0123.wav,not_selected_under_data_budget
train:43_0124.wav,train,Central,43_0124.wav,not_selected_under_data_budget
train:43_0125.wav,train,Central,43_0125.wav,not_selected_under_data_budget
train:43_0126.wav,train,Central,43_0126.wav,not_selected_under_data_budget
train:43_0127.wav,train,Central,43_0127.wav,not_selected_under_data_budget
train:43_0128.wav,train,Central,43_0128.wav,not_selected_under_data_budget
train:43_0129.wav,train,Central,43_0129.wav,not_selected_under_data_budget
train:43_0130.wav,train,Central,43_0130.wav,not_selected_under_data_budget
train:43_0131.wav,train,Central,43_0131.wav,not_selected_under_data_budget
train:43_0132.wav,train,Central,43_0132.wav,not_selected_under_data_budget
train:43_0133.wav,train,Central,43_0133.wav,not_selected_under_data_budget
train:43_0134.wav,train,Central,43_0134.wav,not_selected_under_data_budget
train:43_0135.wav,train,Central,43_0135.wav,not_selected_under_data_budget
train:43_0136.wav,train,Central,43_0136.wav,not_selected_under_data_budget
train:43_0137.wav,train,Central,43_0137.wav,not_selected_under_data_budget
train:43_0138.wav,train,Central,43_0138.wav,not_selected_under_data_budget
train:43_0139.wav,train,Central,43_0139.wav,not_selected_under_data_budget
train:43_0140.wav,train,Central,43_0140.wav,not_selected_under_data_budget
train:43_0141.wav,train,Central,43_0141.wav,not_selected_under_data_budget
train:43_0142.wav,train,Central,43_0142.wav,not_selected_under_data_budget
train:43_0143.wav,train,Central,43_0143.wav,not_selected_under_data_budget
train:43_0144.wav,train,Central,43_0144.wav,not_selected_under_data_budget
train:43_0145.wav,train,Central,43_0145.wav,not_selected_under_data_budget
train:43_0146.wav,train,Central,43_0146.wav,not_selected_under_data_budget
train:43_0147.wav,train,Central,43_0147.wav,not_selected_under_data_budget
train:43_0148.wav,train,Central,43_0148.wav,not_selected_under_data_budget
train:43_0149.wav,train,Central,43_0149.wav,not_selected_under_data_budget
train:43_0150.wav,train,Central,43_0150.wav,not_selected_under_data_budget
train:43_0151.wav,train,Central,43_0151.wav,not_selected_under_data_budget
train:43_0152.wav,train,Central,43_0152.wav,not_selected_under_data_budget
train:43_0153.wav,train,Central,43_0153.wav,not_selected_under_data_budget
train:43_0154.wav,train,Central,43_0154.wav,not_selected_under_data_budget
train:43_0155.wav,train,Central,43_0155.wav,not_selected_under_data_budget
train:43_0156.wav,train,Central,43_0156.wav,not_selected_under_data_budget
train:43_0157.wav,train,Central,43_0157.wav,not_selected_under_data_budget
train:43_0158.wav,train,Central,43_0158.wav,not_selected_under_data_budget
train:43_0159.wav,train,Central,43_0159.wav,not_selected_under_data_budget
train:43_0160.wav,train,Central,43_0160.wav,not_selected_under_data_budget
train:43_0161.wav,train,Central,43_0161.wav,not_selected_under_data_budget
train:43_0162.wav,train,Central,43_0162.wav,not_selected_under_data_budget
train:43_0163.wav,train,Central,43_0163.wav,not_selected_under_data_budget
train:43_0164.wav,train,Central,43_0164.wav,not_selected_under_data_budget
train:43_0165.wav,train,Central,43_0165.wav,not_selected_under_data_budget
train:43_0166.wav,train,Central,43_0166.wav,not_selected_under_data_budget
train:43_0167.wav,train,Central,43_0167.wav,not_selected_under_data_budget
train:43_0168.wav,train,Central,43_0168.wav,not_selected_under_data_budget
train:43_0169.wav,train,Central,43_0169.wav,not_selected_under_data_budget
train:43_0170.wav,train,Central,43_0170.wav,not_selected_under_data_budget
train:43_0171.wav,train,Central,43_0171.wav,not_selected_under_data_budget
train:43_0172.wav,train,Central,43_0172.wav,not_selected_under_data_budget
train:43_0173.wav,train,Central,43_0173.wav,not_selected_under_data_budget
train:43_0174.wav,train,Central,43_0174.wav,not_selected_under_data_budget
train:43_0175.wav,train,Central,43_0175.wav,not_selected_under_data_budget
train:43_0176.wav,train,Central,43_0176.wav,not_selected_under_data_budget
train:43_0177.wav,train,Central,43_0177.wav,not_selected_under_data_budget
train:43_0178.wav,train,Central,43_0178.wav,not_selected_under_data_budget
train:43_0179.wav,train,Central,43_0179.wav,not_selected_under_data_budget
train:43_0180.wav,train,Central,43_0180.wav,not_selected_under_data_budget
train:43_0181.wav,train,Central,43_0181.wav,not_selected_under_data_budget
train:43_0182.wav,train,Central,43_0182.wav,not_selected_under_data_budget
train:43_0183.wav,train,Central,43_0183.wav,not_selected_under_data_budget
train:43_0184.wav,train,Central,43_0184.wav,not_selected_under_data_budget
train:43_0185.wav,train,Central,43_0185.wav,not_selected_under_data_budget
train:43_0186.wav,train,Central,43_0186.wav,not_selected_under_data_budget
train:43_0187.wav,train,Central,43_0187.wav,not_selected_under_data_budget
train:43_0188.wav,train,Central,43_0188.wav,not_selected_under_data_budget
train:43_0189.wav,train,Central,43_0189.wav,not_selected_under_data_budget
train:43_0190.wav,train,Central,43_0190.wav,not_selected_under_data_budget
train:43_0191.wav,train,Central,43_0191.wav,not_selected_under_data_budget
train:43_0192.wav,train,Central,43_0192.wav,not_selected_under_data_budget
train:43_0193.wav,train,Central,43_0193.wav,not_selected_under_data_budget
train:43_0194.wav,train,Central,43_0194.wav,not_selected_under_data_budget
train:43_0195.wav,train,Central,43_0195.wav,not_selected_under_data_budget
train:43_0196.wav,train,Central,43_0196.wav,not_selected_under_data_budget
train:43_0197.wav,train,Central,43_0197.wav,not_selected_under_data_budget
train:43_0198.wav,train,Central,43_0198.wav,not_selected_under_data_budget
train:66_0213.wav,train,Southern,66_0213.wav,not_selected_under_data_budget
train:66_0214.wav,train,Southern,66_0214.wav,not_selected_under_data_budget
train:66_0215.wav,train,Southern,66_0215.wav,not_selected_under_data_budget
train:66_0216.wav,train,Southern,66_0216.wav,not_selected_under_data_budget
train:66_0217.wav,train,Southern,66_0217.wav,not_selected_under_data_budget
train:66_0218.wav,train,Southern,66_0218.wav,not_selected_under_data_budget
train:66_0219.wav,train,Southern,66_0219.wav,not_selected_under_data_budget
train:66_0220.wav,train,Southern,66_0220.wav,not_selected_under_data_budget
train:67_0001.wav,train,Southern,67_0001.wav,not_selected_under_data_budget
train:67_0002.wav,train,Southern,67_0002.wav,not_selected_under_data_budget
train:67_0003.wav,train,Southern,67_0003.wav,not_selected_under_data_budget
train:67_0004.wav,train,Southern,67_0004.wav,not_selected_under_data_budget
train:67_0005.wav,train,Southern,67_0005.wav,not_selected_under_data_budget
train:67_0006.wav,train,Southern,67_0006.wav,not_selected_under_data_budget
train:67_0007.wav,train,Southern,67_0007.wav,not_selected_under_data_budget
train:67_0008.wav,train,Southern,67_0008.wav,not_selected_under_data_budget
train:67_0009.wav,train,Southern,67_0009.wav,not_selected_under_data_budget
train:67_0010.wav,train,Southern,67_0010.wav,not_selected_under_data_budget
train:67_0011.wav,train,Southern,67_0011.wav,not_selected_under_data_budget
train:67_0012.wav,train,Southern,67_0012.wav,not_selected_under_data_budget
train:67_0013.wav,train,Southern,67_0013.wav,not_selected_under_data_budget
train:67_0014.wav,train,Southern,67_0014.wav,not_selected_under_data_budget
train:67_0015.wav,train,Southern,67_0015.wav,not_selected_under_data_budget
train:67_0016.wav,train,Southern,67_0016.wav,not_selected_under_data_budget
train:67_0017.wav,train,Southern,67_0017.wav,not_selected_under_data_budget
train:67_0018.wav,train,Southern,67_0018.wav,not_selected_under_data_budget
train:67_0019.wav,train,Southern,67_0019.wav,not_selected_under_data_budget
train:67_0020.wav,train,Southern,67_0020.wav,not_selected_under_data_budget
train:67_0021.wav,train,Southern,67_0021.wav,not_selected_under_data_budget
train:67_0022.wav,train,Southern,67_0022.wav,not_selected_under_data_budget
train:67_0023.wav,train,Southern,67_0023.wav,not_selected_under_data_budget
train:67_0024.wav,train,Southern,67_0024.wav,not_selected_under_data_budget
train:67_0025.wav,train,Southern,67_0025.wav,not_selected_under_data_budget
train:67_0026.wav,train,Southern,67_0026.wav,not_selected_under_data_budget
train:67_0027.wav,train,Southern,67_0027.wav,not_selected_under_data_budget
train:67_0028.wav,train,Southern,67_0028.wav,not_selected_under_data_budget
train:67_0029.wav,train,Southern,67_0029.wav,not_selected_under_data_budget
train:67_0030.wav,train,Southern,67_0030.wav,not_selected_under_data_budget
train:67_0031.wav,train,Southern,67_0031.wav,not_selected_under_data_budget
train:67_0032.wav,train,Southern,67_0032.wav,not_selected_under_data_budget
train:67_0033.wav,train,Southern,67_0033.wav,not_selected_under_data_budget
train:67_0034.wav,train,Southern,67_0034.wav,not_selected_under_data_budget
train:67_0035.wav,train,Southern,67_0035.wav,not_selected_under_data_budget
train:67_0036.wav,train,Southern,67_0036.wav,not_selected_under_data_budget
train:67_0037.wav,train,Southern,67_0037.wav,not_selected_under_data_budget
train:67_0038.wav,train,Southern,67_0038.wav,not_selected_under_data_budget
train:67_0039.wav,train,Southern,67_0039.wav,not_selected_under_data_budget
train:67_0040.wav,train,Southern,67_0040.wav,not_selected_under_data_budget
train:67_0041.wav,train,Southern,67_0041.wav,not_selected_under_data_budget
train:67_0042.wav,train,Southern,67_0042.wav,not_selected_under_data_budget
train:67_0043.wav,train,Southern,67_0043.wav,not_selected_under_data_budget
train:67_0044.wav,train,Southern,67_0044.wav,not_selected_under_data_budget
train:67_0045.wav,train,Southern,67_0045.wav,not_selected_under_data_budget
train:67_0046.wav,train,Southern,67_0046.wav,not_selected_under_data_budget
train:67_0047.wav,train,Southern,67_0047.wav,not_selected_under_data_budget
train:67_0048.wav,train,Southern,67_0048.wav,not_selected_under_data_budget
train:67_0049.wav,train,Southern,67_0049.wav,not_selected_under_data_budget
train:67_0050.wav,train,Southern,67_0050.wav,not_selected_under_data_budget
train:67_0051.wav,train,Southern,67_0051.wav,not_selected_under_data_budget
train:67_0052.wav,train,Southern,67_0052.wav,not_selected_under_data_budget
train:67_0053.wav,train,Southern,67_0053.wav,not_selected_under_data_budget
train:67_0054.wav,train,Southern,67_0054.wav,not_selected_under_data_budget
train:67_0055.wav,train,Southern,67_0055.wav,not_selected_under_data_budget
train:67_0056.wav,train,Southern,67_0056.wav,not_selected_under_data_budget
train:67_0057.wav,train,Southern,67_0057.wav,not_selected_under_data_budget
train:67_0058.wav,train,Southern,67_0058.wav,not_selected_under_data_budget
train:67_0059.wav,train,Southern,67_0059.wav,not_selected_under_data_budget
train:67_0060.wav,train,Southern,67_0060.wav,not_selected_under_data_budget
train:67_0061.wav,train,Southern,67_0061.wav,not_selected_under_data_budget
train:67_0062.wav,train,Southern,67_0062.wav,not_selected_under_data_budget
train:67_0063.wav,train,Southern,67_0063.wav,not_selected_under_data_budget
train:67_0064.wav,train,Southern,67_0064.wav,not_selected_under_data_budget
train:67_0065.wav,train,Southern,67_0065.wav,not_selected_under_data_budget
train:67_0066.wav,train,Southern,67_0066.wav,not_selected_under_data_budget
train:67_0067.wav,train,Southern,67_0067.wav,not_selected_under_data_budget
train:67_0068.wav,train,Southern,67_0068.wav,not_selected_under_data_budget
train:67_0069.wav,train,Southern,67_0069.wav,not_selected_under_data_budget
train:67_0070.wav,train,Southern,67_0070.wav,not_selected_under_data_budget
train:67_0071.wav,train,Southern,67_0071.wav,not_selected_under_data_budget
train:67_0072.wav,train,Southern,67_0072.wav,not_selected_under_data_budget
train:67_0073.wav,train,Southern,67_0073.wav,not_selected_under_data_budget
train:67_0074.wav,train,Southern,67_0074.wav,not_selected_under_data_budget
train:67_0075.wav,train,Southern,67_0075.wav,not_selected_under_data_budget
train:67_0076.wav,train,Southern,67_0076.wav,not_selected_under_data_budget
train:67_0077.wav,train,Southern,67_0077.wav,not_selected_under_data_budget
train:67_0078.wav,train,Southern,67_0078.wav,not_selected_under_data_budget
train:67_0079.wav,train,Southern,67_0079.wav,not_selected_under_data_budget
train:67_0080.wav,train,Southern,67_0080.wav,not_selected_under_data_budget
train:67_0081.wav,train,Southern,67_0081.wav,not_selected_under_data_budget
train:67_0082.wav,train,Southern,67_0082.wav,not_selected_under_data_budget
train:67_0083.wav,train,Southern,67_0083.wav,not_selected_under_data_budget
train:67_0084.wav,train,Southern,67_0084.wav,not_selected_under_data_budget
train:67_0085.wav,train,Southern,67_0085.wav,not_selected_under_data_budget
train:67_0086.wav,train,Southern,67_0086.wav,not_selected_under_data_budget
train:67_0087.wav,train,Southern,67_0087.wav,not_selected_under_data_budget
train:67_0088.wav,train,Southern,67_0088.wav,not_selected_under_data_budget
train:67_0089.wav,train,Southern,67_0089.wav,not_selected_under_data_budget
train:67_0090.wav,train,Southern,67_0090.wav,not_selected_under_data_budget
train:67_0091.wav,train,Southern,67_0091.wav,not_selected_under_data_budget
train:67_0092.wav,train,Southern,67_0092.wav,not_selected_under_data_budget
train:67_0093.wav,train,Southern,67_0093.wav,not_selected_under_data_budget
train:67_0094.wav,train,Southern,67_0094.wav,not_selected_under_data_budget
train:67_0095.wav,train,Southern,67_0095.wav,not_selected_under_data_budget
train:67_0096.wav,train,Southern,67_0096.wav,not_selected_under_data_budget
train:67_0097.wav,train,Southern,67_0097.wav,not_selected_under_data_budget
train:67_0098.wav,train,Southern,67_0098.wav,not_selected_under_data_budget
train:67_0099.wav,train,Southern,67_0099.wav,not_selected_under_data_budget
train:67_0100.wav,train,Southern,67_0100.wav,not_selected_under_data_budget
train:67_0101.wav,train,Southern,67_0101.wav,not_selected_under_data_budget
train:67_0102.wav,train,Southern,67_0102.wav,not_selected_under_data_budget
train:67_0103.wav,train,Southern,67_0103.wav,not_selected_under_data_budget
train:67_0104.wav,train,Southern,67_0104.wav,not_selected_under_data_budget
train:67_0105.wav,train,Southern,67_0105.wav,not_selected_under_data_budget
train:67_0106.wav,train,Southern,67_0106.wav,not_selected_under_data_budget
train:67_0107.wav,train,Southern,67_0107.wav,not_selected_under_data_budget
train:67_0108.wav,train,Southern,67_0108.wav,not_selected_under_data_budget
train:67_0109.wav,train,Southern,67_0109.wav,not_selected_under_data_budget
train:67_0110.wav,train,Southern,67_0110.wav,not_selected_under_data_budget
train:67_0111.wav,train,Southern,67_0111.wav,not_selected_under_data_budget
train:67_0112.wav,train,Southern,67_0112.wav,not_selected_under_data_budget
train:67_0113.wav,train,Southern,67_0113.wav,not_selected_under_data_budget
train:67_0114.wav,train,Southern,67_0114.wav,not_selected_under_data_budget
train:67_0115.wav,train,Southern,67_0115.wav,not_selected_under_data_budget
train:67_0116.wav,train,Southern,67_0116.wav,not_selected_under_data_budget
train:67_0117.wav,train,Southern,67_0117.wav,not_selected_under_data_budget
train:67_0118.wav,train,Southern,67_0118.wav,not_selected_under_data_budget
train:67_0119.wav,train,Southern,67_0119.wav,not_selected_under_data_budget
train:67_0120.wav,train,Southern,67_0120.wav,not_selected_under_data_budget
train:67_0121.wav,train,Southern,67_0121.wav,not_selected_under_data_budget
train:67_0122.wav,train,Southern,67_0122.wav,not_selected_under_data_budget
train:67_0123.wav,train,Southern,67_0123.wav,not_selected_under_data_budget
train:67_0124.wav,train,Southern,67_0124.wav,not_selected_under_data_budget
train:67_0125.wav,train,Southern,67_0125.wav,not_selected_under_data_budget
train:67_0126.wav,train,Southern,67_0126.wav,not_selected_under_data_budget
train:67_0127.wav,train,Southern,67_0127.wav,not_selected_under_data_budget
train:67_0128.wav,train,Southern,67_0128.wav,not_selected_under_data_budget
train:67_0129.wav,train,Southern,67_0129.wav,not_selected_under_data_budget
train:67_0130.wav,train,Southern,67_0130.wav,not_selected_under_data_budget
train:67_0131.wav,train,Southern,67_0131.wav,not_selected_under_data_budget
train:67_0132.wav,train,Southern,67_0132.wav,not_selected_under_data_budget
train:67_0133.wav,train,Southern,67_0133.wav,not_selected_under_data_budget
train:67_0134.wav,train,Southern,67_0134.wav,not_selected_under_data_budget
train:67_0135.wav,train,Southern,67_0135.wav,not_selected_under_data_budget
train:67_0136.wav,train,Southern,67_0136.wav,not_selected_under_data_budget
train:67_0137.wav,train,Southern,67_0137.wav,not_selected_under_data_budget
train:67_0138.wav,train,Southern,67_0138.wav,not_selected_under_data_budget
train:68_0065.wav,train,Southern,68_0065.wav,not_selected_under_data_budget
train:68_0066.wav,train,Southern,68_0066.wav,not_selected_under_data_budget
train:68_0067.wav,train,Southern,68_0067.wav,not_selected_under_data_budget
train:68_0068.wav,train,Southern,68_0068.wav,not_selected_under_data_budget
train:68_0069.wav,train,Southern,68_0069.wav,not_selected_under_data_budget
train:68_0070.wav,train,Southern,68_0070.wav,not_selected_under_data_budget
train:68_0071.wav,train,Southern,68_0071.wav,not_selected_under_data_budget
train:68_0072.wav,train,Southern,68_0072.wav,not_selected_under_data_budget
train:68_0073.wav,train,Southern,68_0073.wav,not_selected_under_data_budget
train:68_0074.wav,train,Southern,68_0074.wav,not_selected_under_data_budget
train:68_0075.wav,train,Southern,68_0075.wav,not_selected_under_data_budget
train:68_0076.wav,train,Southern,68_0076.wav,not_selected_under_data_budget
train:68_0077.wav,train,Southern,68_0077.wav,not_selected_under_data_budget
train:68_0078.wav,train,Southern,68_0078.wav,not_selected_under_data_budget
train:68_0079.wav,train,Southern,68_0079.wav,not_selected_under_data_budget
train:68_0080.wav,train,Southern,68_0080.wav,not_selected_under_data_budget
train:68_0081.wav,train,Southern,68_0081.wav,not_selected_under_data_budget
train:68_0082.wav,train,Southern,68_0082.wav,not_selected_under_data_budget
train:68_0083.wav,train,Southern,68_0083.wav,not_selected_under_data_budget
train:68_0084.wav,train,Southern,68_0084.wav,not_selected_under_data_budget
train:68_0085.wav,train,Southern,68_0085.wav,not_selected_under_data_budget
train:68_0086.wav,train,Southern,68_0086.wav,not_selected_under_data_budget
train:68_0087.wav,train,Southern,68_0087.wav,not_selected_under_data_budget
train:68_0088.wav,train,Southern,68_0088.wav,not_selected_under_data_budget
train:68_0089.wav,train,Southern,68_0089.wav,not_selected_under_data_budget
train:68_0090.wav,train,Southern,68_0090.wav,not_selected_under_data_budget
train:68_0091.wav,train,Southern,68_0091.wav,not_selected_under_data_budget
train:68_0092.wav,train,Southern,68_0092.wav,not_selected_under_data_budget
train:68_0093.wav,train,Southern,68_0093.wav,not_selected_under_data_budget
train:68_0094.wav,train,Southern,68_0094.wav,not_selected_under_data_budget
train:68_0095.wav,train,Southern,68_0095.wav,not_selected_under_data_budget
train:68_0096.wav,train,Southern,68_0096.wav,not_selected_under_data_budget
train:68_0097.wav,train,Southern,68_0097.wav,not_selected_under_data_budget
train:68_0098.wav,train,Southern,68_0098.wav,not_selected_under_data_budget
train:68_0099.wav,train,Southern,68_0099.wav,not_selected_under_data_budget
train:68_0100.wav,train,Southern,68_0100.wav,not_selected_under_data_budget
train:68_0101.wav,train,Southern,68_0101.wav,not_selected_under_data_budget
train:68_0102.wav,train,Southern,68_0102.wav,not_selected_under_data_budget
train:68_0103.wav,train,Southern,68_0103.wav,not_selected_under_data_budget
train:68_0104.wav,train,Southern,68_0104.wav,not_selected_under_data_budget
train:68_0105.wav,train,Southern,68_0105.wav,not_selected_under_data_budget
train:68_0106.wav,train,Southern,68_0106.wav,not_selected_under_data_budget
train:68_0107.wav,train,Southern,68_0107.wav,not_selected_under_data_budget
train:68_0108.wav,train,Southern,68_0108.wav,not_selected_under_data_budget
train:68_0109.wav,train,Southern,68_0109.wav,not_selected_under_data_budget
train:68_0110.wav,train,Southern,68_0110.wav,not_selected_under_data_budget
train:68_0111.wav,train,Southern,68_0111.wav,not_selected_under_data_budget
train:68_0112.wav,train,Southern,68_0112.wav,not_selected_under_data_budget
train:68_0113.wav,train,Southern,68_0113.wav,not_selected_under_data_budget
train:68_0114.wav,train,Southern,68_0114.wav,not_selected_under_data_budget
train:68_0115.wav,train,Southern,68_0115.wav,not_selected_under_data_budget
train:68_0116.wav,train,Southern,68_0116.wav,not_selected_under_data_budget
train:68_0117.wav,train,Southern,68_0117.wav,not_selected_under_data_budget
train:68_0118.wav,train,Southern,68_0118.wav,not_selected_under_data_budget
train:68_0119.wav,train,Southern,68_0119.wav,not_selected_under_data_budget
train:68_0120.wav,train,Southern,68_0120.wav,not_selected_under_data_budget
train:68_0121.wav,train,Southern,68_0121.wav,not_selected_under_data_budget
train:68_0122.wav,train,Southern,68_0122.wav,not_selected_under_data_budget
train:68_0123.wav,train,Southern,68_0123.wav,not_selected_under_data_budget
train:68_0124.wav,train,Southern,68_0124.wav,not_selected_under_data_budget
train:68_0125.wav,train,Southern,68_0125.wav,not_selected_under_data_budget
train:68_0126.wav,train,Southern,68_0126.wav,not_selected_under_data_budget
train:68_0127.wav,train,Southern,68_0127.wav,not_selected_under_data_budget
train:68_0128.wav,train,Southern,68_0128.wav,not_selected_under_data_budget
train:68_0129.wav,train,Southern,68_0129.wav,not_selected_under_data_budget
train:68_0130.wav,train,Southern,68_0130.wav,not_selected_under_data_budget
train:68_0131.wav,train,Southern,68_0131.wav,not_selected_under_data_budget
train:68_0132.wav,train,Southern,68_0132.wav,not_selected_under_data_budget
train:68_0133.wav,train,Southern,68_0133.wav,not_selected_under_data_budget
train:68_0134.wav,train,Southern,68_0134.wav,not_selected_under_data_budget
train:68_0135.wav,train,Southern,68_0135.wav,not_selected_under_data_budget
train:68_0136.wav,train,Southern,68_0136.wav,not_selected_under_data_budget
train:68_0137.wav,train,Southern,68_0137.wav,not_selected_under_data_budget
train:68_0138.wav,train,Southern,68_0138.wav,not_selected_under_data_budget
train:68_0139.wav,train,Southern,68_0139.wav,not_selected_under_data_budget
train:68_0140.wav,train,Southern,68_0140.wav,not_selected_under_data_budget
train:68_0141.wav,train,Southern,68_0141.wav,not_selected_under_data_budget
train:68_0142.wav,train,Southern,68_0142.wav,not_selected_under_data_budget
train:68_0143.wav,train,Southern,68_0143.wav,not_selected_under_data_budget
train:68_0144.wav,train,Southern,68_0144.wav,not_selected_under_data_budget
train:68_0145.wav,train,Southern,68_0145.wav,not_selected_under_data_budget
train:68_0146.wav,train,Southern,68_0146.wav,not_selected_under_data_budget
train:68_0147.wav,train,Southern,68_0147.wav,not_selected_under_data_budget
train:68_0148.wav,train,Southern,68_0148.wav,not_selected_under_data_budget
train:68_0149.wav,train,Southern,68_0149.wav,not_selected_under_data_budget
train:68_0150.wav,train,Southern,68_0150.wav,not_selected_under_data_budget
train:68_0151.wav,train,Southern,68_0151.wav,not_selected_under_data_budget
train:68_0152.wav,train,Southern,68_0152.wav,not_selected_under_data_budget
train:68_0153.wav,train,Southern,68_0153.wav,not_selected_under_data_budget
train:68_0154.wav,train,Southern,68_0154.wav,not_selected_under_data_budget
train:68_0155.wav,train,Southern,68_0155.wav,not_selected_under_data_budget
train:68_0156.wav,train,Southern,68_0156.wav,not_selected_under_data_budget
train:68_0157.wav,train,Southern,68_0157.wav,not_selected_under_data_budget
train:68_0158.wav,train,Southern,68_0158.wav,not_selected_under_data_budget
train:68_0159.wav,train,Southern,68_0159.wav,not_selected_under_data_budget
train:68_0160.wav,train,Southern,68_0160.wav,not_selected_under_data_budget
train:68_0161.wav,train,Southern,68_0161.wav,not_selected_under_data_budget
train:68_0162.wav,train,Southern,68_0162.wav,not_selected_under_data_budget
train:68_0163.wav,train,Southern,68_0163.wav,not_selected_under_data_budget
train:68_0164.wav,train,Southern,68_0164.wav,not_selected_under_data_budget
train:68_0165.wav,train,Southern,68_0165.wav,not_selected_under_data_budget
train:68_0166.wav,train,Southern,68_0166.wav,not_selected_under_data_budget
train:68_0167.wav,train,Southern,68_0167.wav,not_selected_under_data_budget
train:68_0168.wav,train,Southern,68_0168.wav,not_selected_under_data_budget
train:68_0169.wav,train,Southern,68_0169.wav,not_selected_under_data_budget
train:68_0170.wav,train,Southern,68_0170.wav,not_selected_under_data_budget
train:68_0171.wav,train,Southern,68_0171.wav,not_selected_under_data_budget
train:68_0172.wav,train,Southern,68_0172.wav,not_selected_under_data_budget
train:68_0173.wav,train,Southern,68_0173.wav,not_selected_under_data_budget
train:68_0174.wav,train,Southern,68_0174.wav,not_selected_under_data_budget
train:68_0175.wav,train,Southern,68_0175.wav,not_selected_under_data_budget
train:68_0176.wav,train,Southern,68_0176.wav,not_selected_under_data_budget
train:68_0177.wav,train,Southern,68_0177.wav,not_selected_under_data_budget
train:68_0178.wav,train,Southern,68_0178.wav,not_selected_under_data_budget
train:68_0179.wav,train,Southern,68_0179.wav,not_selected_under_data_budget
train:68_0180.wav,train,Southern,68_0180.wav,not_selected_under_data_budget
train:68_0181.wav,train,Southern,68_0181.wav,not_selected_under_data_budget
train:68_0182.wav,train,Southern,68_0182.wav,not_selected_under_data_budget
train:68_0183.wav,train,Southern,68_0183.wav,not_selected_under_data_budget
train:68_0184.wav,train,Southern,68_0184.wav,not_selected_under_data_budget
train:68_0185.wav,train,Southern,68_0185.wav,not_selected_under_data_budget
train:68_0186.wav,train,Southern,68_0186.wav,not_selected_under_data_budget
train:68_0187.wav,train,Southern,68_0187.wav,not_selected_under_data_budget
train:68_0188.wav,train,Southern,68_0188.wav,not_selected_under_data_budget
train:68_0189.wav,train,Southern,68_0189.wav,not_selected_under_data_budget
train:68_0190.wav,train,Southern,68_0190.wav,not_selected_under_data_budget
train:68_0191.wav,train,Southern,68_0191.wav,not_selected_under_data_budget
train:68_0192.wav,train,Southern,68_0192.wav,not_selected_under_data_budget
train:68_0193.wav,train,Southern,68_0193.wav,not_selected_under_data_budget
train:68_0194.wav,train,Southern,68_0194.wav,not_selected_under_data_budget
train:68_0195.wav,train,Southern,68_0195.wav,not_selected_under_data_budget
train:68_0196.wav,train,Southern,68_0196.wav,not_selected_under_data_budget
train:68_0197.wav,train,Southern,68_0197.wav,not_selected_under_data_budget
train:68_0198.wav,train,Southern,68_0198.wav,not_selected_under_data_budget
train:68_0199.wav,train,Southern,68_0199.wav,not_selected_under_data_budget
train:68_0200.wav,train,Southern,68_0200.wav,not_selected_under_data_budget
train:68_0201.wav,train,Southern,68_0201.wav,not_selected_under_data_budget
train:68_0202.wav,train,Southern,68_0202.wav,not_selected_under_data_budget
train:68_0203.wav,train,Southern,68_0203.wav,not_selected_under_data_budget
train:68_0204.wav,train,Southern,68_0204.wav,not_selected_under_data_budget
train:68_0205.wav,train,Southern,68_0205.wav,not_selected_under_data_budget
train:68_0206.wav,train,Southern,68_0206.wav,not_selected_under_data_budget
train:68_0207.wav,train,Southern,68_0207.wav,not_selected_under_data_budget
train:68_0208.wav,train,Southern,68_0208.wav,not_selected_under_data_budget
train:68_0209.wav,train,Southern,68_0209.wav,not_selected_under_data_budget
train:68_0213.wav,train,Southern,68_0213.wav,not_selected_under_data_budget
train:71_0102.wav,train,Southern,71_0102.wav,not_selected_under_data_budget
train:71_0103.wav,train,Southern,71_0103.wav,not_selected_under_data_budget
train:71_0104.wav,train,Southern,71_0104.wav,not_selected_under_data_budget
train:71_0106.wav,train,Southern,71_0106.wav,not_selected_under_data_budget
train:71_0107.wav,train,Southern,71_0107.wav,not_selected_under_data_budget
train:71_0109.wav,train,Southern,71_0109.wav,not_selected_under_data_budget
train:71_0110.wav,train,Southern,71_0110.wav,not_selected_under_data_budget
train:71_0111.wav,train,Southern,71_0111.wav,not_selected_under_data_budget
train:71_0114.wav,train,Southern,71_0114.wav,not_selected_under_data_budget
train:71_0115.wav,train,Southern,71_0115.wav,not_selected_under_data_budget
train:71_0117.wav,train,Southern,71_0117.wav,not_selected_under_data_budget
train:71_0118.wav,train,Southern,71_0118.wav,not_selected_under_data_budget
train:71_0119.wav,train,Southern,71_0119.wav,not_selected_under_data_budget
train:71_0120.wav,train,Southern,71_0120.wav,not_selected_under_data_budget
train:71_0122.wav,train,Southern,71_0122.wav,not_selected_under_data_budget
train:71_0123.wav,train,Southern,71_0123.wav,not_selected_under_data_budget
train:71_0124.wav,train,Southern,71_0124.wav,not_selected_under_data_budget
train:71_0125.wav,train,Southern,71_0125.wav,not_selected_under_data_budget
train:71_0126.wav,train,Southern,71_0126.wav,not_selected_under_data_budget
train:71_0127.wav,train,Southern,71_0127.wav,not_selected_under_data_budget
train:71_0128.wav,train,Southern,71_0128.wav,not_selected_under_data_budget
train:71_0129.wav,train,Southern,71_0129.wav,not_selected_under_data_budget
train:71_0130.wav,train,Southern,71_0130.wav,not_selected_under_data_budget
train:71_0131.wav,train,Southern,71_0131.wav,not_selected_under_data_budget
train:71_0133.wav,train,Southern,71_0133.wav,not_selected_under_data_budget
train:71_0134.wav,train,Southern,71_0134.wav,not_selected_under_data_budget
train:71_0135.wav,train,Southern,71_0135.wav,not_selected_under_data_budget
train:71_0137.wav,train,Southern,71_0137.wav,not_selected_under_data_budget
train:71_0138.wav,train,Southern,71_0138.wav,not_selected_under_data_budget
train:71_0140.wav,train,Southern,71_0140.wav,not_selected_under_data_budget
train:71_0141.wav,train,Southern,71_0141.wav,not_selected_under_data_budget
train:71_0142.wav,train,Southern,71_0142.wav,not_selected_under_data_budget
train:71_0143.wav,train,Southern,71_0143.wav,not_selected_under_data_budget
train:71_0145.wav,train,Southern,71_0145.wav,not_selected_under_data_budget
train:71_0146.wav,train,Southern,71_0146.wav,not_selected_under_data_budget
train:71_0148.wav,train,Southern,71_0148.wav,not_selected_under_data_budget
train:71_0149.wav,train,Southern,71_0149.wav,not_selected_under_data_budget
train:71_0150.wav,train,Southern,71_0150.wav,not_selected_under_data_budget
train:71_0151.wav,train,Southern,71_0151.wav,not_selected_under_data_budget
train:71_0152.wav,train,Southern,71_0152.wav,not_selected_under_data_budget
train:71_0153.wav,train,Southern,71_0153.wav,not_selected_under_data_budget
train:71_0154.wav,train,Southern,71_0154.wav,not_selected_under_data_budget
train:71_0155.wav,train,Southern,71_0155.wav,not_selected_under_data_budget
train:71_0156.wav,train,Southern,71_0156.wav,not_selected_under_data_budget
train:71_0157.wav,train,Southern,71_0157.wav,not_selected_under_data_budget
train:71_0158.wav,train,Southern,71_0158.wav,not_selected_under_data_budget
train:71_0159.wav,train,Southern,71_0159.wav,not_selected_under_data_budget
train:71_0161.wav,train,Southern,71_0161.wav,not_selected_under_data_budget
train:71_0162.wav,train,Southern,71_0162.wav,not_selected_under_data_budget
train:71_0163.wav,train,Southern,71_0163.wav,not_selected_under_data_budget
train:71_0164.wav,train,Southern,71_0164.wav,not_selected_under_data_budget
train:71_0165.wav,train,Southern,71_0165.wav,not_selected_under_data_budget
train:71_0167.wav,train,Southern,71_0167.wav,not_selected_under_data_budget
train:71_0168.wav,train,Southern,71_0168.wav,not_selected_under_data_budget
train:71_0169.wav,train,Southern,71_0169.wav,not_selected_under_data_budget
train:71_0170.wav,train,Southern,71_0170.wav,not_selected_under_data_budget
train:71_0173.wav,train,Southern,71_0173.wav,not_selected_under_data_budget
train:71_0174.wav,train,Southern,71_0174.wav,not_selected_under_data_budget
train:71_0175.wav,train,Southern,71_0175.wav,not_selected_under_data_budget
train:71_0177.wav,train,Southern,71_0177.wav,not_selected_under_data_budget
train:71_0178.wav,train,Southern,71_0178.wav,not_selected_under_data_budget
train:71_0179.wav,train,Southern,71_0179.wav,not_selected_under_data_budget
train:71_0180.wav,train,Southern,71_0180.wav,not_selected_under_data_budget
train:71_0181.wav,train,Southern,71_0181.wav,not_selected_under_data_budget
train:71_0182.wav,train,Southern,71_0182.wav,not_selected_under_data_budget
train:71_0183.wav,train,Southern,71_0183.wav,not_selected_under_data_budget
train:71_0184.wav,train,Southern,71_0184.wav,not_selected_under_data_budget
train:71_0185.wav,train,Southern,71_0185.wav,not_selected_under_data_budget
train:71_0186.wav,train,Southern,71_0186.wav,not_selected_under_data_budget
train:71_0188.wav,train,Southern,71_0188.wav,not_selected_under_data_budget
train:71_0189.wav,train,Southern,71_0189.wav,not_selected_under_data_budget
train:71_0190.wav,train,Southern,71_0190.wav,not_selected_under_data_budget
train:71_0191.wav,train,Southern,71_0191.wav,not_selected_under_data_budget
train:71_0193.wav,train,Southern,71_0193.wav,not_selected_under_data_budget
train:71_0194.wav,train,Southern,71_0194.wav,not_selected_under_data_budget
train:71_0195.wav,train,Southern,71_0195.wav,not_selected_under_data_budget
train:71_0196.wav,train,Southern,71_0196.wav,not_selected_under_data_budget
train:71_0197.wav,train,Southern,71_0197.wav,not_selected_under_data_budget
train:71_0200.wav,train,Southern,71_0200.wav,not_selected_under_data_budget
train:71_0201.wav,train,Southern,71_0201.wav,not_selected_under_data_budget
train:71_0203.wav,train,Southern,71_0203.wav,not_selected_under_data_budget
train:71_0204.wav,train,Southern,71_0204.wav,not_selected_under_data_budget
train:71_0205.wav,train,Southern,71_0205.wav,not_selected_under_data_budget
train:71_0207.wav,train,Southern,71_0207.wav,not_selected_under_data_budget
train:71_0208.wav,train,Southern,71_0208.wav,not_selected_under_data_budget
train:71_0209.wav,train,Southern,71_0209.wav,not_selected_under_data_budget
train:71_0210.wav,train,Southern,71_0210.wav,not_selected_under_data_budget
train:71_0211.wav,train,Southern,71_0211.wav,not_selected_under_data_budget
train:71_0212.wav,train,Southern,71_0212.wav,not_selected_under_data_budget
train:71_0213.wav,train,Southern,71_0213.wav,not_selected_under_data_budget
train:71_0215.wav,train,Southern,71_0215.wav,not_selected_under_data_budget
train:71_0216.wav,train,Southern,71_0216.wav,not_selected_under_data_budget
train:71_0218.wav,train,Southern,71_0218.wav,not_selected_under_data_budget
train:71_0222.wav,train,Southern,71_0222.wav,not_selected_under_data_budget
train:71_0223.wav,train,Southern,71_0223.wav,not_selected_under_data_budget
train:71_0224.wav,train,Southern,71_0224.wav,not_selected_under_data_budget
train:71_0225.wav,train,Southern,71_0225.wav,not_selected_under_data_budget
train:71_0228.wav,train,Southern,71_0228.wav,not_selected_under_data_budget
train:71_0230.wav,train,Southern,71_0230.wav,not_selected_under_data_budget
train:71_0232.wav,train,Southern,71_0232.wav,not_selected_under_data_budget
train:71_0237.wav,train,Southern,71_0237.wav,not_selected_under_data_budget
train:71_0238.wav,train,Southern,71_0238.wav,not_selected_under_data_budget
train:71_0239.wav,train,Southern,71_0239.wav,not_selected_under_data_budget
train:72_0001.wav,train,Southern,72_0001.wav,not_selected_under_data_budget
train:72_0002.wav,train,Southern,72_0002.wav,not_selected_under_data_budget
train:72_0003.wav,train,Southern,72_0003.wav,not_selected_under_data_budget
train:72_0004.wav,train,Southern,72_0004.wav,not_selected_under_data_budget
train:72_0008.wav,train,Southern,72_0008.wav,not_selected_under_data_budget
train:72_0009.wav,train,Southern,72_0009.wav,not_selected_under_data_budget
train:72_0010.wav,train,Southern,72_0010.wav,not_selected_under_data_budget
train:72_0011.wav,train,Southern,72_0011.wav,not_selected_under_data_budget
train:72_0014.wav,train,Southern,72_0014.wav,not_selected_under_data_budget
train:72_0015.wav,train,Southern,72_0015.wav,not_selected_under_data_budget
train:76_0177.wav,train,Central,76_0177.wav,not_selected_under_data_budget
train:76_0178.wav,train,Central,76_0178.wav,not_selected_under_data_budget
train:76_0179.wav,train,Central,76_0179.wav,not_selected_under_data_budget
train:76_0180.wav,train,Central,76_0180.wav,not_selected_under_data_budget
train:76_0181.wav,train,Central,76_0181.wav,not_selected_under_data_budget
train:76_0182.wav,train,Central,76_0182.wav,not_selected_under_data_budget
train:76_0183.wav,train,Central,76_0183.wav,not_selected_under_data_budget
train:76_0184.wav,train,Central,76_0184.wav,not_selected_under_data_budget
train:76_0185.wav,train,Central,76_0185.wav,not_selected_under_data_budget
train:76_0186.wav,train,Central,76_0186.wav,not_selected_under_data_budget
train:76_0187.wav,train,Central,76_0187.wav,not_selected_under_data_budget
train:76_0188.wav,train,Central,76_0188.wav,not_selected_under_data_budget
train:76_0189.wav,train,Central,76_0189.wav,not_selected_under_data_budget
train:76_0190.wav,train,Central,76_0190.wav,not_selected_under_data_budget
train:76_0191.wav,train,Central,76_0191.wav,not_selected_under_data_budget
train:76_0192.wav,train,Central,76_0192.wav,not_selected_under_data_budget
train:76_0193.wav,train,Central,76_0193.wav,not_selected_under_data_budget
train:76_0194.wav,train,Central,76_0194.wav,not_selected_under_data_budget
train:76_0195.wav,train,Central,76_0195.wav,not_selected_under_data_budget
train:76_0196.wav,train,Central,76_0196.wav,not_selected_under_data_budget
train:76_0197.wav,train,Central,76_0197.wav,not_selected_under_data_budget
train:76_0198.wav,train,Central,76_0198.wav,not_selected_under_data_budget
train:76_0199.wav,train,Central,76_0199.wav,not_selected_under_data_budget
train:76_0200.wav,train,Central,76_0200.wav,not_selected_under_data_budget
train:76_0201.wav,train,Central,76_0201.wav,not_selected_under_data_budget
train:76_0202.wav,train,Central,76_0202.wav,not_selected_under_data_budget
train:76_0203.wav,train,Central,76_0203.wav,not_selected_under_data_budget
train:76_0204.wav,train,Central,76_0204.wav,not_selected_under_data_budget
train:76_0205.wav,train,Central,76_0205.wav,not_selected_under_data_budget
train:76_0206.wav,train,Central,76_0206.wav,not_selected_under_data_budget
train:76_0207.wav,train,Central,76_0207.wav,not_selected_under_data_budget
train:76_0208.wav,train,Central,76_0208.wav,not_selected_under_data_budget
train:76_0209.wav,train,Central,76_0209.wav,not_selected_under_data_budget
train:76_0210.wav,train,Central,76_0210.wav,not_selected_under_data_budget
train:76_0211.wav,train,Central,76_0211.wav,not_selected_under_data_budget
train:76_0212.wav,train,Central,76_0212.wav,not_selected_under_data_budget
train:76_0213.wav,train,Central,76_0213.wav,not_selected_under_data_budget
train:76_0214.wav,train,Central,76_0214.wav,not_selected_under_data_budget
train:76_0215.wav,train,Central,76_0215.wav,not_selected_under_data_budget
train:76_0216.wav,train,Central,76_0216.wav,not_selected_under_data_budget
train:76_0217.wav,train,Central,76_0217.wav,not_selected_under_data_budget
train:76_0218.wav,train,Central,76_0218.wav,not_selected_under_data_budget
train:76_0219.wav,train,Central,76_0219.wav,not_selected_under_data_budget
train:76_0220.wav,train,Central,76_0220.wav,not_selected_under_data_budget
train:76_0221.wav,train,Central,76_0221.wav,not_selected_under_data_budget
train:76_0222.wav,train,Central,76_0222.wav,not_selected_under_data_budget
train:76_0223.wav,train,Central,76_0223.wav,not_selected_under_data_budget
train:76_0224.wav,train,Central,76_0224.wav,not_selected_under_data_budget
train:76_0225.wav,train,Central,76_0225.wav,not_selected_under_data_budget
train:76_0226.wav,train,Central,76_0226.wav,not_selected_under_data_budget
train:76_0227.wav,train,Central,76_0227.wav,not_selected_under_data_budget
train:76_0228.wav,train,Central,76_0228.wav,not_selected_under_data_budget
train:76_0229.wav,train,Central,76_0229.wav,not_selected_under_data_budget
train:76_0230.wav,train,Central,76_0230.wav,not_selected_under_data_budget
train:76_0231.wav,train,Central,76_0231.wav,not_selected_under_data_budget
train:76_0232.wav,train,Central,76_0232.wav,not_selected_under_data_budget
train:76_0233.wav,train,Central,76_0233.wav,not_selected_under_data_budget
train:76_0234.wav,train,Central,76_0234.wav,not_selected_under_data_budget
train:76_0235.wav,train,Central,76_0235.wav,not_selected_under_data_budget
train:76_0236.wav,train,Central,76_0236.wav,not_selected_under_data_budget
train:76_0237.wav,train,Central,76_0237.wav,not_selected_under_data_budget
train:76_0238.wav,train,Central,76_0238.wav,not_selected_under_data_budget
train:76_0239.wav,train,Central,76_0239.wav,not_selected_under_data_budget
train:76_0240.wav,train,Central,76_0240.wav,not_selected_under_data_budget
train:76_0241.wav,train,Central,76_0241.wav,not_selected_under_data_budget
train:76_0242.wav,train,Central,76_0242.wav,not_selected_under_data_budget
train:76_0243.wav,train,Central,76_0243.wav,not_selected_under_data_budget
train:76_0244.wav,train,Central,76_0244.wav,not_selected_under_data_budget
train:76_0245.wav,train,Central,76_0245.wav,not_selected_under_data_budget
train:76_0246.wav,train,Central,76_0246.wav,not_selected_under_data_budget
train:76_0247.wav,train,Central,76_0247.wav,not_selected_under_data_budget
train:76_0248.wav,train,Central,76_0248.wav,not_selected_under_data_budget
train:76_0249.wav,train,Central,76_0249.wav,not_selected_under_data_budget
train:76_0250.wav,train,Central,76_0250.wav,not_selected_under_data_budget
train:76_0251.wav,train,Central,76_0251.wav,not_selected_under_data_budget
train:76_0252.wav,train,Central,76_0252.wav,not_selected_under_data_budget
train:76_0253.wav,train,Central,76_0253.wav,not_selected_under_data_budget
train:76_0256.wav,train,Central,76_0256.wav,not_selected_under_data_budget
train:76_0262.wav,train,Central,76_0262.wav,not_selected_under_data_budget
train:76_0265.wav,train,Central,76_0265.wav,not_selected_under_data_budget
train:76_0271.wav,train,Central,76_0271.wav,not_selected_under_data_budget
train:76_0272.wav,train,Central,76_0272.wav,not_selected_under_data_budget
train:76_0273.wav,train,Central,76_0273.wav,not_selected_under_data_budget
train:76_0274.wav,train,Central,76_0274.wav,not_selected_under_data_budget
train:77_0001.wav,train,Central,77_0001.wav,not_selected_under_data_budget
train:77_0002.wav,train,Central,77_0002.wav,not_selected_under_data_budget
train:77_0003.wav,train,Central,77_0003.wav,not_selected_under_data_budget
train:77_0004.wav,train,Central,77_0004.wav,not_selected_under_data_budget
train:77_0005.wav,train,Central,77_0005.wav,not_selected_under_data_budget
train:77_0006.wav,train,Central,77_0006.wav,not_selected_under_data_budget
train:77_0007.wav,train,Central,77_0007.wav,not_selected_under_data_budget
train:77_0008.wav,train,Central,77_0008.wav,not_selected_under_data_budget
train:77_0009.wav,train,Central,77_0009.wav,not_selected_under_data_budget
train:77_0010.wav,train,Central,77_0010.wav,not_selected_under_data_budget
train:77_0011.wav,train,Central,77_0011.wav,not_selected_under_data_budget
train:77_0012.wav,train,Central,77_0012.wav,not_selected_under_data_budget
train:77_0013.wav,train,Central,77_0013.wav,not_selected_under_data_budget
train:77_0014.wav,train,Central,77_0014.wav,not_selected_under_data_budget
train:77_0015.wav,train,Central,77_0015.wav,not_selected_under_data_budget
train:77_0016.wav,train,Central,77_0016.wav,not_selected_under_data_budget
train:77_0017.wav,train,Central,77_0017.wav,not_selected_under_data_budget
train:77_0018.wav,train,Central,77_0018.wav,not_selected_under_data_budget
train:77_0019.wav,train,Central,77_0019.wav,not_selected_under_data_budget
train:77_0020.wav,train,Central,77_0020.wav,not_selected_under_data_budget
train:77_0021.wav,train,Central,77_0021.wav,not_selected_under_data_budget
train:77_0022.wav,train,Central,77_0022.wav,not_selected_under_data_budget
train:77_0023.wav,train,Central,77_0023.wav,not_selected_under_data_budget
train:77_0024.wav,train,Central,77_0024.wav,not_selected_under_data_budget
train:77_0025.wav,train,Central,77_0025.wav,not_selected_under_data_budget
train:77_0026.wav,train,Central,77_0026.wav,not_selected_under_data_budget
train:77_0027.wav,train,Central,77_0027.wav,not_selected_under_data_budget
train:77_0028.wav,train,Central,77_0028.wav,not_selected_under_data_budget
train:77_0029.wav,train,Central,77_0029.wav,not_selected_under_data_budget
train:77_0030.wav,train,Central,77_0030.wav,not_selected_under_data_budget
train:77_0031.wav,train,Central,77_0031.wav,not_selected_under_data_budget
train:77_0032.wav,train,Central,77_0032.wav,not_selected_under_data_budget
train:77_0033.wav,train,Central,77_0033.wav,not_selected_under_data_budget
train:77_0034.wav,train,Central,77_0034.wav,not_selected_under_data_budget
train:77_0035.wav,train,Central,77_0035.wav,not_selected_under_data_budget
train:77_0036.wav,train,Central,77_0036.wav,not_selected_under_data_budget
train:77_0037.wav,train,Central,77_0037.wav,not_selected_under_data_budget
train:77_0038.wav,train,Central,77_0038.wav,not_selected_under_data_budget
train:77_0039.wav,train,Central,77_0039.wav,not_selected_under_data_budget
train:77_0040.wav,train,Central,77_0040.wav,not_selected_under_data_budget
train:77_0041.wav,train,Central,77_0041.wav,not_selected_under_data_budget
train:77_0042.wav,train,Central,77_0042.wav,not_selected_under_data_budget
train:77_0043.wav,train,Central,77_0043.wav,not_selected_under_data_budget
train:77_0044.wav,train,Central,77_0044.wav,not_selected_under_data_budget
train:77_0045.wav,train,Central,77_0045.wav,not_selected_under_data_budget
train:77_0046.wav,train,Central,77_0046.wav,not_selected_under_data_budget
train:77_0047.wav,train,Central,77_0047.wav,not_selected_under_data_budget
train:77_0048.wav,train,Central,77_0048.wav,not_selected_under_data_budget
train:77_0049.wav,train,Central,77_0049.wav,not_selected_under_data_budget
train:77_0050.wav,train,Central,77_0050.wav,not_selected_under_data_budget
train:77_0051.wav,train,Central,77_0051.wav,not_selected_under_data_budget
train:77_0052.wav,train,Central,77_0052.wav,not_selected_under_data_budget
train:77_0053.wav,train,Central,77_0053.wav,not_selected_under_data_budget
train:77_0054.wav,train,Central,77_0054.wav,not_selected_under_data_budget
train:77_0055.wav,train,Central,77_0055.wav,not_selected_under_data_budget
train:77_0056.wav,train,Central,77_0056.wav,not_selected_under_data_budget
train:77_0057.wav,train,Central,77_0057.wav,not_selected_under_data_budget
train:77_0058.wav,train,Central,77_0058.wav,not_selected_under_data_budget
train:77_0059.wav,train,Central,77_0059.wav,not_selected_under_data_budget
train:77_0060.wav,train,Central,77_0060.wav,not_selected_under_data_budget
train:77_0061.wav,train,Central,77_0061.wav,not_selected_under_data_budget
train:77_0062.wav,train,Central,77_0062.wav,not_selected_under_data_budget
train:77_0063.wav,train,Central,77_0063.wav,not_selected_under_data_budget
train:77_0064.wav,train,Central,77_0064.wav,not_selected_under_data_budget
train:77_0065.wav,train,Central,77_0065.wav,not_selected_under_data_budget
train:77_0066.wav,train,Central,77_0066.wav,not_selected_under_data_budget
train:77_0067.wav,train,Central,77_0067.wav,not_selected_under_data_budget
train:77_0068.wav,train,Central,77_0068.wav,not_selected_under_data_budget
train:77_0069.wav,train,Central,77_0069.wav,not_selected_under_data_budget
train:77_0070.wav,train,Central,77_0070.wav,not_selected_under_data_budget
train:77_0071.wav,train,Central,77_0071.wav,not_selected_under_data_budget
train:77_0072.wav,train,Central,77_0072.wav,not_selected_under_data_budget
train:77_0073.wav,train,Central,77_0073.wav,not_selected_under_data_budget
train:77_0074.wav,train,Central,77_0074.wav,not_selected_under_data_budget
train:77_0075.wav,train,Central,77_0075.wav,not_selected_under_data_budget
train:77_0076.wav,train,Central,77_0076.wav,not_selected_under_data_budget
train:77_0077.wav,train,Central,77_0077.wav,not_selected_under_data_budget
train:77_0078.wav,train,Central,77_0078.wav,not_selected_under_data_budget
train:77_0079.wav,train,Central,77_0079.wav,not_selected_under_data_budget
train:77_0080.wav,train,Central,77_0080.wav,not_selected_under_data_budget
train:77_0081.wav,train,Central,77_0081.wav,not_selected_under_data_budget
train:77_0082.wav,train,Central,77_0082.wav,not_selected_under_data_budget
train:77_0083.wav,train,Central,77_0083.wav,not_selected_under_data_budget
train:77_0084.wav,train,Central,77_0084.wav,not_selected_under_data_budget
train:77_0085.wav,train,Central,77_0085.wav,not_selected_under_data_budget
train:77_0086.wav,train,Central,77_0086.wav,not_selected_under_data_budget
train:77_0087.wav,train,Central,77_0087.wav,not_selected_under_data_budget
train:77_0088.wav,train,Central,77_0088.wav,not_selected_under_data_budget
train:77_0089.wav,train,Central,77_0089.wav,not_selected_under_data_budget
train:77_0090.wav,train,Central,77_0090.wav,not_selected_under_data_budget
train:77_0091.wav,train,Central,77_0091.wav,not_selected_under_data_budget
train:77_0092.wav,train,Central,77_0092.wav,not_selected_under_data_budget
train:77_0093.wav,train,Central,77_0093.wav,not_selected_under_data_budget
train:77_0094.wav,train,Central,77_0094.wav,not_selected_under_data_budget
train:77_0095.wav,train,Central,77_0095.wav,not_selected_under_data_budget
train:77_0096.wav,train,Central,77_0096.wav,not_selected_under_data_budget
train:77_0097.wav,train,Central,77_0097.wav,not_selected_under_data_budget
train:77_0098.wav,train,Central,77_0098.wav,not_selected_under_data_budget
train:77_0099.wav,train,Central,77_0099.wav,not_selected_under_data_budget
train:77_0100.wav,train,Central,77_0100.wav,not_selected_under_data_budget
train:77_0101.wav,train,Central,77_0101.wav,not_selected_under_data_budget
train:77_0102.wav,train,Central,77_0102.wav,not_selected_under_data_budget
train:77_0103.wav,train,Central,77_0103.wav,not_selected_under_data_budget
train:77_0104.wav,train,Central,77_0104.wav,not_selected_under_data_budget
train:77_0105.wav,train,Central,77_0105.wav,not_selected_under_data_budget
train:77_0106.wav,train,Central,77_0106.wav,not_selected_under_data_budget
train:77_0107.wav,train,Central,77_0107.wav,not_selected_under_data_budget
train:77_0108.wav,train,Central,77_0108.wav,not_selected_under_data_budget
train:77_0109.wav,train,Central,77_0109.wav,not_selected_under_data_budget
train:77_0110.wav,train,Central,77_0110.wav,not_selected_under_data_budget
train:77_0111.wav,train,Central,77_0111.wav,not_selected_under_data_budget
train:77_0112.wav,train,Central,77_0112.wav,not_selected_under_data_budget
train:77_0113.wav,train,Central,77_0113.wav,not_selected_under_data_budget
train:77_0114.wav,train,Central,77_0114.wav,not_selected_under_data_budget
train:77_0115.wav,train,Central,77_0115.wav,not_selected_under_data_budget
train:77_0116.wav,train,Central,77_0116.wav,not_selected_under_data_budget
train:77_0117.wav,train,Central,77_0117.wav,not_selected_under_data_budget
train:77_0118.wav,train,Central,77_0118.wav,not_selected_under_data_budget
train:77_0119.wav,train,Central,77_0119.wav,not_selected_under_data_budget
train:77_0120.wav,train,Central,77_0120.wav,not_selected_under_data_budget
train:77_0121.wav,train,Central,77_0121.wav,not_selected_under_data_budget
train:77_0122.wav,train,Central,77_0122.wav,not_selected_under_data_budget
train:77_0123.wav,train,Central,77_0123.wav,not_selected_under_data_budget
train:77_0124.wav,train,Central,77_0124.wav,not_selected_under_data_budget
train:77_0125.wav,train,Central,77_0125.wav,not_selected_under_data_budget
train:77_0126.wav,train,Central,77_0126.wav,not_selected_under_data_budget
train:77_0127.wav,train,Central,77_0127.wav,not_selected_under_data_budget
train:77_0128.wav,train,Central,77_0128.wav,not_selected_under_data_budget
train:77_0129.wav,train,Central,77_0129.wav,not_selected_under_data_budget
train:77_0130.wav,train,Central,77_0130.wav,not_selected_under_data_budget
train:77_0131.wav,train,Central,77_0131.wav,not_selected_under_data_budget
train:77_0132.wav,train,Central,77_0132.wav,not_selected_under_data_budget
train:77_0133.wav,train,Central,77_0133.wav,not_selected_under_data_budget
train:77_0134.wav,train,Central,77_0134.wav,not_selected_under_data_budget
train:77_0135.wav,train,Central,77_0135.wav,not_selected_under_data_budget
train:77_0136.wav,train,Central,77_0136.wav,not_selected_under_data_budget
train:77_0137.wav,train,Central,77_0137.wav,not_selected_under_data_budget
train:77_0138.wav,train,Central,77_0138.wav,not_selected_under_data_budget
train:77_0139.wav,train,Central,77_0139.wav,not_selected_under_data_budget
train:77_0140.wav,train,Central,77_0140.wav,not_selected_under_data_budget
train:77_0141.wav,train,Central,77_0141.wav,not_selected_under_data_budget
train:77_0142.wav,train,Central,77_0142.wav,not_selected_under_data_budget
train:77_0143.wav,train,Central,77_0143.wav,not_selected_under_data_budget
train:77_0144.wav,train,Central,77_0144.wav,not_selected_under_data_budget
train:77_0145.wav,train,Central,77_0145.wav,not_selected_under_data_budget
train:77_0146.wav,train,Central,77_0146.wav,not_selected_under_data_budget
train:77_0147.wav,train,Central,77_0147.wav,not_selected_under_data_budget
train:77_0148.wav,train,Central,77_0148.wav,not_selected_under_data_budget
train:77_0149.wav,train,Central,77_0149.wav,not_selected_under_data_budget
train:77_0150.wav,train,Central,77_0150.wav,not_selected_under_data_budget
train:77_0151.wav,train,Central,77_0151.wav,not_selected_under_data_budget
train:77_0152.wav,train,Central,77_0152.wav,not_selected_under_data_budget
train:77_0153.wav,train,Central,77_0153.wav,not_selected_under_data_budget
train:77_0154.wav,train,Central,77_0154.wav,not_selected_under_data_budget
train:77_0155.wav,train,Central,77_0155.wav,not_selected_under_data_budget
train:77_0156.wav,train,Central,77_0156.wav,not_selected_under_data_budget
train:77_0157.wav,train,Central,77_0157.wav,not_selected_under_data_budget
train:77_0158.wav,train,Central,77_0158.wav,not_selected_under_data_budget
train:77_0159.wav,train,Central,77_0159.wav,not_selected_under_data_budget
train:77_0160.wav,train,Central,77_0160.wav,not_selected_under_data_budget
train:77_0161.wav,train,Central,77_0161.wav,not_selected_under_data_budget
train:77_0162.wav,train,Central,77_0162.wav,not_selected_under_data_budget
train:77_0163.wav,train,Central,77_0163.wav,not_selected_under_data_budget
train:77_0164.wav,train,Central,77_0164.wav,not_selected_under_data_budget
train:77_0165.wav,train,Central,77_0165.wav,not_selected_under_data_budget
train:77_0166.wav,train,Central,77_0166.wav,not_selected_under_data_budget
train:77_0167.wav,train,Central,77_0167.wav,not_selected_under_data_budget
train:77_0168.wav,train,Central,77_0168.wav,not_selected_under_data_budget
train:77_0169.wav,train,Central,77_0169.wav,not_selected_under_data_budget
train:77_0170.wav,train,Central,77_0170.wav,not_selected_under_data_budget
train:77_0171.wav,train,Central,77_0171.wav,not_selected_under_data_budget
train:77_0172.wav,train,Central,77_0172.wav,not_selected_under_data_budget
train:77_0173.wav,train,Central,77_0173.wav,not_selected_under_data_budget
train:77_0174.wav,train,Central,77_0174.wav,not_selected_under_data_budget
train:77_0175.wav,train,Central,77_0175.wav,not_selected_under_data_budget
train:77_0176.wav,train,Central,77_0176.wav,not_selected_under_data_budget
train:77_0177.wav,train,Central,77_0177.wav,not_selected_under_data_budget
train:77_0178.wav,train,Central,77_0178.wav,not_selected_under_data_budget
train:77_0179.wav,train,Central,77_0179.wav,not_selected_under_data_budget
train:77_0180.wav,train,Central,77_0180.wav,not_selected_under_data_budget
train:77_0181.wav,train,Central,77_0181.wav,not_selected_under_data_budget
train:77_0182.wav,train,Central,77_0182.wav,not_selected_under_data_budget
train:77_0183.wav,train,Central,77_0183.wav,not_selected_under_data_budget
train:77_0184.wav,train,Central,77_0184.wav,not_selected_under_data_budget
train:77_0185.wav,train,Central,77_0185.wav,not_selected_under_data_budget
train:77_0186.wav,train,Central,77_0186.wav,not_selected_under_data_budget
train:77_0187.wav,train,Central,77_0187.wav,not_selected_under_data_budget
train:77_0188.wav,train,Central,77_0188.wav,not_selected_under_data_budget
train:77_0189.wav,train,Central,77_0189.wav,not_selected_under_data_budget
train:77_0190.wav,train,Central,77_0190.wav,not_selected_under_data_budget
train:77_0191.wav,train,Central,77_0191.wav,not_selected_under_data_budget
train:77_0192.wav,train,Central,77_0192.wav,not_selected_under_data_budget
train:77_0193.wav,train,Central,77_0193.wav,not_selected_under_data_budget
train:77_0194.wav,train,Central,77_0194.wav,not_selected_under_data_budget
train:77_0195.wav,train,Central,77_0195.wav,not_selected_under_data_budget
train:77_0196.wav,train,Central,77_0196.wav,not_selected_under_data_budget
train:77_0197.wav,train,Central,77_0197.wav,not_selected_under_data_budget
train:77_0198.wav,train,Central,77_0198.wav,not_selected_under_data_budget
train:77_0199.wav,train,Central,77_0199.wav,not_selected_under_data_budget
train:77_0200.wav,train,Central,77_0200.wav,not_selected_under_data_budget
train:77_0201.wav,train,Central,77_0201.wav,not_selected_under_data_budget
train:77_0202.wav,train,Central,77_0202.wav,not_selected_under_data_budget
train:77_0203.wav,train,Central,77_0203.wav,not_selected_under_data_budget
train:77_0204.wav,train,Central,77_0204.wav,not_selected_under_data_budget
train:77_0205.wav,train,Central,77_0205.wav,not_selected_under_data_budget
train:77_0206.wav,train,Central,77_0206.wav,not_selected_under_data_budget
train:77_0207.wav,train,Central,77_0207.wav,not_selected_under_data_budget
train:77_0208.wav,train,Central,77_0208.wav,not_selected_under_data_budget
train:77_0209.wav,train,Central,77_0209.wav,not_selected_under_data_budget
train:77_0210.wav,train,Central,77_0210.wav,not_selected_under_data_budget
train:77_0211.wav,train,Central,77_0211.wav,not_selected_under_data_budget
train:77_0212.wav,train,Central,77_0212.wav,not_selected_under_data_budget
train:77_0213.wav,train,Central,77_0213.wav,not_selected_under_data_budget
train:77_0214.wav,train,Central,77_0214.wav,not_selected_under_data_budget
train:77_0215.wav,train,Central,77_0215.wav,not_selected_under_data_budget
train:77_0216.wav,train,Central,77_0216.wav,not_selected_under_data_budget
train:77_0217.wav,train,Central,77_0217.wav,not_selected_under_data_budget
train:77_0218.wav,train,Central,77_0218.wav,not_selected_under_data_budget
train:77_0219.wav,train,Central,77_0219.wav,not_selected_under_data_budget
train:77_0220.wav,train,Central,77_0220.wav,not_selected_under_data_budget
train:77_0221.wav,train,Central,77_0221.wav,not_selected_under_data_budget
train:77_0222.wav,train,Central,77_0222.wav,not_selected_under_data_budget
train:77_0223.wav,train,Central,77_0223.wav,not_selected_under_data_budget
train:77_0224.wav,train,Central,77_0224.wav,not_selected_under_data_budget
train:77_0225.wav,train,Central,77_0225.wav,not_selected_under_data_budget
train:77_0226.wav,train,Central,77_0226.wav,not_selected_under_data_budget
train:77_0227.wav,train,Central,77_0227.wav,not_selected_under_data_budget
train:77_0228.wav,train,Central,77_0228.wav,not_selected_under_data_budget
train:77_0229.wav,train,Central,77_0229.wav,not_selected_under_data_budget
train:77_0230.wav,train,Central,77_0230.wav,not_selected_under_data_budget
train:77_0231.wav,train,Central,77_0231.wav,not_selected_under_data_budget
train:77_0232.wav,train,Central,77_0232.wav,not_selected_under_data_budget
train:77_0240.wav,train,Central,77_0240.wav,not_selected_under_data_budget
train:77_0241.wav,train,Central,77_0241.wav,not_selected_under_data_budget
train:77_0242.wav,train,Central,77_0242.wav,not_selected_under_data_budget
train:77_0254.wav,train,Central,77_0254.wav,not_selected_under_data_budget
train:77_0255.wav,train,Central,77_0255.wav,not_selected_under_data_budget
train:77_0256.wav,train,Central,77_0256.wav,not_selected_under_data_budget
train:77_0257.wav,train,Central,77_0257.wav,not_selected_under_data_budget
train:77_0260.wav,train,Central,77_0260.wav,not_selected_under_data_budget
train:77_0261.wav,train,Central,77_0261.wav,not_selected_under_data_budget
train:78_0001.wav,train,Central,78_0001.wav,not_selected_under_data_budget
train:78_0002.wav,train,Central,78_0002.wav,not_selected_under_data_budget
train:78_0003.wav,train,Central,78_0003.wav,not_selected_under_data_budget
train:78_0004.wav,train,Central,78_0004.wav,not_selected_under_data_budget
train:78_0005.wav,train,Central,78_0005.wav,not_selected_under_data_budget
train:78_0006.wav,train,Central,78_0006.wav,not_selected_under_data_budget
train:78_0007.wav,train,Central,78_0007.wav,not_selected_under_data_budget
train:78_0008.wav,train,Central,78_0008.wav,not_selected_under_data_budget
train:78_0009.wav,train,Central,78_0009.wav,not_selected_under_data_budget
train:78_0010.wav,train,Central,78_0010.wav,not_selected_under_data_budget
train:78_0011.wav,train,Central,78_0011.wav,not_selected_under_data_budget
train:78_0012.wav,train,Central,78_0012.wav,not_selected_under_data_budget
train:78_0013.wav,train,Central,78_0013.wav,not_selected_under_data_budget
train:78_0014.wav,train,Central,78_0014.wav,not_selected_under_data_budget
train:78_0015.wav,train,Central,78_0015.wav,not_selected_under_data_budget
train:78_0016.wav,train,Central,78_0016.wav,not_selected_under_data_budget
train:78_0017.wav,train,Central,78_0017.wav,not_selected_under_data_budget
train:78_0018.wav,train,Central,78_0018.wav,not_selected_under_data_budget
train:78_0019.wav,train,Central,78_0019.wav,not_selected_under_data_budget
train:78_0020.wav,train,Central,78_0020.wav,not_selected_under_data_budget
train:78_0021.wav,train,Central,78_0021.wav,not_selected_under_data_budget
train:78_0022.wav,train,Central,78_0022.wav,not_selected_under_data_budget
train:78_0023.wav,train,Central,78_0023.wav,not_selected_under_data_budget
train:78_0024.wav,train,Central,78_0024.wav,not_selected_under_data_budget
train:78_0025.wav,train,Central,78_0025.wav,not_selected_under_data_budget
train:78_0026.wav,train,Central,78_0026.wav,not_selected_under_data_budget
train:78_0027.wav,train,Central,78_0027.wav,not_selected_under_data_budget
train:78_0028.wav,train,Central,78_0028.wav,not_selected_under_data_budget
train:78_0029.wav,train,Central,78_0029.wav,not_selected_under_data_budget
train:78_0030.wav,train,Central,78_0030.wav,not_selected_under_data_budget
train:78_0031.wav,train,Central,78_0031.wav,not_selected_under_data_budget
train:78_0032.wav,train,Central,78_0032.wav,not_selected_under_data_budget
train:78_0033.wav,train,Central,78_0033.wav,not_selected_under_data_budget
train:78_0034.wav,train,Central,78_0034.wav,not_selected_under_data_budget
train:78_0035.wav,train,Central,78_0035.wav,not_selected_under_data_budget
train:78_0036.wav,train,Central,78_0036.wav,not_selected_under_data_budget
train:78_0037.wav,train,Central,78_0037.wav,not_selected_under_data_budget
train:78_0038.wav,train,Central,78_0038.wav,not_selected_under_data_budget
train:78_0039.wav,train,Central,78_0039.wav,not_selected_under_data_budget
train:78_0040.wav,train,Central,78_0040.wav,not_selected_under_data_budget
train:78_0041.wav,train,Central,78_0041.wav,not_selected_under_data_budget
train:78_0042.wav,train,Central,78_0042.wav,not_selected_under_data_budget
train:78_0043.wav,train,Central,78_0043.wav,not_selected_under_data_budget
train:78_0044.wav,train,Central,78_0044.wav,not_selected_under_data_budget
train:78_0045.wav,train,Central,78_0045.wav,not_selected_under_data_budget
train:78_0046.wav,train,Central,78_0046.wav,not_selected_under_data_budget
train:78_0047.wav,train,Central,78_0047.wav,not_selected_under_data_budget
train:78_0048.wav,train,Central,78_0048.wav,not_selected_under_data_budget
train:78_0049.wav,train,Central,78_0049.wav,not_selected_under_data_budget
train:78_0050.wav,train,Central,78_0050.wav,not_selected_under_data_budget
train:78_0051.wav,train,Central,78_0051.wav,not_selected_under_data_budget
train:78_0052.wav,train,Central,78_0052.wav,not_selected_under_data_budget
train:78_0053.wav,train,Central,78_0053.wav,not_selected_under_data_budget
train:78_0054.wav,train,Central,78_0054.wav,not_selected_under_data_budget
train:78_0055.wav,train,Central,78_0055.wav,not_selected_under_data_budget
train:78_0056.wav,train,Central,78_0056.wav,not_selected_under_data_budget
train:78_0057.wav,train,Central,78_0057.wav,not_selected_under_data_budget
train:78_0058.wav,train,Central,78_0058.wav,not_selected_under_data_budget
train:78_0059.wav,train,Central,78_0059.wav,not_selected_under_data_budget
train:78_0060.wav,train,Central,78_0060.wav,not_selected_under_data_budget
train:78_0061.wav,train,Central,78_0061.wav,not_selected_under_data_budget
train:78_0062.wav,train,Central,78_0062.wav,not_selected_under_data_budget
train:78_0063.wav,train,Central,78_0063.wav,not_selected_under_data_budget
train:78_0064.wav,train,Central,78_0064.wav,not_selected_under_data_budget
train:78_0065.wav,train,Central,78_0065.wav,not_selected_under_data_budget
train:78_0066.wav,train,Central,78_0066.wav,not_selected_under_data_budget
train:78_0067.wav,train,Central,78_0067.wav,not_selected_under_data_budget
train:78_0068.wav,train,Central,78_0068.wav,not_selected_under_data_budget
train:78_0069.wav,train,Central,78_0069.wav,not_selected_under_data_budget
train:78_0070.wav,train,Central,78_0070.wav,not_selected_under_data_budget
train:78_0071.wav,train,Central,78_0071.wav,not_selected_under_data_budget
train:78_0072.wav,train,Central,78_0072.wav,not_selected_under_data_budget
train:78_0073.wav,train,Central,78_0073.wav,not_selected_under_data_budget
train:78_0074.wav,train,Central,78_0074.wav,not_selected_under_data_budget
train:78_0075.wav,train,Central,78_0075.wav,not_selected_under_data_budget
train:78_0076.wav,train,Central,78_0076.wav,not_selected_under_data_budget
train:78_0077.wav,train,Central,78_0077.wav,not_selected_under_data_budget
train:78_0078.wav,train,Central,78_0078.wav,not_selected_under_data_budget
train:78_0079.wav,train,Central,78_0079.wav,not_selected_under_data_budget
train:78_0080.wav,train,Central,78_0080.wav,not_selected_under_data_budget
train:78_0081.wav,train,Central,78_0081.wav,not_selected_under_data_budget
train:78_0082.wav,train,Central,78_0082.wav,not_selected_under_data_budget
train:78_0083.wav,train,Central,78_0083.wav,not_selected_under_data_budget
train:78_0084.wav,train,Central,78_0084.wav,not_selected_under_data_budget
train:78_0085.wav,train,Central,78_0085.wav,not_selected_under_data_budget
train:78_0086.wav,train,Central,78_0086.wav,not_selected_under_data_budget
train:78_0087.wav,train,Central,78_0087.wav,not_selected_under_data_budget
train:78_0088.wav,train,Central,78_0088.wav,not_selected_under_data_budget
train:78_0089.wav,train,Central,78_0089.wav,not_selected_under_data_budget
train:78_0090.wav,train,Central,78_0090.wav,not_selected_under_data_budget
train:78_0091.wav,train,Central,78_0091.wav,not_selected_under_data_budget
train:78_0092.wav,train,Central,78_0092.wav,not_selected_under_data_budget
train:78_0093.wav,train,Central,78_0093.wav,not_selected_under_data_budget
train:78_0094.wav,train,Central,78_0094.wav,not_selected_under_data_budget
train:78_0095.wav,train,Central,78_0095.wav,not_selected_under_data_budget
train:78_0096.wav,train,Central,78_0096.wav,not_selected_under_data_budget
train:78_0097.wav,train,Central,78_0097.wav,not_selected_under_data_budget
train:78_0098.wav,train,Central,78_0098.wav,not_selected_under_data_budget
train:78_0099.wav,train,Central,78_0099.wav,not_selected_under_data_budget
train:78_0100.wav,train,Central,78_0100.wav,not_selected_under_data_budget
train:78_0101.wav,train,Central,78_0101.wav,not_selected_under_data_budget
train:78_0102.wav,train,Central,78_0102.wav,not_selected_under_data_budget
train:78_0103.wav,train,Central,78_0103.wav,not_selected_under_data_budget
train:78_0104.wav,train,Central,78_0104.wav,not_selected_under_data_budget
train:78_0105.wav,train,Central,78_0105.wav,not_selected_under_data_budget
train:78_0106.wav,train,Central,78_0106.wav,not_selected_under_data_budget
train:78_0107.wav,train,Central,78_0107.wav,not_selected_under_data_budget
train:78_0108.wav,train,Central,78_0108.wav,not_selected_under_data_budget
train:78_0109.wav,train,Central,78_0109.wav,not_selected_under_data_budget
train:78_0110.wav,train,Central,78_0110.wav,not_selected_under_data_budget
train:78_0111.wav,train,Central,78_0111.wav,not_selected_under_data_budget
train:78_0112.wav,train,Central,78_0112.wav,not_selected_under_data_budget
train:78_0113.wav,train,Central,78_0113.wav,not_selected_under_data_budget
train:79_0164.wav,train,Central,79_0164.wav,not_selected_under_data_budget
train:79_0165.wav,train,Central,79_0165.wav,not_selected_under_data_budget
train:79_0166.wav,train,Central,79_0166.wav,not_selected_under_data_budget
train:79_0167.wav,train,Central,79_0167.wav,not_selected_under_data_budget
train:79_0168.wav,train,Central,79_0168.wav,not_selected_under_data_budget
train:79_0169.wav,train,Central,79_0169.wav,not_selected_under_data_budget
train:79_0170.wav,train,Central,79_0170.wav,not_selected_under_data_budget
train:79_0171.wav,train,Central,79_0171.wav,not_selected_under_data_budget
train:79_0172.wav,train,Central,79_0172.wav,not_selected_under_data_budget
train:79_0173.wav,train,Central,79_0173.wav,not_selected_under_data_budget
train:79_0174.wav,train,Central,79_0174.wav,not_selected_under_data_budget
train:79_0175.wav,train,Central,79_0175.wav,not_selected_under_data_budget
train:79_0178.wav,train,Central,79_0178.wav,not_selected_under_data_budget
train:79_0179.wav,train,Central,79_0179.wav,not_selected_under_data_budget
train:79_0180.wav,train,Central,79_0180.wav,not_selected_under_data_budget
train:79_0182.wav,train,Central,79_0182.wav,not_selected_under_data_budget
train:79_0183.wav,train,Central,79_0183.wav,not_selected_under_data_budget
train:79_0184.wav,train,Central,79_0184.wav,not_selected_under_data_budget
train:79_0185.wav,train,Central,79_0185.wav,not_selected_under_data_budget
train:79_0186.wav,train,Central,79_0186.wav,not_selected_under_data_budget
train:79_0187.wav,train,Central,79_0187.wav,not_selected_under_data_budget
train:79_0188.wav,train,Central,79_0188.wav,not_selected_under_data_budget
train:79_0189.wav,train,Central,79_0189.wav,not_selected_under_data_budget
train:79_0190.wav,train,Central,79_0190.wav,not_selected_under_data_budget
train:79_0191.wav,train,Central,79_0191.wav,not_selected_under_data_budget
train:79_0193.wav,train,Central,79_0193.wav,not_selected_under_data_budget
train:79_0194.wav,train,Central,79_0194.wav,not_selected_under_data_budget
train:79_0195.wav,train,Central,79_0195.wav,not_selected_under_data_budget
train:79_0196.wav,train,Central,79_0196.wav,not_selected_under_data_budget
train:79_0197.wav,train,Central,79_0197.wav,not_selected_under_data_budget
train:79_0200.wav,train,Central,79_0200.wav,not_selected_under_data_budget
train:79_0201.wav,train,Central,79_0201.wav,not_selected_under_data_budget
train:79_0202.wav,train,Central,79_0202.wav,not_selected_under_data_budget
train:79_0203.wav,train,Central,79_0203.wav,not_selected_under_data_budget
train:79_0204.wav,train,Central,79_0204.wav,not_selected_under_data_budget
train:79_0205.wav,train,Central,79_0205.wav,not_selected_under_data_budget
train:79_0206.wav,train,Central,79_0206.wav,not_selected_under_data_budget
train:79_0207.wav,train,Central,79_0207.wav,not_selected_under_data_budget
train:79_0208.wav,train,Central,79_0208.wav,not_selected_under_data_budget
train:79_0209.wav,train,Central,79_0209.wav,not_selected_under_data_budget
train:79_0210.wav,train,Central,79_0210.wav,not_selected_under_data_budget
train:79_0211.wav,train,Central,79_0211.wav,not_selected_under_data_budget
train:79_0212.wav,train,Central,79_0212.wav,not_selected_under_data_budget
train:79_0213.wav,train,Central,79_0213.wav,not_selected_under_data_budget
train:79_0214.wav,train,Central,79_0214.wav,not_selected_under_data_budget
train:79_0217.wav,train,Central,79_0217.wav,not_selected_under_data_budget
train:79_0218.wav,train,Central,79_0218.wav,not_selected_under_data_budget
train:79_0220.wav,train,Central,79_0220.wav,not_selected_under_data_budget
train:79_0221.wav,train,Central,79_0221.wav,not_selected_under_data_budget
train:79_0222.wav,train,Central,79_0222.wav,not_selected_under_data_budget
train:79_0223.wav,train,Central,79_0223.wav,not_selected_under_data_budget
train:79_0224.wav,train,Central,79_0224.wav,not_selected_under_data_budget
train:79_0225.wav,train,Central,79_0225.wav,not_selected_under_data_budget
train:79_0226.wav,train,Central,79_0226.wav,not_selected_under_data_budget
train:79_0227.wav,train,Central,79_0227.wav,not_selected_under_data_budget
train:79_0228.wav,train,Central,79_0228.wav,not_selected_under_data_budget
train:79_0230.wav,train,Central,79_0230.wav,not_selected_under_data_budget
train:79_0231.wav,train,Central,79_0231.wav,not_selected_under_data_budget
train:79_0232.wav,train,Central,79_0232.wav,not_selected_under_data_budget
train:79_0233.wav,train,Central,79_0233.wav,not_selected_under_data_budget
train:79_0234.wav,train,Central,79_0234.wav,not_selected_under_data_budget
train:79_0235.wav,train,Central,79_0235.wav,not_selected_under_data_budget
train:81_0001.wav,train,Central,81_0001.wav,not_selected_under_data_budget
train:81_0002.wav,train,Central,81_0002.wav,not_selected_under_data_budget
train:81_0003.wav,train,Central,81_0003.wav,not_selected_under_data_budget
train:81_0004.wav,train,Central,81_0004.wav,not_selected_under_data_budget
train:81_0005.wav,train,Central,81_0005.wav,not_selected_under_data_budget
train:81_0006.wav,train,Central,81_0006.wav,not_selected_under_data_budget
train:81_0007.wav,train,Central,81_0007.wav,not_selected_under_data_budget
train:81_0008.wav,train,Central,81_0008.wav,not_selected_under_data_budget
train:81_0009.wav,train,Central,81_0009.wav,not_selected_under_data_budget
train:81_0010.wav,train,Central,81_0010.wav,not_selected_under_data_budget
train:81_0011.wav,train,Central,81_0011.wav,not_selected_under_data_budget
train:81_0012.wav,train,Central,81_0012.wav,not_selected_under_data_budget
train:81_0014.wav,train,Central,81_0014.wav,not_selected_under_data_budget
train:81_0015.wav,train,Central,81_0015.wav,not_selected_under_data_budget
train:81_0016.wav,train,Central,81_0016.wav,not_selected_under_data_budget
train:81_0017.wav,train,Central,81_0017.wav,not_selected_under_data_budget
train:81_0018.wav,train,Central,81_0018.wav,not_selected_under_data_budget
train:81_0019.wav,train,Central,81_0019.wav,not_selected_under_data_budget
train:81_0020.wav,train,Central,81_0020.wav,not_selected_under_data_budget
train:81_0021.wav,train,Central,81_0021.wav,not_selected_under_data_budget
train:81_0022.wav,train,Central,81_0022.wav,not_selected_under_data_budget
train:81_0023.wav,train,Central,81_0023.wav,not_selected_under_data_budget
train:81_0024.wav,train,Central,81_0024.wav,not_selected_under_data_budget
train:81_0025.wav,train,Central,81_0025.wav,not_selected_under_data_budget
train:81_0026.wav,train,Central,81_0026.wav,not_selected_under_data_budget
train:81_0027.wav,train,Central,81_0027.wav,not_selected_under_data_budget
train:81_0028.wav,train,Central,81_0028.wav,not_selected_under_data_budget
train:81_0029.wav,train,Central,81_0029.wav,not_selected_under_data_budget
train:81_0030.wav,train,Central,81_0030.wav,not_selected_under_data_budget
train:81_0032.wav,train,Central,81_0032.wav,not_selected_under_data_budget
train:81_0037.wav,train,Central,81_0037.wav,not_selected_under_data_budget
train:81_0039.wav,train,Central,81_0039.wav,not_selected_under_data_budget
train:81_0040.wav,train,Central,81_0040.wav,not_selected_under_data_budget
train:81_0041.wav,train,Central,81_0041.wav,not_selected_under_data_budget
train:81_0042.wav,train,Central,81_0042.wav,not_selected_under_data_budget
train:81_0043.wav,train,Central,81_0043.wav,not_selected_under_data_budget
train:81_0044.wav,train,Central,81_0044.wav,not_selected_under_data_budget
train:81_0045.wav,train,Central,81_0045.wav,not_selected_under_data_budget
train:81_0046.wav,train,Central,81_0046.wav,not_selected_under_data_budget
train:81_0047.wav,train,Central,81_0047.wav,not_selected_under_data_budget
train:81_0048.wav,train,Central,81_0048.wav,not_selected_under_data_budget
train:81_0049.wav,train,Central,81_0049.wav,not_selected_under_data_budget
train:81_0050.wav,train,Central,81_0050.wav,not_selected_under_data_budget
train:81_0051.wav,train,Central,81_0051.wav,not_selected_under_data_budget
train:81_0052.wav,train,Central,81_0052.wav,not_selected_under_data_budget
train:81_0053.wav,train,Central,81_0053.wav,not_selected_under_data_budget
train:81_0054.wav,train,Central,81_0054.wav,not_selected_under_data_budget
train:81_0055.wav,train,Central,81_0055.wav,not_selected_under_data_budget
train:81_0056.wav,train,Central,81_0056.wav,not_selected_under_data_budget
train:81_0057.wav,train,Central,81_0057.wav,not_selected_under_data_budget
train:81_0058.wav,train,Central,81_0058.wav,not_selected_under_data_budget
train:81_0059.wav,train,Central,81_0059.wav,not_selected_under_data_budget
train:81_0060.wav,train,Central,81_0060.wav,not_selected_under_data_budget
train:81_0061.wav,train,Central,81_0061.wav,not_selected_under_data_budget
train:81_0062.wav,train,Central,81_0062.wav,not_selected_under_data_budget
train:81_0063.wav,train,Central,81_0063.wav,not_selected_under_data_budget
train:81_0064.wav,train,Central,81_0064.wav,not_selected_under_data_budget
train:81_0065.wav,train,Central,81_0065.wav,not_selected_under_data_budget
train:81_0066.wav,train,Central,81_0066.wav,not_selected_under_data_budget
train:81_0067.wav,train,Central,81_0067.wav,not_selected_under_data_budget
train:81_0068.wav,train,Central,81_0068.wav,not_selected_under_data_budget
train:81_0069.wav,train,Central,81_0069.wav,not_selected_under_data_budget
train:81_0070.wav,train,Central,81_0070.wav,not_selected_under_data_budget
train:81_0071.wav,train,Central,81_0071.wav,not_selected_under_data_budget
train:81_0073.wav,train,Central,81_0073.wav,not_selected_under_data_budget
train:81_0074.wav,train,Central,81_0074.wav,not_selected_under_data_budget
train:81_0076.wav,train,Central,81_0076.wav,not_selected_under_data_budget
train:81_0077.wav,train,Central,81_0077.wav,not_selected_under_data_budget
train:81_0078.wav,train,Central,81_0078.wav,not_selected_under_data_budget
train:81_0079.wav,train,Central,81_0079.wav,not_selected_under_data_budget
train:81_0080.wav,train,Central,81_0080.wav,not_selected_under_data_budget
train:81_0081.wav,train,Central,81_0081.wav,not_selected_under_data_budget
train:81_0082.wav,train,Central,81_0082.wav,not_selected_under_data_budget
train:81_0083.wav,train,Central,81_0083.wav,not_selected_under_data_budget
train:83_0175.wav,train,Southern,83_0175.wav,not_selected_under_data_budget
train:83_0176.wav,train,Southern,83_0176.wav,not_selected_under_data_budget
train:83_0177.wav,train,Southern,83_0177.wav,not_selected_under_data_budget
train:83_0178.wav,train,Southern,83_0178.wav,not_selected_under_data_budget
train:83_0179.wav,train,Southern,83_0179.wav,not_selected_under_data_budget
train:83_0181.wav,train,Southern,83_0181.wav,not_selected_under_data_budget
train:83_0182.wav,train,Southern,83_0182.wav,not_selected_under_data_budget
train:83_0183.wav,train,Southern,83_0183.wav,not_selected_under_data_budget
train:83_0184.wav,train,Southern,83_0184.wav,not_selected_under_data_budget
train:83_0185.wav,train,Southern,83_0185.wav,not_selected_under_data_budget
train:83_0186.wav,train,Southern,83_0186.wav,not_selected_under_data_budget
train:83_0187.wav,train,Southern,83_0187.wav,not_selected_under_data_budget
train:83_0188.wav,train,Southern,83_0188.wav,not_selected_under_data_budget
train:83_0189.wav,train,Southern,83_0189.wav,not_selected_under_data_budget
train:83_0190.wav,train,Southern,83_0190.wav,not_selected_under_data_budget
train:83_0191.wav,train,Southern,83_0191.wav,not_selected_under_data_budget
train:83_0193.wav,train,Southern,83_0193.wav,not_selected_under_data_budget
train:83_0194.wav,train,Southern,83_0194.wav,not_selected_under_data_budget
train:83_0195.wav,train,Southern,83_0195.wav,not_selected_under_data_budget
train:83_0196.wav,train,Southern,83_0196.wav,not_selected_under_data_budget
train:83_0197.wav,train,Southern,83_0197.wav,not_selected_under_data_budget
train:83_0198.wav,train,Southern,83_0198.wav,not_selected_under_data_budget
train:83_0199.wav,train,Southern,83_0199.wav,not_selected_under_data_budget
train:83_0200.wav,train,Southern,83_0200.wav,not_selected_under_data_budget
train:83_0201.wav,train,Southern,83_0201.wav,not_selected_under_data_budget
train:83_0202.wav,train,Southern,83_0202.wav,not_selected_under_data_budget
train:83_0203.wav,train,Southern,83_0203.wav,not_selected_under_data_budget
train:83_0206.wav,train,Southern,83_0206.wav,not_selected_under_data_budget
train:83_0207.wav,train,Southern,83_0207.wav,not_selected_under_data_budget
train:83_0208.wav,train,Southern,83_0208.wav,not_selected_under_data_budget
train:83_0209.wav,train,Southern,83_0209.wav,not_selected_under_data_budget
train:83_0210.wav,train,Southern,83_0210.wav,not_selected_under_data_budget
train:83_0211.wav,train,Southern,83_0211.wav,not_selected_under_data_budget
train:83_0212.wav,train,Southern,83_0212.wav,not_selected_under_data_budget
train:83_0213.wav,train,Southern,83_0213.wav,not_selected_under_data_budget
train:83_0214.wav,train,Southern,83_0214.wav,not_selected_under_data_budget
train:83_0215.wav,train,Southern,83_0215.wav,not_selected_under_data_budget
train:83_0216.wav,train,Southern,83_0216.wav,not_selected_under_data_budget
train:83_0217.wav,train,Southern,83_0217.wav,not_selected_under_data_budget
train:83_0218.wav,train,Southern,83_0218.wav,not_selected_under_data_budget
train:83_0219.wav,train,Southern,83_0219.wav,not_selected_under_data_budget
train:83_0220.wav,train,Southern,83_0220.wav,not_selected_under_data_budget
train:84_0001.wav,train,Southern,84_0001.wav,not_selected_under_data_budget
train:84_0002.wav,train,Southern,84_0002.wav,not_selected_under_data_budget
train:84_0003.wav,train,Southern,84_0003.wav,not_selected_under_data_budget
train:84_0004.wav,train,Southern,84_0004.wav,not_selected_under_data_budget
train:84_0005.wav,train,Southern,84_0005.wav,not_selected_under_data_budget
train:84_0006.wav,train,Southern,84_0006.wav,not_selected_under_data_budget
train:84_0007.wav,train,Southern,84_0007.wav,not_selected_under_data_budget
train:84_0008.wav,train,Southern,84_0008.wav,not_selected_under_data_budget
train:84_0009.wav,train,Southern,84_0009.wav,not_selected_under_data_budget
train:84_0010.wav,train,Southern,84_0010.wav,not_selected_under_data_budget
train:84_0011.wav,train,Southern,84_0011.wav,not_selected_under_data_budget
train:84_0012.wav,train,Southern,84_0012.wav,not_selected_under_data_budget
train:84_0013.wav,train,Southern,84_0013.wav,not_selected_under_data_budget
train:84_0014.wav,train,Southern,84_0014.wav,not_selected_under_data_budget
train:84_0015.wav,train,Southern,84_0015.wav,not_selected_under_data_budget
train:84_0016.wav,train,Southern,84_0016.wav,not_selected_under_data_budget
train:84_0017.wav,train,Southern,84_0017.wav,not_selected_under_data_budget
train:84_0018.wav,train,Southern,84_0018.wav,not_selected_under_data_budget
train:84_0019.wav,train,Southern,84_0019.wav,not_selected_under_data_budget
train:84_0020.wav,train,Southern,84_0020.wav,not_selected_under_data_budget
train:84_0021.wav,train,Southern,84_0021.wav,not_selected_under_data_budget
train:84_0022.wav,train,Southern,84_0022.wav,not_selected_under_data_budget
train:84_0023.wav,train,Southern,84_0023.wav,not_selected_under_data_budget
train:84_0024.wav,train,Southern,84_0024.wav,not_selected_under_data_budget
train:84_0025.wav,train,Southern,84_0025.wav,not_selected_under_data_budget
train:84_0026.wav,train,Southern,84_0026.wav,not_selected_under_data_budget
train:84_0027.wav,train,Southern,84_0027.wav,not_selected_under_data_budget
train:84_0028.wav,train,Southern,84_0028.wav,not_selected_under_data_budget
train:84_0029.wav,train,Southern,84_0029.wav,not_selected_under_data_budget
train:84_0030.wav,train,Southern,84_0030.wav,not_selected_under_data_budget
train:84_0031.wav,train,Southern,84_0031.wav,not_selected_under_data_budget
train:84_0032.wav,train,Southern,84_0032.wav,not_selected_under_data_budget
train:84_0033.wav,train,Southern,84_0033.wav,not_selected_under_data_budget
train:84_0034.wav,train,Southern,84_0034.wav,not_selected_under_data_budget
train:84_0035.wav,train,Southern,84_0035.wav,not_selected_under_data_budget
train:84_0036.wav,train,Southern,84_0036.wav,not_selected_under_data_budget
train:84_0037.wav,train,Southern,84_0037.wav,not_selected_under_data_budget
train:84_0038.wav,train,Southern,84_0038.wav,not_selected_under_data_budget
train:84_0039.wav,train,Southern,84_0039.wav,not_selected_under_data_budget
train:84_0040.wav,train,Southern,84_0040.wav,not_selected_under_data_budget
train:84_0041.wav,train,Southern,84_0041.wav,not_selected_under_data_budget
train:84_0042.wav,train,Southern,84_0042.wav,not_selected_under_data_budget
train:84_0043.wav,train,Southern,84_0043.wav,not_selected_under_data_budget
train:84_0044.wav,train,Southern,84_0044.wav,not_selected_under_data_budget
train:84_0045.wav,train,Southern,84_0045.wav,not_selected_under_data_budget
train:84_0046.wav,train,Southern,84_0046.wav,not_selected_under_data_budget
train:84_0047.wav,train,Southern,84_0047.wav,not_selected_under_data_budget
train:84_0048.wav,train,Southern,84_0048.wav,not_selected_under_data_budget
train:84_0049.wav,train,Southern,84_0049.wav,not_selected_under_data_budget
train:84_0050.wav,train,Southern,84_0050.wav,not_selected_under_data_budget
train:84_0051.wav,train,Southern,84_0051.wav,not_selected_under_data_budget
train:84_0052.wav,train,Southern,84_0052.wav,not_selected_under_data_budget
train:84_0053.wav,train,Southern,84_0053.wav,not_selected_under_data_budget
train:84_0054.wav,train,Southern,84_0054.wav,not_selected_under_data_budget
train:84_0055.wav,train,Southern,84_0055.wav,not_selected_under_data_budget
train:84_0056.wav,train,Southern,84_0056.wav,not_selected_under_data_budget
train:84_0057.wav,train,Southern,84_0057.wav,not_selected_under_data_budget
train:84_0058.wav,train,Southern,84_0058.wav,not_selected_under_data_budget
train:84_0059.wav,train,Southern,84_0059.wav,not_selected_under_data_budget
train:84_0060.wav,train,Southern,84_0060.wav,not_selected_under_data_budget
train:84_0061.wav,train,Southern,84_0061.wav,not_selected_under_data_budget
train:84_0062.wav,train,Southern,84_0062.wav,not_selected_under_data_budget
train:84_0063.wav,train,Southern,84_0063.wav,not_selected_under_data_budget
train:84_0064.wav,train,Southern,84_0064.wav,not_selected_under_data_budget
train:84_0065.wav,train,Southern,84_0065.wav,not_selected_under_data_budget
train:84_0066.wav,train,Southern,84_0066.wav,not_selected_under_data_budget
train:84_0067.wav,train,Southern,84_0067.wav,not_selected_under_data_budget
train:84_0068.wav,train,Southern,84_0068.wav,not_selected_under_data_budget
train:84_0069.wav,train,Southern,84_0069.wav,not_selected_under_data_budget
train:84_0070.wav,train,Southern,84_0070.wav,not_selected_under_data_budget
train:84_0071.wav,train,Southern,84_0071.wav,not_selected_under_data_budget
train:84_0072.wav,train,Southern,84_0072.wav,not_selected_under_data_budget
train:84_0073.wav,train,Southern,84_0073.wav,not_selected_under_data_budget
train:84_0074.wav,train,Southern,84_0074.wav,not_selected_under_data_budget
train:84_0075.wav,train,Southern,84_0075.wav,not_selected_under_data_budget
train:84_0076.wav,train,Southern,84_0076.wav,not_selected_under_data_budget
train:84_0077.wav,train,Southern,84_0077.wav,not_selected_under_data_budget
train:84_0078.wav,train,Southern,84_0078.wav,not_selected_under_data_budget
train:84_0079.wav,train,Southern,84_0079.wav,not_selected_under_data_budget
train:84_0080.wav,train,Southern,84_0080.wav,not_selected_under_data_budget
train:84_0081.wav,train,Southern,84_0081.wav,not_selected_under_data_budget
train:84_0082.wav,train,Southern,84_0082.wav,not_selected_under_data_budget
train:84_0083.wav,train,Southern,84_0083.wav,not_selected_under_data_budget
train:84_0084.wav,train,Southern,84_0084.wav,not_selected_under_data_budget
train:84_0085.wav,train,Southern,84_0085.wav,not_selected_under_data_budget
train:84_0086.wav,train,Southern,84_0086.wav,not_selected_under_data_budget
train:84_0087.wav,train,Southern,84_0087.wav,not_selected_under_data_budget
train:84_0088.wav,train,Southern,84_0088.wav,not_selected_under_data_budget
train:84_0089.wav,train,Southern,84_0089.wav,not_selected_under_data_budget
train:84_0090.wav,train,Southern,84_0090.wav,not_selected_under_data_budget
train:84_0091.wav,train,Southern,84_0091.wav,not_selected_under_data_budget
train:84_0092.wav,train,Southern,84_0092.wav,not_selected_under_data_budget
train:84_0093.wav,train,Southern,84_0093.wav,not_selected_under_data_budget
train:84_0094.wav,train,Southern,84_0094.wav,not_selected_under_data_budget
train:84_0095.wav,train,Southern,84_0095.wav,not_selected_under_data_budget
train:84_0096.wav,train,Southern,84_0096.wav,not_selected_under_data_budget
train:84_0097.wav,train,Southern,84_0097.wav,not_selected_under_data_budget
train:84_0098.wav,train,Southern,84_0098.wav,not_selected_under_data_budget
train:84_0099.wav,train,Southern,84_0099.wav,not_selected_under_data_budget
train:84_0100.wav,train,Southern,84_0100.wav,not_selected_under_data_budget
train:84_0101.wav,train,Southern,84_0101.wav,not_selected_under_data_budget
train:84_0102.wav,train,Southern,84_0102.wav,not_selected_under_data_budget
train:84_0103.wav,train,Southern,84_0103.wav,not_selected_under_data_budget
train:84_0104.wav,train,Southern,84_0104.wav,not_selected_under_data_budget
train:85_0001.wav,train,Central,85_0001.wav,not_selected_under_data_budget
train:85_0002.wav,train,Central,85_0002.wav,not_selected_under_data_budget
train:85_0003.wav,train,Central,85_0003.wav,not_selected_under_data_budget
train:85_0004.wav,train,Central,85_0004.wav,not_selected_under_data_budget
train:85_0005.wav,train,Central,85_0005.wav,not_selected_under_data_budget
train:85_0006.wav,train,Central,85_0006.wav,not_selected_under_data_budget
train:85_0007.wav,train,Central,85_0007.wav,not_selected_under_data_budget
train:85_0008.wav,train,Central,85_0008.wav,not_selected_under_data_budget
train:85_0009.wav,train,Central,85_0009.wav,not_selected_under_data_budget
train:85_0010.wav,train,Central,85_0010.wav,not_selected_under_data_budget
train:85_0011.wav,train,Central,85_0011.wav,not_selected_under_data_budget
train:85_0012.wav,train,Central,85_0012.wav,not_selected_under_data_budget
train:85_0013.wav,train,Central,85_0013.wav,not_selected_under_data_budget
train:85_0014.wav,train,Central,85_0014.wav,not_selected_under_data_budget
train:85_0015.wav,train,Central,85_0015.wav,not_selected_under_data_budget
train:85_0016.wav,train,Central,85_0016.wav,not_selected_under_data_budget
train:85_0017.wav,train,Central,85_0017.wav,not_selected_under_data_budget
train:85_0018.wav,train,Central,85_0018.wav,not_selected_under_data_budget
train:85_0019.wav,train,Central,85_0019.wav,not_selected_under_data_budget
train:85_0020.wav,train,Central,85_0020.wav,not_selected_under_data_budget
train:85_0021.wav,train,Central,85_0021.wav,not_selected_under_data_budget
train:85_0022.wav,train,Central,85_0022.wav,not_selected_under_data_budget
train:85_0023.wav,train,Central,85_0023.wav,not_selected_under_data_budget
train:85_0024.wav,train,Central,85_0024.wav,not_selected_under_data_budget
train:85_0025.wav,train,Central,85_0025.wav,not_selected_under_data_budget
train:88_0102.wav,train,Northern,88_0102.wav,not_selected_under_data_budget
train:88_0103.wav,train,Northern,88_0103.wav,not_selected_under_data_budget
train:88_0104.wav,train,Northern,88_0104.wav,not_selected_under_data_budget
train:88_0105.wav,train,Northern,88_0105.wav,not_selected_under_data_budget
train:88_0106.wav,train,Northern,88_0106.wav,not_selected_under_data_budget
train:88_0107.wav,train,Northern,88_0107.wav,not_selected_under_data_budget
train:88_0108.wav,train,Northern,88_0108.wav,not_selected_under_data_budget
train:88_0109.wav,train,Northern,88_0109.wav,not_selected_under_data_budget
train:88_0110.wav,train,Northern,88_0110.wav,not_selected_under_data_budget
train:88_0111.wav,train,Northern,88_0111.wav,not_selected_under_data_budget
train:88_0112.wav,train,Northern,88_0112.wav,not_selected_under_data_budget
train:88_0113.wav,train,Northern,88_0113.wav,not_selected_under_data_budget
train:88_0114.wav,train,Northern,88_0114.wav,not_selected_under_data_budget
train:88_0115.wav,train,Northern,88_0115.wav,not_selected_under_data_budget
train:88_0116.wav,train,Northern,88_0116.wav,not_selected_under_data_budget
train:88_0117.wav,train,Northern,88_0117.wav,not_selected_under_data_budget
train:88_0118.wav,train,Northern,88_0118.wav,not_selected_under_data_budget
train:88_0119.wav,train,Northern,88_0119.wav,not_selected_under_data_budget
train:88_0120.wav,train,Northern,88_0120.wav,not_selected_under_data_budget
train:88_0121.wav,train,Northern,88_0121.wav,not_selected_under_data_budget
train:88_0122.wav,train,Northern,88_0122.wav,not_selected_under_data_budget
train:88_0123.wav,train,Northern,88_0123.wav,not_selected_under_data_budget
train:88_0124.wav,train,Northern,88_0124.wav,not_selected_under_data_budget
train:88_0125.wav,train,Northern,88_0125.wav,not_selected_under_data_budget
train:88_0126.wav,train,Northern,88_0126.wav,not_selected_under_data_budget
train:88_0127.wav,train,Northern,88_0127.wav,not_selected_under_data_budget
train:88_0128.wav,train,Northern,88_0128.wav,not_selected_under_data_budget
train:88_0129.wav,train,Northern,88_0129.wav,not_selected_under_data_budget
train:88_0130.wav,train,Northern,88_0130.wav,not_selected_under_data_budget
train:88_0131.wav,train,Northern,88_0131.wav,not_selected_under_data_budget
train:88_0132.wav,train,Northern,88_0132.wav,not_selected_under_data_budget
train:88_0133.wav,train,Northern,88_0133.wav,not_selected_under_data_budget
train:88_0134.wav,train,Northern,88_0134.wav,not_selected_under_data_budget
train:88_0135.wav,train,Northern,88_0135.wav,not_selected_under_data_budget
train:88_0136.wav,train,Northern,88_0136.wav,not_selected_under_data_budget
train:88_0137.wav,train,Northern,88_0137.wav,not_selected_under_data_budget
train:88_0138.wav,train,Northern,88_0138.wav,not_selected_under_data_budget
train:88_0139.wav,train,Northern,88_0139.wav,not_selected_under_data_budget
train:88_0140.wav,train,Northern,88_0140.wav,not_selected_under_data_budget
train:88_0141.wav,train,Northern,88_0141.wav,not_selected_under_data_budget
train:88_0142.wav,train,Northern,88_0142.wav,not_selected_under_data_budget
train:88_0143.wav,train,Northern,88_0143.wav,not_selected_under_data_budget
train:88_0144.wav,train,Northern,88_0144.wav,not_selected_under_data_budget
train:88_0145.wav,train,Northern,88_0145.wav,not_selected_under_data_budget
train:88_0146.wav,train,Northern,88_0146.wav,not_selected_under_data_budget
train:88_0147.wav,train,Northern,88_0147.wav,not_selected_under_data_budget
train:88_0148.wav,train,Northern,88_0148.wav,not_selected_under_data_budget
train:88_0149.wav,train,Northern,88_0149.wav,not_selected_under_data_budget
train:88_0150.wav,train,Northern,88_0150.wav,not_selected_under_data_budget
train:88_0151.wav,train,Northern,88_0151.wav,not_selected_under_data_budget
train:88_0152.wav,train,Northern,88_0152.wav,not_selected_under_data_budget
train:88_0153.wav,train,Northern,88_0153.wav,not_selected_under_data_budget
train:88_0154.wav,train,Northern,88_0154.wav,not_selected_under_data_budget
train:88_0155.wav,train,Northern,88_0155.wav,not_selected_under_data_budget
train:88_0156.wav,train,Northern,88_0156.wav,not_selected_under_data_budget
train:88_0157.wav,train,Northern,88_0157.wav,not_selected_under_data_budget
train:88_0158.wav,train,Northern,88_0158.wav,not_selected_under_data_budget
train:88_0159.wav,train,Northern,88_0159.wav,not_selected_under_data_budget
train:88_0160.wav,train,Northern,88_0160.wav,not_selected_under_data_budget
train:88_0161.wav,train,Northern,88_0161.wav,not_selected_under_data_budget
train:88_0162.wav,train,Northern,88_0162.wav,not_selected_under_data_budget
train:88_0163.wav,train,Northern,88_0163.wav,not_selected_under_data_budget
train:88_0164.wav,train,Northern,88_0164.wav,not_selected_under_data_budget
train:88_0165.wav,train,Northern,88_0165.wav,not_selected_under_data_budget
train:88_0166.wav,train,Northern,88_0166.wav,not_selected_under_data_budget
train:88_0167.wav,train,Northern,88_0167.wav,not_selected_under_data_budget
train:88_0168.wav,train,Northern,88_0168.wav,not_selected_under_data_budget
train:88_0169.wav,train,Northern,88_0169.wav,not_selected_under_data_budget
train:88_0170.wav,train,Northern,88_0170.wav,not_selected_under_data_budget
train:88_0171.wav,train,Northern,88_0171.wav,not_selected_under_data_budget
train:88_0172.wav,train,Northern,88_0172.wav,not_selected_under_data_budget
train:88_0173.wav,train,Northern,88_0173.wav,not_selected_under_data_budget
train:88_0174.wav,train,Northern,88_0174.wav,not_selected_under_data_budget
train:88_0175.wav,train,Northern,88_0175.wav,not_selected_under_data_budget
train:88_0176.wav,train,Northern,88_0176.wav,not_selected_under_data_budget
train:88_0177.wav,train,Northern,88_0177.wav,not_selected_under_data_budget
train:88_0178.wav,train,Northern,88_0178.wav,not_selected_under_data_budget
train:88_0179.wav,train,Northern,88_0179.wav,not_selected_under_data_budget
train:88_0180.wav,train,Northern,88_0180.wav,not_selected_under_data_budget
train:88_0181.wav,train,Northern,88_0181.wav,not_selected_under_data_budget
train:88_0182.wav,train,Northern,88_0182.wav,not_selected_under_data_budget
train:88_0183.wav,train,Northern,88_0183.wav,not_selected_under_data_budget
train:88_0184.wav,train,Northern,88_0184.wav,not_selected_under_data_budget
train:88_0185.wav,train,Northern,88_0185.wav,not_selected_under_data_budget
train:88_0186.wav,train,Northern,88_0186.wav,not_selected_under_data_budget
train:88_0187.wav,train,Northern,88_0187.wav,not_selected_under_data_budget
train:88_0188.wav,train,Northern,88_0188.wav,not_selected_under_data_budget
train:88_0189.wav,train,Northern,88_0189.wav,not_selected_under_data_budget
train:88_0190.wav,train,Northern,88_0190.wav,not_selected_under_data_budget
train:88_0191.wav,train,Northern,88_0191.wav,not_selected_under_data_budget
train:88_0192.wav,train,Northern,88_0192.wav,not_selected_under_data_budget
train:88_0193.wav,train,Northern,88_0193.wav,not_selected_under_data_budget
train:88_0194.wav,train,Northern,88_0194.wav,not_selected_under_data_budget
train:88_0195.wav,train,Northern,88_0195.wav,not_selected_under_data_budget
train:88_0196.wav,train,Northern,88_0196.wav,not_selected_under_data_budget
train:88_0197.wav,train,Northern,88_0197.wav,not_selected_under_data_budget
train:88_0198.wav,train,Northern,88_0198.wav,not_selected_under_data_budget
train:88_0200.wav,train,Northern,88_0200.wav,not_selected_under_data_budget
train:88_0201.wav,train,Northern,88_0201.wav,not_selected_under_data_budget
train:88_0202.wav,train,Northern,88_0202.wav,not_selected_under_data_budget
train:88_0203.wav,train,Northern,88_0203.wav,not_selected_under_data_budget
train:88_0205.wav,train,Northern,88_0205.wav,not_selected_under_data_budget
train:88_0209.wav,train,Northern,88_0209.wav,not_selected_under_data_budget
train:88_0210.wav,train,Northern,88_0210.wav,not_selected_under_data_budget
train:88_0212.wav,train,Northern,88_0212.wav,not_selected_under_data_budget
train:88_0213.wav,train,Northern,88_0213.wav,not_selected_under_data_budget
train:88_0214.wav,train,Northern,88_0214.wav,not_selected_under_data_budget
train:88_0217.wav,train,Northern,88_0217.wav,not_selected_under_data_budget
train:88_0218.wav,train,Northern,88_0218.wav,not_selected_under_data_budget
train:88_0219.wav,train,Northern,88_0219.wav,not_selected_under_data_budget
train:88_0220.wav,train,Northern,88_0220.wav,not_selected_under_data_budget
train:88_0221.wav,train,Northern,88_0221.wav,not_selected_under_data_budget
train:88_0222.wav,train,Northern,88_0222.wav,not_selected_under_data_budget
train:88_0223.wav,train,Northern,88_0223.wav,not_selected_under_data_budget
train:89_0001.wav,train,Northern,89_0001.wav,not_selected_under_data_budget
train:89_0002.wav,train,Northern,89_0002.wav,not_selected_under_data_budget
train:89_0003.wav,train,Northern,89_0003.wav,not_selected_under_data_budget
train:89_0004.wav,train,Northern,89_0004.wav,not_selected_under_data_budget
train:89_0005.wav,train,Northern,89_0005.wav,not_selected_under_data_budget
train:89_0006.wav,train,Northern,89_0006.wav,not_selected_under_data_budget
train:89_0007.wav,train,Northern,89_0007.wav,not_selected_under_data_budget
train:89_0008.wav,train,Northern,89_0008.wav,not_selected_under_data_budget
train:89_0009.wav,train,Northern,89_0009.wav,not_selected_under_data_budget
train:89_0010.wav,train,Northern,89_0010.wav,not_selected_under_data_budget
train:89_0011.wav,train,Northern,89_0011.wav,not_selected_under_data_budget
train:89_0012.wav,train,Northern,89_0012.wav,not_selected_under_data_budget
train:89_0013.wav,train,Northern,89_0013.wav,not_selected_under_data_budget
train:89_0014.wav,train,Northern,89_0014.wav,not_selected_under_data_budget
train:89_0015.wav,train,Northern,89_0015.wav,not_selected_under_data_budget
train:89_0016.wav,train,Northern,89_0016.wav,not_selected_under_data_budget
train:89_0017.wav,train,Northern,89_0017.wav,not_selected_under_data_budget
train:89_0018.wav,train,Northern,89_0018.wav,not_selected_under_data_budget
train:89_0019.wav,train,Northern,89_0019.wav,not_selected_under_data_budget
train:89_0020.wav,train,Northern,89_0020.wav,not_selected_under_data_budget
train:89_0021.wav,train,Northern,89_0021.wav,not_selected_under_data_budget
train:89_0022.wav,train,Northern,89_0022.wav,not_selected_under_data_budget
train:89_0023.wav,train,Northern,89_0023.wav,not_selected_under_data_budget
train:89_0024.wav,train,Northern,89_0024.wav,not_selected_under_data_budget
train:89_0025.wav,train,Northern,89_0025.wav,not_selected_under_data_budget
train:89_0026.wav,train,Northern,89_0026.wav,not_selected_under_data_budget
train:89_0027.wav,train,Northern,89_0027.wav,not_selected_under_data_budget
train:89_0028.wav,train,Northern,89_0028.wav,not_selected_under_data_budget
train:89_0029.wav,train,Northern,89_0029.wav,not_selected_under_data_budget
train:89_0030.wav,train,Northern,89_0030.wav,not_selected_under_data_budget
train:89_0031.wav,train,Northern,89_0031.wav,not_selected_under_data_budget
train:89_0032.wav,train,Northern,89_0032.wav,not_selected_under_data_budget
train:89_0033.wav,train,Northern,89_0033.wav,not_selected_under_data_budget
train:89_0034.wav,train,Northern,89_0034.wav,not_selected_under_data_budget
train:89_0035.wav,train,Northern,89_0035.wav,not_selected_under_data_budget
train:89_0036.wav,train,Northern,89_0036.wav,not_selected_under_data_budget
train:89_0037.wav,train,Northern,89_0037.wav,not_selected_under_data_budget
train:89_0038.wav,train,Northern,89_0038.wav,not_selected_under_data_budget
train:89_0039.wav,train,Northern,89_0039.wav,not_selected_under_data_budget
train:89_0040.wav,train,Northern,89_0040.wav,not_selected_under_data_budget
train:89_0041.wav,train,Northern,89_0041.wav,not_selected_under_data_budget
train:89_0042.wav,train,Northern,89_0042.wav,not_selected_under_data_budget
train:89_0043.wav,train,Northern,89_0043.wav,not_selected_under_data_budget
train:89_0044.wav,train,Northern,89_0044.wav,not_selected_under_data_budget
train:89_0045.wav,train,Northern,89_0045.wav,not_selected_under_data_budget
train:89_0046.wav,train,Northern,89_0046.wav,not_selected_under_data_budget
train:89_0047.wav,train,Northern,89_0047.wav,not_selected_under_data_budget
train:89_0048.wav,train,Northern,89_0048.wav,not_selected_under_data_budget
train:89_0049.wav,train,Northern,89_0049.wav,not_selected_under_data_budget
train:89_0050.wav,train,Northern,89_0050.wav,not_selected_under_data_budget
train:89_0051.wav,train,Northern,89_0051.wav,not_selected_under_data_budget
train:89_0052.wav,train,Northern,89_0052.wav,not_selected_under_data_budget
train:89_0053.wav,train,Northern,89_0053.wav,not_selected_under_data_budget
train:89_0054.wav,train,Northern,89_0054.wav,not_selected_under_data_budget
train:89_0055.wav,train,Northern,89_0055.wav,not_selected_under_data_budget
train:89_0056.wav,train,Northern,89_0056.wav,not_selected_under_data_budget
train:89_0057.wav,train,Northern,89_0057.wav,not_selected_under_data_budget
train:89_0058.wav,train,Northern,89_0058.wav,not_selected_under_data_budget
train:89_0059.wav,train,Northern,89_0059.wav,not_selected_under_data_budget
train:89_0060.wav,train,Northern,89_0060.wav,not_selected_under_data_budget
train:89_0061.wav,train,Northern,89_0061.wav,not_selected_under_data_budget
train:89_0062.wav,train,Northern,89_0062.wav,not_selected_under_data_budget
train:89_0063.wav,train,Northern,89_0063.wav,not_selected_under_data_budget
train:89_0064.wav,train,Northern,89_0064.wav,not_selected_under_data_budget
train:89_0065.wav,train,Northern,89_0065.wav,not_selected_under_data_budget
train:89_0066.wav,train,Northern,89_0066.wav,not_selected_under_data_budget
train:89_0067.wav,train,Northern,89_0067.wav,not_selected_under_data_budget
train:89_0068.wav,train,Northern,89_0068.wav,not_selected_under_data_budget
train:89_0069.wav,train,Northern,89_0069.wav,not_selected_under_data_budget
train:89_0070.wav,train,Northern,89_0070.wav,not_selected_under_data_budget
train:89_0071.wav,train,Northern,89_0071.wav,not_selected_under_data_budget
train:89_0072.wav,train,Northern,89_0072.wav,not_selected_under_data_budget
train:89_0073.wav,train,Northern,89_0073.wav,not_selected_under_data_budget
train:89_0074.wav,train,Northern,89_0074.wav,not_selected_under_data_budget
train:89_0075.wav,train,Northern,89_0075.wav,not_selected_under_data_budget
train:89_0076.wav,train,Northern,89_0076.wav,not_selected_under_data_budget
train:89_0077.wav,train,Northern,89_0077.wav,not_selected_under_data_budget
train:89_0078.wav,train,Northern,89_0078.wav,not_selected_under_data_budget
train:89_0079.wav,train,Northern,89_0079.wav,not_selected_under_data_budget
train:89_0080.wav,train,Northern,89_0080.wav,not_selected_under_data_budget
train:89_0081.wav,train,Northern,89_0081.wav,not_selected_under_data_budget
train:89_0082.wav,train,Northern,89_0082.wav,not_selected_under_data_budget
train:89_0083.wav,train,Northern,89_0083.wav,not_selected_under_data_budget
train:89_0084.wav,train,Northern,89_0084.wav,not_selected_under_data_budget
train:89_0085.wav,train,Northern,89_0085.wav,not_selected_under_data_budget
train:89_0086.wav,train,Northern,89_0086.wav,not_selected_under_data_budget
train:89_0087.wav,train,Northern,89_0087.wav,not_selected_under_data_budget
train:89_0088.wav,train,Northern,89_0088.wav,not_selected_under_data_budget
train:89_0089.wav,train,Northern,89_0089.wav,not_selected_under_data_budget
train:89_0090.wav,train,Northern,89_0090.wav,not_selected_under_data_budget
train:89_0091.wav,train,Northern,89_0091.wav,not_selected_under_data_budget
train:89_0092.wav,train,Northern,89_0092.wav,not_selected_under_data_budget
train:89_0093.wav,train,Northern,89_0093.wav,not_selected_under_data_budget
train:89_0094.wav,train,Northern,89_0094.wav,not_selected_under_data_budget
train:89_0095.wav,train,Northern,89_0095.wav,not_selected_under_data_budget
train:89_0096.wav,train,Northern,89_0096.wav,not_selected_under_data_budget
train:89_0097.wav,train,Northern,89_0097.wav,not_selected_under_data_budget
train:89_0098.wav,train,Northern,89_0098.wav,not_selected_under_data_budget
train:89_0099.wav,train,Northern,89_0099.wav,not_selected_under_data_budget
train:89_0100.wav,train,Northern,89_0100.wav,not_selected_under_data_budget
train:89_0101.wav,train,Northern,89_0101.wav,not_selected_under_data_budget
train:89_0102.wav,train,Northern,89_0102.wav,not_selected_under_data_budget
train:89_0103.wav,train,Northern,89_0103.wav,not_selected_under_data_budget
train:89_0104.wav,train,Northern,89_0104.wav,not_selected_under_data_budget
train:89_0105.wav,train,Northern,89_0105.wav,not_selected_under_data_budget
train:89_0106.wav,train,Northern,89_0106.wav,not_selected_under_data_budget
train:89_0107.wav,train,Northern,89_0107.wav,not_selected_under_data_budget
train:89_0108.wav,train,Northern,89_0108.wav,not_selected_under_data_budget
train:89_0109.wav,train,Northern,89_0109.wav,not_selected_under_data_budget
train:89_0110.wav,train,Northern,89_0110.wav,not_selected_under_data_budget
train:89_0111.wav,train,Northern,89_0111.wav,not_selected_under_data_budget
train:89_0112.wav,train,Northern,89_0112.wav,not_selected_under_data_budget
train:89_0113.wav,train,Northern,89_0113.wav,not_selected_under_data_budget
train:89_0114.wav,train,Northern,89_0114.wav,not_selected_under_data_budget
train:89_0115.wav,train,Northern,89_0115.wav,not_selected_under_data_budget
train:89_0116.wav,train,Northern,89_0116.wav,not_selected_under_data_budget
train:89_0117.wav,train,Northern,89_0117.wav,not_selected_under_data_budget
train:89_0118.wav,train,Northern,89_0118.wav,not_selected_under_data_budget
train:89_0119.wav,train,Northern,89_0119.wav,not_selected_under_data_budget
train:89_0120.wav,train,Northern,89_0120.wav,not_selected_under_data_budget
train:89_0121.wav,train,Northern,89_0121.wav,not_selected_under_data_budget
train:89_0122.wav,train,Northern,89_0122.wav,not_selected_under_data_budget
train:89_0123.wav,train,Northern,89_0123.wav,not_selected_under_data_budget
train:89_0124.wav,train,Northern,89_0124.wav,not_selected_under_data_budget
train:89_0125.wav,train,Northern,89_0125.wav,not_selected_under_data_budget
train:89_0126.wav,train,Northern,89_0126.wav,not_selected_under_data_budget
train:89_0127.wav,train,Northern,89_0127.wav,not_selected_under_data_budget
train:89_0128.wav,train,Northern,89_0128.wav,not_selected_under_data_budget
train:89_0129.wav,train,Northern,89_0129.wav,not_selected_under_data_budget
train:89_0130.wav,train,Northern,89_0130.wav,not_selected_under_data_budget
train:89_0131.wav,train,Northern,89_0131.wav,not_selected_under_data_budget
train:89_0132.wav,train,Northern,89_0132.wav,not_selected_under_data_budget
train:89_0133.wav,train,Northern,89_0133.wav,not_selected_under_data_budget
train:89_0134.wav,train,Northern,89_0134.wav,not_selected_under_data_budget
train:89_0135.wav,train,Northern,89_0135.wav,not_selected_under_data_budget
train:89_0136.wav,train,Northern,89_0136.wav,not_selected_under_data_budget
train:89_0137.wav,train,Northern,89_0137.wav,not_selected_under_data_budget
train:89_0138.wav,train,Northern,89_0138.wav,not_selected_under_data_budget
train:89_0139.wav,train,Northern,89_0139.wav,not_selected_under_data_budget
train:89_0140.wav,train,Northern,89_0140.wav,not_selected_under_data_budget
train:89_0141.wav,train,Northern,89_0141.wav,not_selected_under_data_budget
train:89_0142.wav,train,Northern,89_0142.wav,not_selected_under_data_budget
train:89_0143.wav,train,Northern,89_0143.wav,not_selected_under_data_budget
train:89_0144.wav,train,Northern,89_0144.wav,not_selected_under_data_budget
train:89_0145.wav,train,Northern,89_0145.wav,not_selected_under_data_budget
train:89_0146.wav,train,Northern,89_0146.wav,not_selected_under_data_budget
train:89_0147.wav,train,Northern,89_0147.wav,not_selected_under_data_budget
train:89_0148.wav,train,Northern,89_0148.wav,not_selected_under_data_budget
train:89_0149.wav,train,Northern,89_0149.wav,not_selected_under_data_budget
train:89_0150.wav,train,Northern,89_0150.wav,not_selected_under_data_budget
train:89_0151.wav,train,Northern,89_0151.wav,not_selected_under_data_budget
train:89_0152.wav,train,Northern,89_0152.wav,not_selected_under_data_budget
train:89_0153.wav,train,Northern,89_0153.wav,not_selected_under_data_budget
train:89_0154.wav,train,Northern,89_0154.wav,not_selected_under_data_budget
train:89_0155.wav,train,Northern,89_0155.wav,not_selected_under_data_budget
train:89_0156.wav,train,Northern,89_0156.wav,not_selected_under_data_budget
train:89_0157.wav,train,Northern,89_0157.wav,not_selected_under_data_budget
train:89_0158.wav,train,Northern,89_0158.wav,not_selected_under_data_budget
train:89_0159.wav,train,Northern,89_0159.wav,not_selected_under_data_budget
train:89_0160.wav,train,Northern,89_0160.wav,not_selected_under_data_budget
train:89_0161.wav,train,Northern,89_0161.wav,not_selected_under_data_budget
train:89_0162.wav,train,Northern,89_0162.wav,not_selected_under_data_budget
train:89_0163.wav,train,Northern,89_0163.wav,not_selected_under_data_budget
train:89_0164.wav,train,Northern,89_0164.wav,not_selected_under_data_budget
train:89_0165.wav,train,Northern,89_0165.wav,not_selected_under_data_budget
train:89_0166.wav,train,Northern,89_0166.wav,not_selected_under_data_budget
train:89_0167.wav,train,Northern,89_0167.wav,not_selected_under_data_budget
train:89_0168.wav,train,Northern,89_0168.wav,not_selected_under_data_budget
train:89_0169.wav,train,Northern,89_0169.wav,not_selected_under_data_budget
train:89_0170.wav,train,Northern,89_0170.wav,not_selected_under_data_budget
train:89_0171.wav,train,Northern,89_0171.wav,not_selected_under_data_budget
train:89_0172.wav,train,Northern,89_0172.wav,not_selected_under_data_budget
train:89_0173.wav,train,Northern,89_0173.wav,not_selected_under_data_budget
train:89_0174.wav,train,Northern,89_0174.wav,not_selected_under_data_budget
train:89_0175.wav,train,Northern,89_0175.wav,not_selected_under_data_budget
train:89_0176.wav,train,Northern,89_0176.wav,not_selected_under_data_budget
train:90_0101.wav,train,Northern,90_0101.wav,not_selected_under_data_budget
train:90_0102.wav,train,Northern,90_0102.wav,not_selected_under_data_budget
train:90_0103.wav,train,Northern,90_0103.wav,not_selected_under_data_budget
train:90_0104.wav,train,Northern,90_0104.wav,not_selected_under_data_budget
train:90_0105.wav,train,Northern,90_0105.wav,not_selected_under_data_budget
train:90_0106.wav,train,Northern,90_0106.wav,not_selected_under_data_budget
train:90_0107.wav,train,Northern,90_0107.wav,not_selected_under_data_budget
train:90_0108.wav,train,Northern,90_0108.wav,not_selected_under_data_budget
train:90_0109.wav,train,Northern,90_0109.wav,not_selected_under_data_budget
train:90_0110.wav,train,Northern,90_0110.wav,not_selected_under_data_budget
train:90_0111.wav,train,Northern,90_0111.wav,not_selected_under_data_budget
train:90_0112.wav,train,Northern,90_0112.wav,not_selected_under_data_budget
train:90_0113.wav,train,Northern,90_0113.wav,not_selected_under_data_budget
train:90_0114.wav,train,Northern,90_0114.wav,not_selected_under_data_budget
train:90_0115.wav,train,Northern,90_0115.wav,not_selected_under_data_budget
train:90_0116.wav,train,Northern,90_0116.wav,not_selected_under_data_budget
train:90_0117.wav,train,Northern,90_0117.wav,not_selected_under_data_budget
train:90_0118.wav,train,Northern,90_0118.wav,not_selected_under_data_budget
train:90_0119.wav,train,Northern,90_0119.wav,not_selected_under_data_budget
train:90_0120.wav,train,Northern,90_0120.wav,not_selected_under_data_budget
train:90_0121.wav,train,Northern,90_0121.wav,not_selected_under_data_budget
train:90_0122.wav,train,Northern,90_0122.wav,not_selected_under_data_budget
train:90_0123.wav,train,Northern,90_0123.wav,not_selected_under_data_budget
train:90_0124.wav,train,Northern,90_0124.wav,not_selected_under_data_budget
train:90_0125.wav,train,Northern,90_0125.wav,not_selected_under_data_budget
train:90_0126.wav,train,Northern,90_0126.wav,not_selected_under_data_budget
train:90_0127.wav,train,Northern,90_0127.wav,not_selected_under_data_budget
train:90_0128.wav,train,Northern,90_0128.wav,not_selected_under_data_budget
train:90_0129.wav,train,Northern,90_0129.wav,not_selected_under_data_budget
train:90_0130.wav,train,Northern,90_0130.wav,not_selected_under_data_budget
train:90_0131.wav,train,Northern,90_0131.wav,not_selected_under_data_budget
train:90_0132.wav,train,Northern,90_0132.wav,not_selected_under_data_budget
train:90_0133.wav,train,Northern,90_0133.wav,not_selected_under_data_budget
train:90_0134.wav,train,Northern,90_0134.wav,not_selected_under_data_budget
train:90_0135.wav,train,Northern,90_0135.wav,not_selected_under_data_budget
train:90_0136.wav,train,Northern,90_0136.wav,not_selected_under_data_budget
train:90_0137.wav,train,Northern,90_0137.wav,not_selected_under_data_budget
train:90_0138.wav,train,Northern,90_0138.wav,not_selected_under_data_budget
train:90_0139.wav,train,Northern,90_0139.wav,not_selected_under_data_budget
train:90_0140.wav,train,Northern,90_0140.wav,not_selected_under_data_budget
train:90_0141.wav,train,Northern,90_0141.wav,not_selected_under_data_budget
train:90_0142.wav,train,Northern,90_0142.wav,not_selected_under_data_budget
train:90_0143.wav,train,Northern,90_0143.wav,not_selected_under_data_budget
train:90_0144.wav,train,Northern,90_0144.wav,not_selected_under_data_budget
train:90_0145.wav,train,Northern,90_0145.wav,not_selected_under_data_budget
train:90_0146.wav,train,Northern,90_0146.wav,not_selected_under_data_budget
train:90_0147.wav,train,Northern,90_0147.wav,not_selected_under_data_budget
train:90_0148.wav,train,Northern,90_0148.wav,not_selected_under_data_budget
train:90_0149.wav,train,Northern,90_0149.wav,not_selected_under_data_budget
train:90_0150.wav,train,Northern,90_0150.wav,not_selected_under_data_budget
train:90_0151.wav,train,Northern,90_0151.wav,not_selected_under_data_budget
train:90_0152.wav,train,Northern,90_0152.wav,not_selected_under_data_budget
train:90_0153.wav,train,Northern,90_0153.wav,not_selected_under_data_budget
train:90_0154.wav,train,Northern,90_0154.wav,not_selected_under_data_budget
train:90_0155.wav,train,Northern,90_0155.wav,not_selected_under_data_budget
train:90_0156.wav,train,Northern,90_0156.wav,not_selected_under_data_budget
train:90_0157.wav,train,Northern,90_0157.wav,not_selected_under_data_budget
train:90_0158.wav,train,Northern,90_0158.wav,not_selected_under_data_budget
train:90_0159.wav,train,Northern,90_0159.wav,not_selected_under_data_budget
train:90_0160.wav,train,Northern,90_0160.wav,not_selected_under_data_budget
train:90_0161.wav,train,Northern,90_0161.wav,not_selected_under_data_budget
train:90_0162.wav,train,Northern,90_0162.wav,not_selected_under_data_budget
train:90_0163.wav,train,Northern,90_0163.wav,not_selected_under_data_budget
train:90_0164.wav,train,Northern,90_0164.wav,not_selected_under_data_budget
train:90_0165.wav,train,Northern,90_0165.wav,not_selected_under_data_budget
train:90_0166.wav,train,Northern,90_0166.wav,not_selected_under_data_budget
train:90_0167.wav,train,Northern,90_0167.wav,not_selected_under_data_budget
train:90_0168.wav,train,Northern,90_0168.wav,not_selected_under_data_budget
train:90_0169.wav,train,Northern,90_0169.wav,not_selected_under_data_budget
train:90_0170.wav,train,Northern,90_0170.wav,not_selected_under_data_budget
train:90_0171.wav,train,Northern,90_0171.wav,not_selected_under_data_budget
train:90_0172.wav,train,Northern,90_0172.wav,not_selected_under_data_budget
train:90_0173.wav,train,Northern,90_0173.wav,not_selected_under_data_budget
train:90_0174.wav,train,Northern,90_0174.wav,not_selected_under_data_budget
train:90_0175.wav,train,Northern,90_0175.wav,not_selected_under_data_budget
train:90_0176.wav,train,Northern,90_0176.wav,not_selected_under_data_budget
train:90_0177.wav,train,Northern,90_0177.wav,not_selected_under_data_budget
train:90_0178.wav,train,Northern,90_0178.wav,not_selected_under_data_budget
train:90_0179.wav,train,Northern,90_0179.wav,not_selected_under_data_budget
train:90_0180.wav,train,Northern,90_0180.wav,not_selected_under_data_budget
train:90_0181.wav,train,Northern,90_0181.wav,not_selected_under_data_budget
train:90_0182.wav,train,Northern,90_0182.wav,not_selected_under_data_budget
train:90_0183.wav,train,Northern,90_0183.wav,not_selected_under_data_budget
train:90_0184.wav,train,Northern,90_0184.wav,not_selected_under_data_budget
train:90_0185.wav,train,Northern,90_0185.wav,not_selected_under_data_budget
train:90_0186.wav,train,Northern,90_0186.wav,not_selected_under_data_budget
train:90_0187.wav,train,Northern,90_0187.wav,not_selected_under_data_budget
train:90_0188.wav,train,Northern,90_0188.wav,not_selected_under_data_budget
train:90_0189.wav,train,Northern,90_0189.wav,not_selected_under_data_budget
train:90_0190.wav,train,Northern,90_0190.wav,not_selected_under_data_budget
train:90_0191.wav,train,Northern,90_0191.wav,not_selected_under_data_budget
train:90_0192.wav,train,Northern,90_0192.wav,not_selected_under_data_budget
train:90_0193.wav,train,Northern,90_0193.wav,not_selected_under_data_budget
train:90_0194.wav,train,Northern,90_0194.wav,not_selected_under_data_budget
train:90_0195.wav,train,Northern,90_0195.wav,not_selected_under_data_budget
train:90_0196.wav,train,Northern,90_0196.wav,not_selected_under_data_budget
train:90_0197.wav,train,Northern,90_0197.wav,not_selected_under_data_budget
train:90_0198.wav,train,Northern,90_0198.wav,not_selected_under_data_budget
train:90_0199.wav,train,Northern,90_0199.wav,not_selected_under_data_budget
train:90_0200.wav,train,Northern,90_0200.wav,not_selected_under_data_budget
train:90_0201.wav,train,Northern,90_0201.wav,not_selected_under_data_budget
train:90_0202.wav,train,Northern,90_0202.wav,not_selected_under_data_budget
train:90_0203.wav,train,Northern,90_0203.wav,not_selected_under_data_budget
train:90_0204.wav,train,Northern,90_0204.wav,not_selected_under_data_budget
train:90_0205.wav,train,Northern,90_0205.wav,not_selected_under_data_budget
train:90_0206.wav,train,Northern,90_0206.wav,not_selected_under_data_budget
train:90_0207.wav,train,Northern,90_0207.wav,not_selected_under_data_budget
train:90_0208.wav,train,Northern,90_0208.wav,not_selected_under_data_budget
train:90_0209.wav,train,Northern,90_0209.wav,not_selected_under_data_budget
train:90_0210.wav,train,Northern,90_0210.wav,not_selected_under_data_budget
train:90_0211.wav,train,Northern,90_0211.wav,not_selected_under_data_budget
train:90_0214.wav,train,Northern,90_0214.wav,not_selected_under_data_budget
train:90_0216.wav,train,Northern,90_0216.wav,not_selected_under_data_budget
train:90_0220.wav,train,Northern,90_0220.wav,not_selected_under_data_budget
train:92_0001.wav,train,Central,92_0001.wav,not_selected_under_data_budget
train:92_0002.wav,train,Central,92_0002.wav,not_selected_under_data_budget
train:92_0003.wav,train,Central,92_0003.wav,not_selected_under_data_budget
train:92_0004.wav,train,Central,92_0004.wav,not_selected_under_data_budget
train:92_0005.wav,train,Central,92_0005.wav,not_selected_under_data_budget
train:92_0006.wav,train,Central,92_0006.wav,not_selected_under_data_budget
train:92_0007.wav,train,Central,92_0007.wav,not_selected_under_data_budget
train:92_0008.wav,train,Central,92_0008.wav,not_selected_under_data_budget
train:92_0009.wav,train,Central,92_0009.wav,not_selected_under_data_budget
train:92_0010.wav,train,Central,92_0010.wav,not_selected_under_data_budget
train:92_0011.wav,train,Central,92_0011.wav,not_selected_under_data_budget
train:92_0012.wav,train,Central,92_0012.wav,not_selected_under_data_budget
train:92_0013.wav,train,Central,92_0013.wav,not_selected_under_data_budget
train:92_0014.wav,train,Central,92_0014.wav,not_selected_under_data_budget
train:92_0015.wav,train,Central,92_0015.wav,not_selected_under_data_budget
train:92_0016.wav,train,Central,92_0016.wav,not_selected_under_data_budget
train:92_0017.wav,train,Central,92_0017.wav,not_selected_under_data_budget
train:92_0018.wav,train,Central,92_0018.wav,not_selected_under_data_budget
train:92_0019.wav,train,Central,92_0019.wav,not_selected_under_data_budget
train:92_0020.wav,train,Central,92_0020.wav,not_selected_under_data_budget
train:92_0021.wav,train,Central,92_0021.wav,not_selected_under_data_budget
train:92_0022.wav,train,Central,92_0022.wav,not_selected_under_data_budget
train:92_0023.wav,train,Central,92_0023.wav,not_selected_under_data_budget
train:92_0024.wav,train,Central,92_0024.wav,not_selected_under_data_budget
train:92_0025.wav,train,Central,92_0025.wav,not_selected_under_data_budget
train:92_0026.wav,train,Central,92_0026.wav,not_selected_under_data_budget
train:92_0027.wav,train,Central,92_0027.wav,not_selected_under_data_budget
train:92_0028.wav,train,Central,92_0028.wav,not_selected_under_data_budget
train:92_0029.wav,train,Central,92_0029.wav,not_selected_under_data_budget
train:92_0030.wav,train,Central,92_0030.wav,not_selected_under_data_budget
train:92_0031.wav,train,Central,92_0031.wav,not_selected_under_data_budget
train:92_0032.wav,train,Central,92_0032.wav,not_selected_under_data_budget
train:92_0033.wav,train,Central,92_0033.wav,not_selected_under_data_budget
train:92_0034.wav,train,Central,92_0034.wav,not_selected_under_data_budget
train:92_0035.wav,train,Central,92_0035.wav,not_selected_under_data_budget
train:92_0036.wav,train,Central,92_0036.wav,not_selected_under_data_budget
train:92_0037.wav,train,Central,92_0037.wav,not_selected_under_data_budget
train:92_0038.wav,train,Central,92_0038.wav,not_selected_under_data_budget
train:92_0039.wav,train,Central,92_0039.wav,not_selected_under_data_budget
train:92_0040.wav,train,Central,92_0040.wav,not_selected_under_data_budget
train:92_0041.wav,train,Central,92_0041.wav,not_selected_under_data_budget
train:92_0042.wav,train,Central,92_0042.wav,not_selected_under_data_budget
train:92_0043.wav,train,Central,92_0043.wav,not_selected_under_data_budget
train:92_0044.wav,train,Central,92_0044.wav,not_selected_under_data_budget
train:92_0045.wav,train,Central,92_0045.wav,not_selected_under_data_budget
train:92_0046.wav,train,Central,92_0046.wav,not_selected_under_data_budget
train:92_0047.wav,train,Central,92_0047.wav,not_selected_under_data_budget
train:92_0048.wav,train,Central,92_0048.wav,not_selected_under_data_budget
train:92_0049.wav,train,Central,92_0049.wav,not_selected_under_data_budget
train:92_0050.wav,train,Central,92_0050.wav,not_selected_under_data_budget
train:92_0051.wav,train,Central,92_0051.wav,not_selected_under_data_budget
train:92_0052.wav,train,Central,92_0052.wav,not_selected_under_data_budget
train:92_0053.wav,train,Central,92_0053.wav,not_selected_under_data_budget
train:92_0054.wav,train,Central,92_0054.wav,not_selected_under_data_budget
train:92_0055.wav,train,Central,92_0055.wav,not_selected_under_data_budget
train:92_0056.wav,train,Central,92_0056.wav,not_selected_under_data_budget
train:92_0057.wav,train,Central,92_0057.wav,not_selected_under_data_budget
train:92_0058.wav,train,Central,92_0058.wav,not_selected_under_data_budget
train:92_0059.wav,train,Central,92_0059.wav,not_selected_under_data_budget
train:92_0060.wav,train,Central,92_0060.wav,not_selected_under_data_budget
train:92_0061.wav,train,Central,92_0061.wav,not_selected_under_data_budget
train:92_0062.wav,train,Central,92_0062.wav,not_selected_under_data_budget
train:92_0063.wav,train,Central,92_0063.wav,not_selected_under_data_budget
train:92_0064.wav,train,Central,92_0064.wav,not_selected_under_data_budget
train:92_0065.wav,train,Central,92_0065.wav,not_selected_under_data_budget
train:92_0066.wav,train,Central,92_0066.wav,not_selected_under_data_budget
train:92_0067.wav,train,Central,92_0067.wav,not_selected_under_data_budget
train:92_0068.wav,train,Central,92_0068.wav,not_selected_under_data_budget
train:92_0069.wav,train,Central,92_0069.wav,not_selected_under_data_budget
train:92_0070.wav,train,Central,92_0070.wav,not_selected_under_data_budget
train:92_0071.wav,train,Central,92_0071.wav,not_selected_under_data_budget
train:92_0072.wav,train,Central,92_0072.wav,not_selected_under_data_budget
train:92_0073.wav,train,Central,92_0073.wav,not_selected_under_data_budget
train:92_0074.wav,train,Central,92_0074.wav,not_selected_under_data_budget
train:92_0075.wav,train,Central,92_0075.wav,not_selected_under_data_budget
train:92_0076.wav,train,Central,92_0076.wav,not_selected_under_data_budget
train:92_0077.wav,train,Central,92_0077.wav,not_selected_under_data_budget
train:92_0078.wav,train,Central,92_0078.wav,not_selected_under_data_budget
train:92_0079.wav,train,Central,92_0079.wav,not_selected_under_data_budget
train:92_0080.wav,train,Central,92_0080.wav,not_selected_under_data_budget
train:92_0081.wav,train,Central,92_0081.wav,not_selected_under_data_budget
train:92_0082.wav,train,Central,92_0082.wav,not_selected_under_data_budget
train:92_0083.wav,train,Central,92_0083.wav,not_selected_under_data_budget
train:92_0084.wav,train,Central,92_0084.wav,not_selected_under_data_budget
train:92_0085.wav,train,Central,92_0085.wav,not_selected_under_data_budget
train:92_0086.wav,train,Central,92_0086.wav,not_selected_under_data_budget
train:92_0087.wav,train,Central,92_0087.wav,not_selected_under_data_budget
train:92_0088.wav,train,Central,92_0088.wav,not_selected_under_data_budget
train:92_0089.wav,train,Central,92_0089.wav,not_selected_under_data_budget
train:92_0090.wav,train,Central,92_0090.wav,not_selected_under_data_budget
train:92_0091.wav,train,Central,92_0091.wav,not_selected_under_data_budget
train:92_0092.wav,train,Central,92_0092.wav,not_selected_under_data_budget
train:92_0093.wav,train,Central,92_0093.wav,not_selected_under_data_budget
train:92_0094.wav,train,Central,92_0094.wav,not_selected_under_data_budget
train:92_0095.wav,train,Central,92_0095.wav,not_selected_under_data_budget
train:92_0096.wav,train,Central,92_0096.wav,not_selected_under_data_budget
train:92_0097.wav,train,Central,92_0097.wav,not_selected_under_data_budget
train:92_0098.wav,train,Central,92_0098.wav,not_selected_under_data_budget
train:92_0099.wav,train,Central,92_0099.wav,not_selected_under_data_budget
train:92_0100.wav,train,Central,92_0100.wav,not_selected_under_data_budget
train:92_0101.wav,train,Central,92_0101.wav,not_selected_under_data_budget
train:92_0102.wav,train,Central,92_0102.wav,not_selected_under_data_budget
train:92_0103.wav,train,Central,92_0103.wav,not_selected_under_data_budget
train:92_0104.wav,train,Central,92_0104.wav,not_selected_under_data_budget
train:92_0105.wav,train,Central,92_0105.wav,not_selected_under_data_budget
train:92_0106.wav,train,Central,92_0106.wav,not_selected_under_data_budget
train:92_0107.wav,train,Central,92_0107.wav,not_selected_under_data_budget
train:92_0108.wav,train,Central,92_0108.wav,not_selected_under_data_budget
train:92_0109.wav,train,Central,92_0109.wav,not_selected_under_data_budget
train:92_0110.wav,train,Central,92_0110.wav,not_selected_under_data_budget
train:92_0111.wav,train,Central,92_0111.wav,not_selected_under_data_budget
train:92_0112.wav,train,Central,92_0112.wav,not_selected_under_data_budget
train:92_0113.wav,train,Central,92_0113.wav,not_selected_under_data_budget
train:92_0114.wav,train,Central,92_0114.wav,not_selected_under_data_budget
train:92_0115.wav,train,Central,92_0115.wav,not_selected_under_data_budget
train:92_0116.wav,train,Central,92_0116.wav,not_selected_under_data_budget
train:92_0117.wav,train,Central,92_0117.wav,not_selected_under_data_budget
train:92_0118.wav,train,Central,92_0118.wav,not_selected_under_data_budget
train:92_0119.wav,train,Central,92_0119.wav,not_selected_under_data_budget
train:92_0120.wav,train,Central,92_0120.wav,not_selected_under_data_budget
train:92_0121.wav,train,Central,92_0121.wav,not_selected_under_data_budget
train:92_0122.wav,train,Central,92_0122.wav,not_selected_under_data_budget
train:92_0123.wav,train,Central,92_0123.wav,not_selected_under_data_budget
train:92_0124.wav,train,Central,92_0124.wav,not_selected_under_data_budget
train:92_0125.wav,train,Central,92_0125.wav,not_selected_under_data_budget
train:92_0126.wav,train,Central,92_0126.wav,not_selected_under_data_budget
train:92_0127.wav,train,Central,92_0127.wav,not_selected_under_data_budget
train:92_0128.wav,train,Central,92_0128.wav,not_selected_under_data_budget
train:92_0129.wav,train,Central,92_0129.wav,not_selected_under_data_budget
train:92_0130.wav,train,Central,92_0130.wav,not_selected_under_data_budget
train:92_0131.wav,train,Central,92_0131.wav,not_selected_under_data_budget
train:92_0132.wav,train,Central,92_0132.wav,not_selected_under_data_budget
train:92_0133.wav,train,Central,92_0133.wav,not_selected_under_data_budget
train:92_0134.wav,train,Central,92_0134.wav,not_selected_under_data_budget
train:92_0135.wav,train,Central,92_0135.wav,not_selected_under_data_budget
train:92_0136.wav,train,Central,92_0136.wav,not_selected_under_data_budget
train:92_0137.wav,train,Central,92_0137.wav,not_selected_under_data_budget
train:92_0138.wav,train,Central,92_0138.wav,not_selected_under_data_budget
train:92_0139.wav,train,Central,92_0139.wav,not_selected_under_data_budget
train:92_0140.wav,train,Central,92_0140.wav,not_selected_under_data_budget
train:92_0141.wav,train,Central,92_0141.wav,not_selected_under_data_budget
train:92_0142.wav,train,Central,92_0142.wav,not_selected_under_data_budget
train:92_0143.wav,train,Central,92_0143.wav,not_selected_under_data_budget
train:92_0144.wav,train,Central,92_0144.wav,not_selected_under_data_budget
train:92_0145.wav,train,Central,92_0145.wav,not_selected_under_data_budget
train:92_0146.wav,train,Central,92_0146.wav,not_selected_under_data_budget
train:92_0147.wav,train,Central,92_0147.wav,not_selected_under_data_budget
train:92_0148.wav,train,Central,92_0148.wav,not_selected_under_data_budget
train:92_0149.wav,train,Central,92_0149.wav,not_selected_under_data_budget
train:92_0150.wav,train,Central,92_0150.wav,not_selected_under_data_budget
train:92_0151.wav,train,Central,92_0151.wav,not_selected_under_data_budget
train:92_0152.wav,train,Central,92_0152.wav,not_selected_under_data_budget
train:92_0153.wav,train,Central,92_0153.wav,not_selected_under_data_budget
train:92_0154.wav,train,Central,92_0154.wav,not_selected_under_data_budget
train:92_0155.wav,train,Central,92_0155.wav,not_selected_under_data_budget
train:92_0156.wav,train,Central,92_0156.wav,not_selected_under_data_budget
train:92_0157.wav,train,Central,92_0157.wav,not_selected_under_data_budget
train:92_0158.wav,train,Central,92_0158.wav,not_selected_under_data_budget
train:92_0159.wav,train,Central,92_0159.wav,not_selected_under_data_budget
train:92_0160.wav,train,Central,92_0160.wav,not_selected_under_data_budget
train:92_0161.wav,train,Central,92_0161.wav,not_selected_under_data_budget
train:92_0162.wav,train,Central,92_0162.wav,not_selected_under_data_budget
train:92_0163.wav,train,Central,92_0163.wav,not_selected_under_data_budget
train:92_0164.wav,train,Central,92_0164.wav,not_selected_under_data_budget
train:92_0165.wav,train,Central,92_0165.wav,not_selected_under_data_budget
train:92_0166.wav,train,Central,92_0166.wav,not_selected_under_data_budget
train:92_0167.wav,train,Central,92_0167.wav,not_selected_under_data_budget
train:92_0168.wav,train,Central,92_0168.wav,not_selected_under_data_budget
train:92_0169.wav,train,Central,92_0169.wav,not_selected_under_data_budget
train:92_0170.wav,train,Central,92_0170.wav,not_selected_under_data_budget
train:92_0171.wav,train,Central,92_0171.wav,not_selected_under_data_budget
train:92_0172.wav,train,Central,92_0172.wav,not_selected_under_data_budget
train:92_0173.wav,train,Central,92_0173.wav,not_selected_under_data_budget
train:92_0174.wav,train,Central,92_0174.wav,not_selected_under_data_budget
train:92_0175.wav,train,Central,92_0175.wav,not_selected_under_data_budget
train:92_0176.wav,train,Central,92_0176.wav,not_selected_under_data_budget
train:97_0001.wav,train,Northern,97_0001.wav,not_selected_under_data_budget
train:97_0002.wav,train,Northern,97_0002.wav,not_selected_under_data_budget
train:97_0003.wav,train,Northern,97_0003.wav,not_selected_under_data_budget
train:97_0004.wav,train,Northern,97_0004.wav,not_selected_under_data_budget
train:97_0005.wav,train,Northern,97_0005.wav,not_selected_under_data_budget
train:97_0006.wav,train,Northern,97_0006.wav,not_selected_under_data_budget
train:97_0007.wav,train,Northern,97_0007.wav,not_selected_under_data_budget
train:97_0008.wav,train,Northern,97_0008.wav,not_selected_under_data_budget
train:97_0009.wav,train,Northern,97_0009.wav,not_selected_under_data_budget
train:97_0010.wav,train,Northern,97_0010.wav,not_selected_under_data_budget
train:97_0011.wav,train,Northern,97_0011.wav,not_selected_under_data_budget
train:97_0012.wav,train,Northern,97_0012.wav,not_selected_under_data_budget
train:97_0013.wav,train,Northern,97_0013.wav,not_selected_under_data_budget
train:97_0014.wav,train,Northern,97_0014.wav,not_selected_under_data_budget
train:97_0015.wav,train,Northern,97_0015.wav,not_selected_under_data_budget
train:97_0016.wav,train,Northern,97_0016.wav,not_selected_under_data_budget
train:97_0017.wav,train,Northern,97_0017.wav,not_selected_under_data_budget
train:97_0018.wav,train,Northern,97_0018.wav,not_selected_under_data_budget
train:97_0019.wav,train,Northern,97_0019.wav,not_selected_under_data_budget
train:97_0020.wav,train,Northern,97_0020.wav,not_selected_under_data_budget
train:97_0021.wav,train,Northern,97_0021.wav,not_selected_under_data_budget
train:97_0022.wav,train,Northern,97_0022.wav,not_selected_under_data_budget
train:97_0023.wav,train,Northern,97_0023.wav,not_selected_under_data_budget
train:97_0024.wav,train,Northern,97_0024.wav,not_selected_under_data_budget
train:97_0025.wav,train,Northern,97_0025.wav,not_selected_under_data_budget
train:97_0026.wav,train,Northern,97_0026.wav,not_selected_under_data_budget
train:97_0027.wav,train,Northern,97_0027.wav,not_selected_under_data_budget
train:97_0028.wav,train,Northern,97_0028.wav,not_selected_under_data_budget
train:97_0029.wav,train,Northern,97_0029.wav,not_selected_under_data_budget
train:97_0030.wav,train,Northern,97_0030.wav,not_selected_under_data_budget
train:97_0031.wav,train,Northern,97_0031.wav,not_selected_under_data_budget
train:97_0032.wav,train,Northern,97_0032.wav,not_selected_under_data_budget
train:97_0033.wav,train,Northern,97_0033.wav,not_selected_under_data_budget
train:97_0034.wav,train,Northern,97_0034.wav,not_selected_under_data_budget
train:97_0035.wav,train,Northern,97_0035.wav,not_selected_under_data_budget
train:97_0036.wav,train,Northern,97_0036.wav,not_selected_under_data_budget
train:97_0037.wav,train,Northern,97_0037.wav,not_selected_under_data_budget
train:97_0038.wav,train,Northern,97_0038.wav,not_selected_under_data_budget
train:97_0039.wav,train,Northern,97_0039.wav,not_selected_under_data_budget
train:97_0040.wav,train,Northern,97_0040.wav,not_selected_under_data_budget
train:97_0041.wav,train,Northern,97_0041.wav,not_selected_under_data_budget
train:97_0042.wav,train,Northern,97_0042.wav,not_selected_under_data_budget
train:97_0043.wav,train,Northern,97_0043.wav,not_selected_under_data_budget
train:97_0044.wav,train,Northern,97_0044.wav,not_selected_under_data_budget
train:97_0045.wav,train,Northern,97_0045.wav,not_selected_under_data_budget
train:97_0046.wav,train,Northern,97_0046.wav,not_selected_under_data_budget
train:97_0047.wav,train,Northern,97_0047.wav,not_selected_under_data_budget
train:97_0048.wav,train,Northern,97_0048.wav,not_selected_under_data_budget
train:97_0049.wav,train,Northern,97_0049.wav,not_selected_under_data_budget
train:97_0050.wav,train,Northern,97_0050.wav,not_selected_under_data_budget
train:97_0051.wav,train,Northern,97_0051.wav,not_selected_under_data_budget
train:97_0052.wav,train,Northern,97_0052.wav,not_selected_under_data_budget
train:97_0053.wav,train,Northern,97_0053.wav,not_selected_under_data_budget
train:97_0054.wav,train,Northern,97_0054.wav,not_selected_under_data_budget
train:97_0055.wav,train,Northern,97_0055.wav,not_selected_under_data_budget
train:97_0056.wav,train,Northern,97_0056.wav,not_selected_under_data_budget
train:97_0057.wav,train,Northern,97_0057.wav,not_selected_under_data_budget
train:97_0058.wav,train,Northern,97_0058.wav,not_selected_under_data_budget
train:97_0059.wav,train,Northern,97_0059.wav,not_selected_under_data_budget
train:97_0060.wav,train,Northern,97_0060.wav,not_selected_under_data_budget
train:97_0061.wav,train,Northern,97_0061.wav,not_selected_under_data_budget
train:97_0062.wav,train,Northern,97_0062.wav,not_selected_under_data_budget
train:97_0063.wav,train,Northern,97_0063.wav,not_selected_under_data_budget
train:97_0064.wav,train,Northern,97_0064.wav,not_selected_under_data_budget
train:97_0065.wav,train,Northern,97_0065.wav,not_selected_under_data_budget
train:97_0066.wav,train,Northern,97_0066.wav,not_selected_under_data_budget
train:97_0067.wav,train,Northern,97_0067.wav,not_selected_under_data_budget
train:97_0068.wav,train,Northern,97_0068.wav,not_selected_under_data_budget
train:97_0069.wav,train,Northern,97_0069.wav,not_selected_under_data_budget
train:97_0070.wav,train,Northern,97_0070.wav,not_selected_under_data_budget
train:97_0071.wav,train,Northern,97_0071.wav,not_selected_under_data_budget
train:97_0072.wav,train,Northern,97_0072.wav,not_selected_under_data_budget
train:97_0073.wav,train,Northern,97_0073.wav,not_selected_under_data_budget
train:97_0074.wav,train,Northern,97_0074.wav,not_selected_under_data_budget
train:97_0075.wav,train,Northern,97_0075.wav,not_selected_under_data_budget
train:97_0076.wav,train,Northern,97_0076.wav,not_selected_under_data_budget
train:97_0077.wav,train,Northern,97_0077.wav,not_selected_under_data_budget
train:97_0078.wav,train,Northern,97_0078.wav,not_selected_under_data_budget
train:97_0079.wav,train,Northern,97_0079.wav,not_selected_under_data_budget
train:97_0080.wav,train,Northern,97_0080.wav,not_selected_under_data_budget
train:97_0081.wav,train,Northern,97_0081.wav,not_selected_under_data_budget
train:97_0082.wav,train,Northern,97_0082.wav,not_selected_under_data_budget
train:97_0083.wav,train,Northern,97_0083.wav,not_selected_under_data_budget
train:97_0084.wav,train,Northern,97_0084.wav,not_selected_under_data_budget
train:97_0085.wav,train,Northern,97_0085.wav,not_selected_under_data_budget
train:97_0086.wav,train,Northern,97_0086.wav,not_selected_under_data_budget
train:97_0087.wav,train,Northern,97_0087.wav,not_selected_under_data_budget
train:97_0088.wav,train,Northern,97_0088.wav,not_selected_under_data_budget
train:97_0089.wav,train,Northern,97_0089.wav,not_selected_under_data_budget
train:97_0090.wav,train,Northern,97_0090.wav,not_selected_under_data_budget
train:97_0091.wav,train,Northern,97_0091.wav,not_selected_under_data_budget
train:97_0092.wav,train,Northern,97_0092.wav,not_selected_under_data_budget
train:97_0093.wav,train,Northern,97_0093.wav,not_selected_under_data_budget
train:97_0094.wav,train,Northern,97_0094.wav,not_selected_under_data_budget
train:97_0095.wav,train,Northern,97_0095.wav,not_selected_under_data_budget
train:97_0096.wav,train,Northern,97_0096.wav,not_selected_under_data_budget
train:97_0097.wav,train,Northern,97_0097.wav,not_selected_under_data_budget
train:97_0098.wav,train,Northern,97_0098.wav,not_selected_under_data_budget
train:97_0099.wav,train,Northern,97_0099.wav,not_selected_under_data_budget
train:97_0100.wav,train,Northern,97_0100.wav,not_selected_under_data_budget
train:97_0101.wav,train,Northern,97_0101.wav,not_selected_under_data_budget
train:97_0102.wav,train,Northern,97_0102.wav,not_selected_under_data_budget
train:97_0103.wav,train,Northern,97_0103.wav,not_selected_under_data_budget
train:97_0104.wav,train,Northern,97_0104.wav,not_selected_under_data_budget
train:97_0105.wav,train,Northern,97_0105.wav,not_selected_under_data_budget
train:97_0106.wav,train,Northern,97_0106.wav,not_selected_under_data_budget
train:97_0107.wav,train,Northern,97_0107.wav,not_selected_under_data_budget
train:97_0108.wav,train,Northern,97_0108.wav,not_selected_under_data_budget
train:97_0109.wav,train,Northern,97_0109.wav,not_selected_under_data_budget
train:97_0110.wav,train,Northern,97_0110.wav,not_selected_under_data_budget
train:97_0111.wav,train,Northern,97_0111.wav,not_selected_under_data_budget
train:97_0112.wav,train,Northern,97_0112.wav,not_selected_under_data_budget
train:97_0113.wav,train,Northern,97_0113.wav,not_selected_under_data_budget
train:97_0114.wav,train,Northern,97_0114.wav,not_selected_under_data_budget
train:97_0115.wav,train,Northern,97_0115.wav,not_selected_under_data_budget
train:97_0116.wav,train,Northern,97_0116.wav,not_selected_under_data_budget
train:97_0117.wav,train,Northern,97_0117.wav,not_selected_under_data_budget
train:97_0118.wav,train,Northern,97_0118.wav,not_selected_under_data_budget
train:97_0119.wav,train,Northern,97_0119.wav,not_selected_under_data_budget
train:97_0120.wav,train,Northern,97_0120.wav,not_selected_under_data_budget
train:97_0121.wav,train,Northern,97_0121.wav,not_selected_under_data_budget
train:97_0122.wav,train,Northern,97_0122.wav,not_selected_under_data_budget
train:97_0123.wav,train,Northern,97_0123.wav,not_selected_under_data_budget
train:97_0124.wav,train,Northern,97_0124.wav,not_selected_under_data_budget
train:97_0125.wav,train,Northern,97_0125.wav,not_selected_under_data_budget
train:97_0126.wav,train,Northern,97_0126.wav,not_selected_under_data_budget
train:97_0127.wav,train,Northern,97_0127.wav,not_selected_under_data_budget
train:97_0128.wav,train,Northern,97_0128.wav,not_selected_under_data_budget
train:97_0129.wav,train,Northern,97_0129.wav,not_selected_under_data_budget
train:97_0130.wav,train,Northern,97_0130.wav,not_selected_under_data_budget
train:97_0131.wav,train,Northern,97_0131.wav,not_selected_under_data_budget
train:97_0132.wav,train,Northern,97_0132.wav,not_selected_under_data_budget
train:97_0133.wav,train,Northern,97_0133.wav,not_selected_under_data_budget
train:97_0134.wav,train,Northern,97_0134.wav,not_selected_under_data_budget
train:97_0135.wav,train,Northern,97_0135.wav,not_selected_under_data_budget
train:97_0136.wav,train,Northern,97_0136.wav,not_selected_under_data_budget
train:97_0137.wav,train,Northern,97_0137.wav,not_selected_under_data_budget
train:97_0138.wav,train,Northern,97_0138.wav,not_selected_under_data_budget
train:97_0139.wav,train,Northern,97_0139.wav,not_selected_under_data_budget
train:97_0140.wav,train,Northern,97_0140.wav,not_selected_under_data_budget
train:97_0141.wav,train,Northern,97_0141.wav,not_selected_under_data_budget
train:97_0142.wav,train,Northern,97_0142.wav,not_selected_under_data_budget
train:97_0143.wav,train,Northern,97_0143.wav,not_selected_under_data_budget
train:97_0144.wav,train,Northern,97_0144.wav,not_selected_under_data_budget
train:97_0145.wav,train,Northern,97_0145.wav,not_selected_under_data_budget
train:97_0146.wav,train,Northern,97_0146.wav,not_selected_under_data_budget
train:97_0147.wav,train,Northern,97_0147.wav,not_selected_under_data_budget
train:97_0148.wav,train,Northern,97_0148.wav,not_selected_under_data_budget
train:97_0149.wav,train,Northern,97_0149.wav,not_selected_under_data_budget
train:97_0150.wav,train,Northern,97_0150.wav,not_selected_under_data_budget
train:97_0151.wav,train,Northern,97_0151.wav,not_selected_under_data_budget
train:97_0152.wav,train,Northern,97_0152.wav,not_selected_under_data_budget
train:97_0153.wav,train,Northern,97_0153.wav,not_selected_under_data_budget
train:97_0154.wav,train,Northern,97_0154.wav,not_selected_under_data_budget
train:97_0155.wav,train,Northern,97_0155.wav,not_selected_under_data_budget
train:97_0156.wav,train,Northern,97_0156.wav,not_selected_under_data_budget
train:97_0157.wav,train,Northern,97_0157.wav,not_selected_under_data_budget
train:97_0158.wav,train,Northern,97_0158.wav,not_selected_under_data_budget
train:97_0159.wav,train,Northern,97_0159.wav,not_selected_under_data_budget
train:97_0160.wav,train,Northern,97_0160.wav,not_selected_under_data_budget
train:97_0161.wav,train,Northern,97_0161.wav,not_selected_under_data_budget
train:97_0162.wav,train,Northern,97_0162.wav,not_selected_under_data_budget
train:97_0163.wav,train,Northern,97_0163.wav,not_selected_under_data_budget
train:97_0164.wav,train,Northern,97_0164.wav,not_selected_under_data_budget
train:97_0165.wav,train,Northern,97_0165.wav,not_selected_under_data_budget
train:97_0166.wav,train,Northern,97_0166.wav,not_selected_under_data_budget
train:97_0167.wav,train,Northern,97_0167.wav,not_selected_under_data_budget
train:97_0168.wav,train,Northern,97_0168.wav,not_selected_under_data_budget
train:97_0169.wav,train,Northern,97_0169.wav,not_selected_under_data_budget
train:97_0170.wav,train,Northern,97_0170.wav,not_selected_under_data_budget
train:97_0171.wav,train,Northern,97_0171.wav,not_selected_under_data_budget
train:97_0172.wav,train,Northern,97_0172.wav,not_selected_under_data_budget
train:97_0173.wav,train,Northern,97_0173.wav,not_selected_under_data_budget
train:97_0174.wav,train,Northern,97_0174.wav,not_selected_under_data_budget
train:97_0175.wav,train,Northern,97_0175.wav,not_selected_under_data_budget
train:97_0176.wav,train,Northern,97_0176.wav,not_selected_under_data_budget
train:97_0177.wav,train,Northern,97_0177.wav,not_selected_under_data_budget
train:97_0178.wav,train,Northern,97_0178.wav,not_selected_under_data_budget
train:97_0179.wav,train,Northern,97_0179.wav,not_selected_under_data_budget
train:97_0180.wav,train,Northern,97_0180.wav,not_selected_under_data_budget
train:97_0181.wav,train,Northern,97_0181.wav,not_selected_under_data_budget
train:97_0182.wav,train,Northern,97_0182.wav,not_selected_under_data_budget
train:97_0183.wav,train,Northern,97_0183.wav,not_selected_under_data_budget
train:97_0184.wav,train,Northern,97_0184.wav,not_selected_under_data_budget
train:97_0185.wav,train,Northern,97_0185.wav,not_selected_under_data_budget
train:97_0186.wav,train,Northern,97_0186.wav,not_selected_under_data_budget
train:97_0187.wav,train,Northern,97_0187.wav,not_selected_under_data_budget
train:97_0188.wav,train,Northern,97_0188.wav,not_selected_under_data_budget
train:97_0189.wav,train,Northern,97_0189.wav,not_selected_under_data_budget
train:97_0190.wav,train,Northern,97_0190.wav,not_selected_under_data_budget
train:97_0191.wav,train,Northern,97_0191.wav,not_selected_under_data_budget
train:97_0192.wav,train,Northern,97_0192.wav,not_selected_under_data_budget
train:97_0193.wav,train,Northern,97_0193.wav,not_selected_under_data_budget
train:97_0194.wav,train,Northern,97_0194.wav,not_selected_under_data_budget
train:97_0195.wav,train,Northern,97_0195.wav,not_selected_under_data_budget
train:97_0196.wav,train,Northern,97_0196.wav,not_selected_under_data_budget
train:97_0197.wav,train,Northern,97_0197.wav,not_selected_under_data_budget
train:97_0198.wav,train,Northern,97_0198.wav,not_selected_under_data_budget
train:97_0199.wav,train,Northern,97_0199.wav,not_selected_under_data_budget
train:97_0200.wav,train,Northern,97_0200.wav,not_selected_under_data_budget
train:97_0201.wav,train,Northern,97_0201.wav,not_selected_under_data_budget
train:97_0202.wav,train,Northern,97_0202.wav,not_selected_under_data_budget
train:97_0203.wav,train,Northern,97_0203.wav,not_selected_under_data_budget
train:97_0204.wav,train,Northern,97_0204.wav,not_selected_under_data_budget
train:97_0205.wav,train,Northern,97_0205.wav,not_selected_under_data_budget
train:97_0206.wav,train,Northern,97_0206.wav,not_selected_under_data_budget
train:97_0207.wav,train,Northern,97_0207.wav,not_selected_under_data_budget
train:97_0208.wav,train,Northern,97_0208.wav,not_selected_under_data_budget
train:97_0209.wav,train,Northern,97_0209.wav,not_selected_under_data_budget
train:97_0210.wav,train,Northern,97_0210.wav,not_selected_under_data_budget
train:97_0211.wav,train,Northern,97_0211.wav,not_selected_under_data_budget
train:97_0212.wav,train,Northern,97_0212.wav,not_selected_under_data_budget
train:97_0213.wav,train,Northern,97_0213.wav,not_selected_under_data_budget
train:97_0214.wav,train,Northern,97_0214.wav,not_selected_under_data_budget
train:97_0215.wav,train,Northern,97_0215.wav,not_selected_under_data_budget
train:97_0216.wav,train,Northern,97_0216.wav,not_selected_under_data_budget
train:97_0217.wav,train,Northern,97_0217.wav,not_selected_under_data_budget
train:97_0218.wav,train,Northern,97_0218.wav,not_selected_under_data_budget
train:97_0219.wav,train,Northern,97_0219.wav,not_selected_under_data_budget
train:97_0220.wav,train,Northern,97_0220.wav,not_selected_under_data_budget
train:97_0221.wav,train,Northern,97_0221.wav,not_selected_under_data_budget
train:97_0222.wav,train,Northern,97_0222.wav,not_selected_under_data_budget
train:97_0223.wav,train,Northern,97_0223.wav,not_selected_under_data_budget
train:97_0224.wav,train,Northern,97_0224.wav,not_selected_under_data_budget
train:97_0225.wav,train,Northern,97_0225.wav,not_selected_under_data_budget
train:97_0226.wav,train,Northern,97_0226.wav,not_selected_under_data_budget
train:97_0227.wav,train,Northern,97_0227.wav,not_selected_under_data_budget
train:97_0228.wav,train,Northern,97_0228.wav,not_selected_under_data_budget
train:97_0234.wav,train,Northern,97_0234.wav,not_selected_under_data_budget
train:98_0001.wav,train,Northern,98_0001.wav,not_selected_under_data_budget
train:98_0002.wav,train,Northern,98_0002.wav,not_selected_under_data_budget
train:98_0003.wav,train,Northern,98_0003.wav,not_selected_under_data_budget
train:98_0004.wav,train,Northern,98_0004.wav,not_selected_under_data_budget
train:98_0005.wav,train,Northern,98_0005.wav,not_selected_under_data_budget
train:98_0006.wav,train,Northern,98_0006.wav,not_selected_under_data_budget
train:98_0007.wav,train,Northern,98_0007.wav,not_selected_under_data_budget
train:98_0008.wav,train,Northern,98_0008.wav,not_selected_under_data_budget
train:98_0009.wav,train,Northern,98_0009.wav,not_selected_under_data_budget
train:98_0010.wav,train,Northern,98_0010.wav,not_selected_under_data_budget
train:98_0011.wav,train,Northern,98_0011.wav,not_selected_under_data_budget
train:98_0012.wav,train,Northern,98_0012.wav,not_selected_under_data_budget
train:98_0013.wav,train,Northern,98_0013.wav,not_selected_under_data_budget
train:98_0014.wav,train,Northern,98_0014.wav,not_selected_under_data_budget
train:98_0015.wav,train,Northern,98_0015.wav,not_selected_under_data_budget
train:98_0016.wav,train,Northern,98_0016.wav,not_selected_under_data_budget
train:98_0017.wav,train,Northern,98_0017.wav,not_selected_under_data_budget
train:98_0018.wav,train,Northern,98_0018.wav,not_selected_under_data_budget
train:98_0019.wav,train,Northern,98_0019.wav,not_selected_under_data_budget
train:98_0020.wav,train,Northern,98_0020.wav,not_selected_under_data_budget
train:98_0021.wav,train,Northern,98_0021.wav,not_selected_under_data_budget
train:98_0022.wav,train,Northern,98_0022.wav,not_selected_under_data_budget
train:98_0023.wav,train,Northern,98_0023.wav,not_selected_under_data_budget
train:98_0024.wav,train,Northern,98_0024.wav,not_selected_under_data_budget
train:98_0025.wav,train,Northern,98_0025.wav,not_selected_under_data_budget
train:98_0026.wav,train,Northern,98_0026.wav,not_selected_under_data_budget
train:98_0027.wav,train,Northern,98_0027.wav,not_selected_under_data_budget
train:98_0028.wav,train,Northern,98_0028.wav,not_selected_under_data_budget
train:98_0029.wav,train,Northern,98_0029.wav,not_selected_under_data_budget
train:98_0030.wav,train,Northern,98_0030.wav,not_selected_under_data_budget
train:98_0031.wav,train,Northern,98_0031.wav,not_selected_under_data_budget
train:98_0032.wav,train,Northern,98_0032.wav,not_selected_under_data_budget
train:98_0033.wav,train,Northern,98_0033.wav,not_selected_under_data_budget
train:98_0034.wav,train,Northern,98_0034.wav,not_selected_under_data_budget
train:98_0035.wav,train,Northern,98_0035.wav,not_selected_under_data_budget
train:98_0036.wav,train,Northern,98_0036.wav,not_selected_under_data_budget
train:98_0037.wav,train,Northern,98_0037.wav,not_selected_under_data_budget
train:98_0038.wav,train,Northern,98_0038.wav,not_selected_under_data_budget
train:98_0039.wav,train,Northern,98_0039.wav,not_selected_under_data_budget
train:98_0040.wav,train,Northern,98_0040.wav,not_selected_under_data_budget
train:98_0041.wav,train,Northern,98_0041.wav,not_selected_under_data_budget
train:98_0042.wav,train,Northern,98_0042.wav,not_selected_under_data_budget
train:98_0043.wav,train,Northern,98_0043.wav,not_selected_under_data_budget
train:98_0044.wav,train,Northern,98_0044.wav,not_selected_under_data_budget
train:98_0045.wav,train,Northern,98_0045.wav,not_selected_under_data_budget
train:98_0046.wav,train,Northern,98_0046.wav,not_selected_under_data_budget
train:98_0047.wav,train,Northern,98_0047.wav,not_selected_under_data_budget
train:98_0048.wav,train,Northern,98_0048.wav,not_selected_under_data_budget
train:98_0049.wav,train,Northern,98_0049.wav,not_selected_under_data_budget
train:98_0050.wav,train,Northern,98_0050.wav,not_selected_under_data_budget
train:98_0051.wav,train,Northern,98_0051.wav,not_selected_under_data_budget
train:98_0052.wav,train,Northern,98_0052.wav,not_selected_under_data_budget
train:98_0053.wav,train,Northern,98_0053.wav,not_selected_under_data_budget
train:98_0054.wav,train,Northern,98_0054.wav,not_selected_under_data_budget
train:98_0055.wav,train,Northern,98_0055.wav,not_selected_under_data_budget
train:98_0056.wav,train,Northern,98_0056.wav,not_selected_under_data_budget
train:98_0057.wav,train,Northern,98_0057.wav,not_selected_under_data_budget
train:98_0058.wav,train,Northern,98_0058.wav,not_selected_under_data_budget
train:98_0059.wav,train,Northern,98_0059.wav,not_selected_under_data_budget
train:98_0060.wav,train,Northern,98_0060.wav,not_selected_under_data_budget
train:98_0061.wav,train,Northern,98_0061.wav,not_selected_under_data_budget
train:98_0062.wav,train,Northern,98_0062.wav,not_selected_under_data_budget
train:98_0063.wav,train,Northern,98_0063.wav,not_selected_under_data_budget
train:98_0064.wav,train,Northern,98_0064.wav,not_selected_under_data_budget
train:98_0065.wav,train,Northern,98_0065.wav,not_selected_under_data_budget
train:98_0066.wav,train,Northern,98_0066.wav,not_selected_under_data_budget
train:98_0067.wav,train,Northern,98_0067.wav,not_selected_under_data_budget
train:98_0068.wav,train,Northern,98_0068.wav,not_selected_under_data_budget
train:98_0069.wav,train,Northern,98_0069.wav,not_selected_under_data_budget
train:98_0070.wav,train,Northern,98_0070.wav,not_selected_under_data_budget
train:98_0071.wav,train,Northern,98_0071.wav,not_selected_under_data_budget
train:98_0072.wav,train,Northern,98_0072.wav,not_selected_under_data_budget
train:98_0073.wav,train,Northern,98_0073.wav,not_selected_under_data_budget
train:98_0074.wav,train,Northern,98_0074.wav,not_selected_under_data_budget
train:98_0075.wav,train,Northern,98_0075.wav,not_selected_under_data_budget
train:98_0076.wav,train,Northern,98_0076.wav,not_selected_under_data_budget
train:98_0077.wav,train,Northern,98_0077.wav,not_selected_under_data_budget
train:98_0078.wav,train,Northern,98_0078.wav,not_selected_under_data_budget
train:98_0079.wav,train,Northern,98_0079.wav,not_selected_under_data_budget
train:98_0080.wav,train,Northern,98_0080.wav,not_selected_under_data_budget
train:98_0081.wav,train,Northern,98_0081.wav,not_selected_under_data_budget
train:98_0082.wav,train,Northern,98_0082.wav,not_selected_under_data_budget
train:98_0083.wav,train,Northern,98_0083.wav,not_selected_under_data_budget
train:98_0084.wav,train,Northern,98_0084.wav,not_selected_under_data_budget
train:98_0085.wav,train,Northern,98_0085.wav,not_selected_under_data_budget
train:98_0086.wav,train,Northern,98_0086.wav,not_selected_under_data_budget
train:98_0087.wav,train,Northern,98_0087.wav,not_selected_under_data_budget
train:98_0088.wav,train,Northern,98_0088.wav,not_selected_under_data_budget
train:98_0089.wav,train,Northern,98_0089.wav,not_selected_under_data_budget
train:98_0090.wav,train,Northern,98_0090.wav,not_selected_under_data_budget
train:98_0091.wav,train,Northern,98_0091.wav,not_selected_under_data_budget
train:98_0092.wav,train,Northern,98_0092.wav,not_selected_under_data_budget
train:98_0093.wav,train,Northern,98_0093.wav,not_selected_under_data_budget
train:98_0094.wav,train,Northern,98_0094.wav,not_selected_under_data_budget
train:98_0095.wav,train,Northern,98_0095.wav,not_selected_under_data_budget
train:98_0096.wav,train,Northern,98_0096.wav,not_selected_under_data_budget
train:98_0097.wav,train,Northern,98_0097.wav,not_selected_under_data_budget
train:98_0098.wav,train,Northern,98_0098.wav,not_selected_under_data_budget
train:98_0099.wav,train,Northern,98_0099.wav,not_selected_under_data_budget
train:98_0100.wav,train,Northern,98_0100.wav,not_selected_under_data_budget
train:98_0101.wav,train,Northern,98_0101.wav,not_selected_under_data_budget
train:98_0102.wav,train,Northern,98_0102.wav,not_selected_under_data_budget
train:98_0103.wav,train,Northern,98_0103.wav,not_selected_under_data_budget
train:98_0104.wav,train,Northern,98_0104.wav,not_selected_under_data_budget
train:98_0105.wav,train,Northern,98_0105.wav,not_selected_under_data_budget
train:98_0106.wav,train,Northern,98_0106.wav,not_selected_under_data_budget
train:98_0107.wav,train,Northern,98_0107.wav,not_selected_under_data_budget
train:98_0108.wav,train,Northern,98_0108.wav,not_selected_under_data_budget
train:98_0109.wav,train,Northern,98_0109.wav,not_selected_under_data_budget
train:98_0110.wav,train,Northern,98_0110.wav,not_selected_under_data_budget
train:98_0111.wav,train,Northern,98_0111.wav,not_selected_under_data_budget
train:98_0112.wav,train,Northern,98_0112.wav,not_selected_under_data_budget
train:98_0113.wav,train,Northern,98_0113.wav,not_selected_under_data_budget
train:98_0114.wav,train,Northern,98_0114.wav,not_selected_under_data_budget
train:98_0115.wav,train,Northern,98_0115.wav,not_selected_under_data_budget
train:98_0116.wav,train,Northern,98_0116.wav,not_selected_under_data_budget
train:98_0117.wav,train,Northern,98_0117.wav,not_selected_under_data_budget
train:98_0118.wav,train,Northern,98_0118.wav,not_selected_under_data_budget
train:98_0119.wav,train,Northern,98_0119.wav,not_selected_under_data_budget
train:98_0120.wav,train,Northern,98_0120.wav,not_selected_under_data_budget
train:98_0121.wav,train,Northern,98_0121.wav,not_selected_under_data_budget
train:98_0122.wav,train,Northern,98_0122.wav,not_selected_under_data_budget
train:98_0123.wav,train,Northern,98_0123.wav,not_selected_under_data_budget
train:98_0124.wav,train,Northern,98_0124.wav,not_selected_under_data_budget
train:98_0125.wav,train,Northern,98_0125.wav,not_selected_under_data_budget
train:98_0126.wav,train,Northern,98_0126.wav,not_selected_under_data_budget
train:98_0127.wav,train,Northern,98_0127.wav,not_selected_under_data_budget
train:98_0128.wav,train,Northern,98_0128.wav,not_selected_under_data_budget
train:98_0129.wav,train,Northern,98_0129.wav,not_selected_under_data_budget
train:98_0130.wav,train,Northern,98_0130.wav,not_selected_under_data_budget
train:98_0131.wav,train,Northern,98_0131.wav,not_selected_under_data_budget
train:98_0132.wav,train,Northern,98_0132.wav,not_selected_under_data_budget
train:98_0133.wav,train,Northern,98_0133.wav,not_selected_under_data_budget
train:98_0134.wav,train,Northern,98_0134.wav,not_selected_under_data_budget
train:98_0135.wav,train,Northern,98_0135.wav,not_selected_under_data_budget
train:98_0136.wav,train,Northern,98_0136.wav,not_selected_under_data_budget
train:98_0137.wav,train,Northern,98_0137.wav,not_selected_under_data_budget
train:98_0138.wav,train,Northern,98_0138.wav,not_selected_under_data_budget
train:98_0139.wav,train,Northern,98_0139.wav,not_selected_under_data_budget
train:98_0140.wav,train,Northern,98_0140.wav,not_selected_under_data_budget
train:98_0141.wav,train,Northern,98_0141.wav,not_selected_under_data_budget
train:98_0142.wav,train,Northern,98_0142.wav,not_selected_under_data_budget
train:98_0143.wav,train,Northern,98_0143.wav,not_selected_under_data_budget
train:98_0144.wav,train,Northern,98_0144.wav,not_selected_under_data_budget
train:98_0145.wav,train,Northern,98_0145.wav,not_selected_under_data_budget
train:98_0146.wav,train,Northern,98_0146.wav,not_selected_under_data_budget
train:98_0147.wav,train,Northern,98_0147.wav,not_selected_under_data_budget
train:98_0148.wav,train,Northern,98_0148.wav,not_selected_under_data_budget
valid:17_0280.wav,valid,Northern,17_0280.wav,not_selected_under_data_budget
valid:17_0281.wav,valid,Northern,17_0281.wav,not_selected_under_data_budget
valid:17_0282.wav,valid,Northern,17_0282.wav,not_selected_under_data_budget
valid:17_0283.wav,valid,Northern,17_0283.wav,not_selected_under_data_budget
valid:17_0284.wav,valid,Northern,17_0284.wav,not_selected_under_data_budget
valid:17_0285.wav,valid,Northern,17_0285.wav,not_selected_under_data_budget
valid:17_0286.wav,valid,Northern,17_0286.wav,not_selected_under_data_budget
valid:17_0288.wav,valid,Northern,17_0288.wav,not_selected_under_data_budget
valid:17_0291.wav,valid,Northern,17_0291.wav,not_selected_under_data_budget
valid:17_0292.wav,valid,Northern,17_0292.wav,not_selected_under_data_budget
valid:17_0293.wav,valid,Northern,17_0293.wav,not_selected_under_data_budget
valid:17_0295.wav,valid,Northern,17_0295.wav,not_selected_under_data_budget
valid:17_0296.wav,valid,Northern,17_0296.wav,not_selected_under_data_budget
valid:17_0297.wav,valid,Northern,17_0297.wav,not_selected_under_data_budget
valid:17_0305.wav,valid,Northern,17_0305.wav,not_selected_under_data_budget
valid:18_0214.wav,valid,Northern,18_0214.wav,not_selected_under_data_budget
valid:18_0242.wav,valid,Northern,18_0242.wav,not_selected_under_data_budget
valid:18_0243.wav,valid,Northern,18_0243.wav,not_selected_under_data_budget
valid:18_0244.wav,valid,Northern,18_0244.wav,not_selected_under_data_budget
valid:18_0245.wav,valid,Northern,18_0245.wav,not_selected_under_data_budget
valid:18_0246.wav,valid,Northern,18_0246.wav,not_selected_under_data_budget
valid:18_0247.wav,valid,Northern,18_0247.wav,not_selected_under_data_budget
valid:18_0248.wav,valid,Northern,18_0248.wav,not_selected_under_data_budget
valid:18_0249.wav,valid,Northern,18_0249.wav,not_selected_under_data_budget
valid:18_0250.wav,valid,Northern,18_0250.wav,not_selected_under_data_budget
valid:18_0251.wav,valid,Northern,18_0251.wav,not_selected_under_data_budget
valid:18_0252.wav,valid,Northern,18_0252.wav,not_selected_under_data_budget
valid:18_0253.wav,valid,Northern,18_0253.wav,not_selected_under_data_budget
valid:18_0254.wav,valid,Northern,18_0254.wav,not_selected_under_data_budget
valid:18_0255.wav,valid,Northern,18_0255.wav,not_selected_under_data_budget
valid:18_0256.wav,valid,Northern,18_0256.wav,not_selected_under_data_budget
valid:18_0257.wav,valid,Northern,18_0257.wav,not_selected_under_data_budget
valid:18_0258.wav,valid,Northern,18_0258.wav,not_selected_under_data_budget
valid:18_0259.wav,valid,Northern,18_0259.wav,not_selected_under_data_budget
valid:18_0260.wav,valid,Northern,18_0260.wav,not_selected_under_data_budget
valid:18_0263.wav,valid,Northern,18_0263.wav,not_selected_under_data_budget
valid:18_0264.wav,valid,Northern,18_0264.wav,not_selected_under_data_budget
valid:18_0266.wav,valid,Northern,18_0266.wav,not_selected_under_data_budget
valid:18_0267.wav,valid,Northern,18_0267.wav,not_selected_under_data_budget
valid:18_0268.wav,valid,Northern,18_0268.wav,not_selected_under_data_budget
valid:18_0269.wav,valid,Northern,18_0269.wav,not_selected_under_data_budget
valid:18_0270.wav,valid,Northern,18_0270.wav,not_selected_under_data_budget
valid:18_0272.wav,valid,Northern,18_0272.wav,not_selected_under_data_budget
valid:18_0273.wav,valid,Northern,18_0273.wav,not_selected_under_data_budget
valid:19_0238.wav,valid,Northern,19_0238.wav,not_selected_under_data_budget
valid:19_0239.wav,valid,Northern,19_0239.wav,not_selected_under_data_budget
valid:19_0240.wav,valid,Northern,19_0240.wav,not_selected_under_data_budget
valid:19_0241.wav,valid,Northern,19_0241.wav,not_selected_under_data_budget
valid:19_0242.wav,valid,Northern,19_0242.wav,not_selected_under_data_budget
valid:19_0244.wav,valid,Northern,19_0244.wav,not_selected_under_data_budget
valid:19_0248.wav,valid,Northern,19_0248.wav,not_selected_under_data_budget
valid:19_0249.wav,valid,Northern,19_0249.wav,not_selected_under_data_budget
valid:19_0254.wav,valid,Northern,19_0254.wav,not_selected_under_data_budget
valid:19_0256.wav,valid,Northern,19_0256.wav,not_selected_under_data_budget
valid:19_0257.wav,valid,Northern,19_0257.wav,not_selected_under_data_budget
valid:19_0258.wav,valid,Northern,19_0258.wav,not_selected_under_data_budget
valid:19_0259.wav,valid,Northern,19_0259.wav,not_selected_under_data_budget
valid:19_0260.wav,valid,Northern,19_0260.wav,not_selected_under_data_budget
valid:19_0265.wav,valid,Northern,19_0265.wav,not_selected_under_data_budget
valid:19_0266.wav,valid,Northern,19_0266.wav,not_selected_under_data_budget
valid:19_0268.wav,valid,Northern,19_0268.wav,not_selected_under_data_budget
valid:19_0269.wav,valid,Northern,19_0269.wav,not_selected_under_data_budget
valid:19_0270.wav,valid,Northern,19_0270.wav,not_selected_under_data_budget
valid:19_0271.wav,valid,Northern,19_0271.wav,not_selected_under_data_budget
valid:19_0272.wav,valid,Northern,19_0272.wav,not_selected_under_data_budget
valid:19_0274.wav,valid,Northern,19_0274.wav,not_selected_under_data_budget
valid:19_0275.wav,valid,Northern,19_0275.wav,not_selected_under_data_budget
valid:19_0276.wav,valid,Northern,19_0276.wav,not_selected_under_data_budget
valid:19_0277.wav,valid,Northern,19_0277.wav,not_selected_under_data_budget
valid:19_0278.wav,valid,Northern,19_0278.wav,not_selected_under_data_budget
valid:19_0281.wav,valid,Northern,19_0281.wav,not_selected_under_data_budget
valid:19_0282.wav,valid,Northern,19_0282.wav,not_selected_under_data_budget
valid:19_0283.wav,valid,Northern,19_0283.wav,not_selected_under_data_budget
valid:19_0284.wav,valid,Northern,19_0284.wav,not_selected_under_data_budget
valid:19_0285.wav,valid,Northern,19_0285.wav,not_selected_under_data_budget
valid:19_0286.wav,valid,Northern,19_0286.wav,not_selected_under_data_budget
valid:19_0288.wav,valid,Northern,19_0288.wav,not_selected_under_data_budget
valid:20_0244.wav,valid,Northern,20_0244.wav,not_selected_under_data_budget
valid:20_0245.wav,valid,Northern,20_0245.wav,not_selected_under_data_budget
valid:20_0246.wav,valid,Northern,20_0246.wav,not_selected_under_data_budget
valid:20_0247.wav,valid,Northern,20_0247.wav,not_selected_under_data_budget
valid:20_0248.wav,valid,Northern,20_0248.wav,not_selected_under_data_budget
valid:20_0250.wav,valid,Northern,20_0250.wav,not_selected_under_data_budget
valid:20_0253.wav,valid,Northern,20_0253.wav,not_selected_under_data_budget
valid:20_0254.wav,valid,Northern,20_0254.wav,not_selected_under_data_budget
valid:20_0255.wav,valid,Northern,20_0255.wav,not_selected_under_data_budget
valid:20_0256.wav,valid,Northern,20_0256.wav,not_selected_under_data_budget
valid:20_0257.wav,valid,Northern,20_0257.wav,not_selected_under_data_budget
valid:20_0258.wav,valid,Northern,20_0258.wav,not_selected_under_data_budget
valid:20_0259.wav,valid,Northern,20_0259.wav,not_selected_under_data_budget
valid:20_0260.wav,valid,Northern,20_0260.wav,not_selected_under_data_budget
valid:20_0261.wav,valid,Northern,20_0261.wav,not_selected_under_data_budget
valid:20_0262.wav,valid,Northern,20_0262.wav,not_selected_under_data_budget
valid:20_0264.wav,valid,Northern,20_0264.wav,not_selected_under_data_budget
valid:20_0266.wav,valid,Northern,20_0266.wav,not_selected_under_data_budget
valid:20_0267.wav,valid,Northern,20_0267.wav,not_selected_under_data_budget
valid:20_0268.wav,valid,Northern,20_0268.wav,not_selected_under_data_budget
valid:20_0269.wav,valid,Northern,20_0269.wav,not_selected_under_data_budget
valid:20_0270.wav,valid,Northern,20_0270.wav,not_selected_under_data_budget
valid:20_0282.wav,valid,Northern,20_0282.wav,not_selected_under_data_budget
valid:20_0283.wav,valid,Northern,20_0283.wav,not_selected_under_data_budget
valid:20_0287.wav,valid,Northern,20_0287.wav,not_selected_under_data_budget
valid:20_0288.wav,valid,Northern,20_0288.wav,not_selected_under_data_budget
valid:20_0290.wav,valid,Northern,20_0290.wav,not_selected_under_data_budget
valid:20_0294.wav,valid,Northern,20_0294.wav,not_selected_under_data_budget
valid:20_0295.wav,valid,Northern,20_0295.wav,not_selected_under_data_budget
valid:20_0296.wav,valid,Northern,20_0296.wav,not_selected_under_data_budget
valid:20_0297.wav,valid,Northern,20_0297.wav,not_selected_under_data_budget
valid:20_0298.wav,valid,Northern,20_0298.wav,not_selected_under_data_budget
valid:21_0232.wav,valid,Northern,21_0232.wav,not_selected_under_data_budget
valid:21_0233.wav,valid,Northern,21_0233.wav,not_selected_under_data_budget
valid:21_0234.wav,valid,Northern,21_0234.wav,not_selected_under_data_budget
valid:21_0235.wav,valid,Northern,21_0235.wav,not_selected_under_data_budget
valid:21_0236.wav,valid,Northern,21_0236.wav,not_selected_under_data_budget
valid:21_0237.wav,valid,Northern,21_0237.wav,not_selected_under_data_budget
valid:21_0238.wav,valid,Northern,21_0238.wav,not_selected_under_data_budget
valid:21_0239.wav,valid,Northern,21_0239.wav,not_selected_under_data_budget
valid:21_0240.wav,valid,Northern,21_0240.wav,not_selected_under_data_budget
valid:21_0242.wav,valid,Northern,21_0242.wav,not_selected_under_data_budget
valid:21_0243.wav,valid,Northern,21_0243.wav,not_selected_under_data_budget
valid:21_0244.wav,valid,Northern,21_0244.wav,not_selected_under_data_budget
valid:21_0245.wav,valid,Northern,21_0245.wav,not_selected_under_data_budget
valid:21_0246.wav,valid,Northern,21_0246.wav,not_selected_under_data_budget
valid:21_0247.wav,valid,Northern,21_0247.wav,not_selected_under_data_budget
valid:21_0248.wav,valid,Northern,21_0248.wav,not_selected_under_data_budget
valid:21_0249.wav,valid,Northern,21_0249.wav,not_selected_under_data_budget
valid:21_0250.wav,valid,Northern,21_0250.wav,not_selected_under_data_budget
valid:21_0251.wav,valid,Northern,21_0251.wav,not_selected_under_data_budget
valid:21_0252.wav,valid,Northern,21_0252.wav,not_selected_under_data_budget
valid:21_0253.wav,valid,Northern,21_0253.wav,not_selected_under_data_budget
valid:21_0254.wav,valid,Northern,21_0254.wav,not_selected_under_data_budget
valid:21_0255.wav,valid,Northern,21_0255.wav,not_selected_under_data_budget
valid:21_0256.wav,valid,Northern,21_0256.wav,not_selected_under_data_budget
valid:22_0219.wav,valid,Northern,22_0219.wav,not_selected_under_data_budget
valid:22_0220.wav,valid,Northern,22_0220.wav,not_selected_under_data_budget
valid:22_0223.wav,valid,Northern,22_0223.wav,not_selected_under_data_budget
valid:22_0226.wav,valid,Northern,22_0226.wav,not_selected_under_data_budget
valid:22_0227.wav,valid,Northern,22_0227.wav,not_selected_under_data_budget
valid:22_0228.wav,valid,Northern,22_0228.wav,not_selected_under_data_budget
valid:22_0229.wav,valid,Northern,22_0229.wav,not_selected_under_data_budget
valid:22_0230.wav,valid,Northern,22_0230.wav,not_selected_under_data_budget
valid:22_0232.wav,valid,Northern,22_0232.wav,not_selected_under_data_budget
valid:22_0233.wav,valid,Northern,22_0233.wav,not_selected_under_data_budget
valid:22_0234.wav,valid,Northern,22_0234.wav,not_selected_under_data_budget
valid:22_0235.wav,valid,Northern,22_0235.wav,not_selected_under_data_budget
valid:22_0237.wav,valid,Northern,22_0237.wav,not_selected_under_data_budget
valid:22_0238.wav,valid,Northern,22_0238.wav,not_selected_under_data_budget
valid:27_0188.wav,valid,Northern,27_0188.wav,not_selected_under_data_budget
valid:27_0213.wav,valid,Northern,27_0213.wav,not_selected_under_data_budget
valid:27_0214.wav,valid,Northern,27_0214.wav,not_selected_under_data_budget
valid:27_0230.wav,valid,Northern,27_0230.wav,not_selected_under_data_budget
valid:27_0231.wav,valid,Northern,27_0231.wav,not_selected_under_data_budget
valid:27_0232.wav,valid,Northern,27_0232.wav,not_selected_under_data_budget
valid:27_0233.wav,valid,Northern,27_0233.wav,not_selected_under_data_budget
valid:27_0234.wav,valid,Northern,27_0234.wav,not_selected_under_data_budget
valid:27_0235.wav,valid,Northern,27_0235.wav,not_selected_under_data_budget
valid:27_0236.wav,valid,Northern,27_0236.wav,not_selected_under_data_budget
valid:27_0237.wav,valid,Northern,27_0237.wav,not_selected_under_data_budget
valid:27_0238.wav,valid,Northern,27_0238.wav,not_selected_under_data_budget
valid:27_0239.wav,valid,Northern,27_0239.wav,not_selected_under_data_budget
valid:27_0240.wav,valid,Northern,27_0240.wav,not_selected_under_data_budget
valid:27_0241.wav,valid,Northern,27_0241.wav,not_selected_under_data_budget
valid:27_0242.wav,valid,Northern,27_0242.wav,not_selected_under_data_budget
valid:27_0243.wav,valid,Northern,27_0243.wav,not_selected_under_data_budget
valid:27_0244.wav,valid,Northern,27_0244.wav,not_selected_under_data_budget
valid:27_0247.wav,valid,Northern,27_0247.wav,not_selected_under_data_budget
valid:27_0248.wav,valid,Northern,27_0248.wav,not_selected_under_data_budget
valid:27_0249.wav,valid,Northern,27_0249.wav,not_selected_under_data_budget
valid:27_0250.wav,valid,Northern,27_0250.wav,not_selected_under_data_budget
valid:27_0251.wav,valid,Northern,27_0251.wav,not_selected_under_data_budget
valid:27_0253.wav,valid,Northern,27_0253.wav,not_selected_under_data_budget
valid:27_0255.wav,valid,Northern,27_0255.wav,not_selected_under_data_budget
valid:27_0256.wav,valid,Northern,27_0256.wav,not_selected_under_data_budget
valid:28_0218.wav,valid,Northern,28_0218.wav,not_selected_under_data_budget
valid:28_0219.wav,valid,Northern,28_0219.wav,not_selected_under_data_budget
valid:28_0220.wav,valid,Northern,28_0220.wav,not_selected_under_data_budget
valid:28_0221.wav,valid,Northern,28_0221.wav,not_selected_under_data_budget
valid:28_0222.wav,valid,Northern,28_0222.wav,not_selected_under_data_budget
valid:28_0223.wav,valid,Northern,28_0223.wav,not_selected_under_data_budget
valid:28_0224.wav,valid,Northern,28_0224.wav,not_selected_under_data_budget
valid:28_0225.wav,valid,Northern,28_0225.wav,not_selected_under_data_budget
valid:28_0226.wav,valid,Northern,28_0226.wav,not_selected_under_data_budget
valid:28_0228.wav,valid,Northern,28_0228.wav,not_selected_under_data_budget
valid:28_0229.wav,valid,Northern,28_0229.wav,not_selected_under_data_budget
valid:28_0230.wav,valid,Northern,28_0230.wav,not_selected_under_data_budget
valid:28_0234.wav,valid,Northern,28_0234.wav,not_selected_under_data_budget
valid:28_0235.wav,valid,Northern,28_0235.wav,not_selected_under_data_budget
valid:28_0236.wav,valid,Northern,28_0236.wav,not_selected_under_data_budget
valid:28_0237.wav,valid,Northern,28_0237.wav,not_selected_under_data_budget
valid:28_0238.wav,valid,Northern,28_0238.wav,not_selected_under_data_budget
valid:28_0239.wav,valid,Northern,28_0239.wav,not_selected_under_data_budget
valid:28_0241.wav,valid,Northern,28_0241.wav,not_selected_under_data_budget
valid:28_0242.wav,valid,Northern,28_0242.wav,not_selected_under_data_budget
valid:28_0243.wav,valid,Northern,28_0243.wav,not_selected_under_data_budget
valid:28_0244.wav,valid,Northern,28_0244.wav,not_selected_under_data_budget
valid:28_0245.wav,valid,Northern,28_0245.wav,not_selected_under_data_budget
valid:28_0247.wav,valid,Northern,28_0247.wav,not_selected_under_data_budget
valid:28_0248.wav,valid,Northern,28_0248.wav,not_selected_under_data_budget
valid:28_0249.wav,valid,Northern,28_0249.wav,not_selected_under_data_budget
valid:30_0229.wav,valid,Northern,30_0229.wav,not_selected_under_data_budget
valid:30_0236.wav,valid,Northern,30_0236.wav,not_selected_under_data_budget
valid:30_0237.wav,valid,Northern,30_0237.wav,not_selected_under_data_budget
valid:30_0239.wav,valid,Northern,30_0239.wav,not_selected_under_data_budget
valid:30_0245.wav,valid,Northern,30_0245.wav,not_selected_under_data_budget
valid:30_0246.wav,valid,Northern,30_0246.wav,not_selected_under_data_budget
valid:30_0258.wav,valid,Northern,30_0258.wav,not_selected_under_data_budget
valid:30_0259.wav,valid,Northern,30_0259.wav,not_selected_under_data_budget
valid:30_0260.wav,valid,Northern,30_0260.wav,not_selected_under_data_budget
valid:30_0267.wav,valid,Northern,30_0267.wav,not_selected_under_data_budget
valid:30_0271.wav,valid,Northern,30_0271.wav,not_selected_under_data_budget
valid:30_0273.wav,valid,Northern,30_0273.wav,not_selected_under_data_budget
valid:30_0274.wav,valid,Northern,30_0274.wav,not_selected_under_data_budget
valid:30_0275.wav,valid,Northern,30_0275.wav,not_selected_under_data_budget
valid:30_0280.wav,valid,Northern,30_0280.wav,not_selected_under_data_budget
valid:30_0284.wav,valid,Northern,30_0284.wav,not_selected_under_data_budget
valid:30_0285.wav,valid,Northern,30_0285.wav,not_selected_under_data_budget
valid:30_0286.wav,valid,Northern,30_0286.wav,not_selected_under_data_budget
valid:30_0289.wav,valid,Northern,30_0289.wav,not_selected_under_data_budget
valid:30_0290.wav,valid,Northern,30_0290.wav,not_selected_under_data_budget
valid:30_0292.wav,valid,Northern,30_0292.wav,not_selected_under_data_budget
valid:30_0294.wav,valid,Northern,30_0294.wav,not_selected_under_data_budget
valid:30_0295.wav,valid,Northern,30_0295.wav,not_selected_under_data_budget
valid:34_0230.wav,valid,Northern,34_0230.wav,not_selected_under_data_budget
valid:34_0233.wav,valid,Northern,34_0233.wav,not_selected_under_data_budget
valid:34_0234.wav,valid,Northern,34_0234.wav,not_selected_under_data_budget
valid:34_0235.wav,valid,Northern,34_0235.wav,not_selected_under_data_budget
valid:34_0236.wav,valid,Northern,34_0236.wav,not_selected_under_data_budget
valid:34_0237.wav,valid,Northern,34_0237.wav,not_selected_under_data_budget
valid:34_0239.wav,valid,Northern,34_0239.wav,not_selected_under_data_budget
valid:34_0240.wav,valid,Northern,34_0240.wav,not_selected_under_data_budget
valid:34_0241.wav,valid,Northern,34_0241.wav,not_selected_under_data_budget
valid:34_0242.wav,valid,Northern,34_0242.wav,not_selected_under_data_budget
valid:34_0243.wav,valid,Northern,34_0243.wav,not_selected_under_data_budget
valid:34_0245.wav,valid,Northern,34_0245.wav,not_selected_under_data_budget
valid:34_0246.wav,valid,Northern,34_0246.wav,not_selected_under_data_budget
valid:34_0247.wav,valid,Northern,34_0247.wav,not_selected_under_data_budget
valid:34_0248.wav,valid,Northern,34_0248.wav,not_selected_under_data_budget
valid:34_0249.wav,valid,Northern,34_0249.wav,not_selected_under_data_budget
valid:34_0250.wav,valid,Northern,34_0250.wav,not_selected_under_data_budget
valid:34_0251.wav,valid,Northern,34_0251.wav,not_selected_under_data_budget
valid:34_0253.wav,valid,Northern,34_0253.wav,not_selected_under_data_budget
valid:34_0254.wav,valid,Northern,34_0254.wav,not_selected_under_data_budget
valid:34_0255.wav,valid,Northern,34_0255.wav,not_selected_under_data_budget
valid:34_0259.wav,valid,Northern,34_0259.wav,not_selected_under_data_budget
valid:34_0260.wav,valid,Northern,34_0260.wav,not_selected_under_data_budget
valid:34_0262.wav,valid,Northern,34_0262.wav,not_selected_under_data_budget
valid:34_0263.wav,valid,Northern,34_0263.wav,not_selected_under_data_budget
valid:34_0264.wav,valid,Northern,34_0264.wav,not_selected_under_data_budget
valid:35_0219.wav,valid,Northern,35_0219.wav,not_selected_under_data_budget
valid:35_0220.wav,valid,Northern,35_0220.wav,not_selected_under_data_budget
valid:35_0221.wav,valid,Northern,35_0221.wav,not_selected_under_data_budget
valid:35_0222.wav,valid,Northern,35_0222.wav,not_selected_under_data_budget
valid:35_0223.wav,valid,Northern,35_0223.wav,not_selected_under_data_budget
valid:35_0224.wav,valid,Northern,35_0224.wav,not_selected_under_data_budget
valid:35_0225.wav,valid,Northern,35_0225.wav,not_selected_under_data_budget
valid:35_0226.wav,valid,Northern,35_0226.wav,not_selected_under_data_budget
valid:35_0227.wav,valid,Northern,35_0227.wav,not_selected_under_data_budget
valid:35_0228.wav,valid,Northern,35_0228.wav,not_selected_under_data_budget
valid:35_0229.wav,valid,Northern,35_0229.wav,not_selected_under_data_budget
valid:35_0230.wav,valid,Northern,35_0230.wav,not_selected_under_data_budget
valid:35_0231.wav,valid,Northern,35_0231.wav,not_selected_under_data_budget
valid:35_0232.wav,valid,Northern,35_0232.wav,not_selected_under_data_budget
valid:35_0233.wav,valid,Northern,35_0233.wav,not_selected_under_data_budget
valid:35_0235.wav,valid,Northern,35_0235.wav,not_selected_under_data_budget
valid:35_0237.wav,valid,Northern,35_0237.wav,not_selected_under_data_budget
valid:35_0238.wav,valid,Northern,35_0238.wav,not_selected_under_data_budget
valid:60_0241.wav,valid,Southern,60_0241.wav,not_selected_under_data_budget
valid:60_0250.wav,valid,Southern,60_0250.wav,not_selected_under_data_budget
valid:60_0253.wav,valid,Southern,60_0253.wav,not_selected_under_data_budget
valid:60_0254.wav,valid,Southern,60_0254.wav,not_selected_under_data_budget
valid:61_0242.wav,valid,Southern,61_0242.wav,not_selected_under_data_budget
valid:61_0250.wav,valid,Southern,61_0250.wav,not_selected_under_data_budget
valid:61_0266.wav,valid,Southern,61_0266.wav,not_selected_under_data_budget
valid:61_0268.wav,valid,Southern,61_0268.wav,not_selected_under_data_budget
valid:61_0272.wav,valid,Southern,61_0272.wav,not_selected_under_data_budget
valid:61_0273.wav,valid,Southern,61_0273.wav,not_selected_under_data_budget
valid:61_0274.wav,valid,Southern,61_0274.wav,not_selected_under_data_budget
valid:61_0276.wav,valid,Southern,61_0276.wav,not_selected_under_data_budget
valid:61_0282.wav,valid,Southern,61_0282.wav,not_selected_under_data_budget
valid:62_0234.wav,valid,Southern,62_0234.wav,not_selected_under_data_budget
valid:62_0241.wav,valid,Southern,62_0241.wav,not_selected_under_data_budget
valid:62_0248.wav,valid,Southern,62_0248.wav,not_selected_under_data_budget
valid:62_0251.wav,valid,Southern,62_0251.wav,not_selected_under_data_budget
valid:62_0255.wav,valid,Southern,62_0255.wav,not_selected_under_data_budget
valid:62_0272.wav,valid,Southern,62_0272.wav,not_selected_under_data_budget
valid:62_0278.wav,valid,Southern,62_0278.wav,not_selected_under_data_budget
valid:62_0286.wav,valid,Southern,62_0286.wav,not_selected_under_data_budget
valid:63_0192.wav,valid,Southern,63_0192.wav,not_selected_under_data_budget
valid:63_0196.wav,valid,Southern,63_0196.wav,not_selected_under_data_budget
valid:63_0197.wav,valid,Southern,63_0197.wav,not_selected_under_data_budget
valid:63_0199.wav,valid,Southern,63_0199.wav,not_selected_under_data_budget
valid:63_0244.wav,valid,Southern,63_0244.wav,not_selected_under_data_budget
valid:63_0246.wav,valid,Southern,63_0246.wav,not_selected_under_data_budget
valid:63_0250.wav,valid,Southern,63_0250.wav,not_selected_under_data_budget
valid:63_0251.wav,valid,Southern,63_0251.wav,not_selected_under_data_budget
valid:63_0252.wav,valid,Southern,63_0252.wav,not_selected_under_data_budget
valid:63_0258.wav,valid,Southern,63_0258.wav,not_selected_under_data_budget
valid:63_0259.wav,valid,Southern,63_0259.wav,not_selected_under_data_budget
valid:63_0260.wav,valid,Southern,63_0260.wav,not_selected_under_data_budget
valid:63_0261.wav,valid,Southern,63_0261.wav,not_selected_under_data_budget
valid:63_0262.wav,valid,Southern,63_0262.wav,not_selected_under_data_budget
valid:63_0263.wav,valid,Southern,63_0263.wav,not_selected_under_data_budget
valid:63_0264.wav,valid,Southern,63_0264.wav,not_selected_under_data_budget
valid:64_0226.wav,valid,Southern,64_0226.wav,not_selected_under_data_budget
valid:64_0228.wav,valid,Southern,64_0228.wav,not_selected_under_data_budget
valid:64_0229.wav,valid,Southern,64_0229.wav,not_selected_under_data_budget
valid:64_0231.wav,valid,Southern,64_0231.wav,not_selected_under_data_budget
valid:64_0232.wav,valid,Southern,64_0232.wav,not_selected_under_data_budget
valid:64_0234.wav,valid,Southern,64_0234.wav,not_selected_under_data_budget
valid:64_0235.wav,valid,Southern,64_0235.wav,not_selected_under_data_budget
valid:64_0236.wav,valid,Southern,64_0236.wav,not_selected_under_data_budget
valid:64_0240.wav,valid,Southern,64_0240.wav,not_selected_under_data_budget
valid:64_0241.wav,valid,Southern,64_0241.wav,not_selected_under_data_budget
valid:64_0244.wav,valid,Southern,64_0244.wav,not_selected_under_data_budget
valid:64_0246.wav,valid,Southern,64_0246.wav,not_selected_under_data_budget
valid:64_0247.wav,valid,Southern,64_0247.wav,not_selected_under_data_budget
valid:64_0249.wav,valid,Southern,64_0249.wav,not_selected_under_data_budget
valid:64_0250.wav,valid,Southern,64_0250.wav,not_selected_under_data_budget
valid:64_0254.wav,valid,Southern,64_0254.wav,not_selected_under_data_budget
valid:64_0256.wav,valid,Southern,64_0256.wav,not_selected_under_data_budget
valid:65_0214.wav,valid,Southern,65_0214.wav,not_selected_under_data_budget
valid:65_0216.wav,valid,Southern,65_0216.wav,not_selected_under_data_budget
valid:65_0218.wav,valid,Southern,65_0218.wav,not_selected_under_data_budget
valid:65_0220.wav,valid,Southern,65_0220.wav,not_selected_under_data_budget
valid:65_0221.wav,valid,Southern,65_0221.wav,not_selected_under_data_budget
valid:65_0232.wav,valid,Southern,65_0232.wav,not_selected_under_data_budget
valid:65_0235.wav,valid,Southern,65_0235.wav,not_selected_under_data_budget
valid:75_0266.wav,valid,Central,75_0266.wav,not_selected_under_data_budget
valid:75_0267.wav,valid,Central,75_0267.wav,not_selected_under_data_budget
valid:75_0268.wav,valid,Central,75_0268.wav,not_selected_under_data_budget
valid:75_0272.wav,valid,Central,75_0272.wav,not_selected_under_data_budget
valid:75_0274.wav,valid,Central,75_0274.wav,not_selected_under_data_budget
valid:75_0275.wav,valid,Central,75_0275.wav,not_selected_under_data_budget
valid:76_0254.wav,valid,Central,76_0254.wav,not_selected_under_data_budget
valid:76_0255.wav,valid,Central,76_0255.wav,not_selected_under_data_budget
valid:76_0258.wav,valid,Central,76_0258.wav,not_selected_under_data_budget
valid:76_0259.wav,valid,Central,76_0259.wav,not_selected_under_data_budget
valid:76_0260.wav,valid,Central,76_0260.wav,not_selected_under_data_budget
valid:76_0261.wav,valid,Central,76_0261.wav,not_selected_under_data_budget
valid:76_0263.wav,valid,Central,76_0263.wav,not_selected_under_data_budget
valid:76_0264.wav,valid,Central,76_0264.wav,not_selected_under_data_budget
valid:76_0266.wav,valid,Central,76_0266.wav,not_selected_under_data_budget
valid:76_0267.wav,valid,Central,76_0267.wav,not_selected_under_data_budget
valid:76_0268.wav,valid,Central,76_0268.wav,not_selected_under_data_budget
valid:76_0269.wav,valid,Central,76_0269.wav,not_selected_under_data_budget
valid:76_0270.wav,valid,Central,76_0270.wav,not_selected_under_data_budget
valid:76_0275.wav,valid,Central,76_0275.wav,not_selected_under_data_budget
valid:76_0276.wav,valid,Central,76_0276.wav,not_selected_under_data_budget
valid:76_0277.wav,valid,Central,76_0277.wav,not_selected_under_data_budget
valid:76_0278.wav,valid,Central,76_0278.wav,not_selected_under_data_budget
valid:76_0279.wav,valid,Central,76_0279.wav,not_selected_under_data_budget
valid:76_0280.wav,valid,Central,76_0280.wav,not_selected_under_data_budget
valid:76_0281.wav,valid,Central,76_0281.wav,not_selected_under_data_budget
valid:76_0282.wav,valid,Central,76_0282.wav,not_selected_under_data_budget
valid:76_0283.wav,valid,Central,76_0283.wav,not_selected_under_data_budget
valid:76_0285.wav,valid,Central,76_0285.wav,not_selected_under_data_budget
valid:76_0286.wav,valid,Central,76_0286.wav,not_selected_under_data_budget
valid:76_0287.wav,valid,Central,76_0287.wav,not_selected_under_data_budget
valid:76_0291.wav,valid,Central,76_0291.wav,not_selected_under_data_budget
valid:76_0298.wav,valid,Central,76_0298.wav,not_selected_under_data_budget
valid:76_0302.wav,valid,Central,76_0302.wav,not_selected_under_data_budget
valid:76_0303.wav,valid,Central,76_0303.wav,not_selected_under_data_budget
valid:77_0233.wav,valid,Central,77_0233.wav,not_selected_under_data_budget
valid:77_0234.wav,valid,Central,77_0234.wav,not_selected_under_data_budget
valid:77_0235.wav,valid,Central,77_0235.wav,not_selected_under_data_budget
valid:77_0236.wav,valid,Central,77_0236.wav,not_selected_under_data_budget
valid:77_0237.wav,valid,Central,77_0237.wav,not_selected_under_data_budget
valid:77_0238.wav,valid,Central,77_0238.wav,not_selected_under_data_budget
valid:77_0239.wav,valid,Central,77_0239.wav,not_selected_under_data_budget
valid:77_0243.wav,valid,Central,77_0243.wav,not_selected_under_data_budget
valid:77_0244.wav,valid,Central,77_0244.wav,not_selected_under_data_budget
valid:77_0245.wav,valid,Central,77_0245.wav,not_selected_under_data_budget
valid:77_0246.wav,valid,Central,77_0246.wav,not_selected_under_data_budget
valid:77_0249.wav,valid,Central,77_0249.wav,not_selected_under_data_budget
valid:77_0252.wav,valid,Central,77_0252.wav,not_selected_under_data_budget
valid:77_0253.wav,valid,Central,77_0253.wav,not_selected_under_data_budget
valid:77_0258.wav,valid,Central,77_0258.wav,not_selected_under_data_budget
valid:77_0259.wav,valid,Central,77_0259.wav,not_selected_under_data_budget
valid:77_0263.wav,valid,Central,77_0263.wav,not_selected_under_data_budget
valid:77_0264.wav,valid,Central,77_0264.wav,not_selected_under_data_budget
valid:77_0266.wav,valid,Central,77_0266.wav,not_selected_under_data_budget
valid:77_0268.wav,valid,Central,77_0268.wav,not_selected_under_data_budget
valid:77_0270.wav,valid,Central,77_0270.wav,not_selected_under_data_budget
valid:77_0271.wav,valid,Central,77_0271.wav,not_selected_under_data_budget
valid:77_0272.wav,valid,Central,77_0272.wav,not_selected_under_data_budget
valid:77_0273.wav,valid,Central,77_0273.wav,not_selected_under_data_budget
valid:77_0274.wav,valid,Central,77_0274.wav,not_selected_under_data_budget
valid:77_0275.wav,valid,Central,77_0275.wav,not_selected_under_data_budget
valid:77_0276.wav,valid,Central,77_0276.wav,not_selected_under_data_budget
valid:77_0291.wav,valid,Central,77_0291.wav,not_selected_under_data_budget
valid:77_0292.wav,valid,Central,77_0292.wav,not_selected_under_data_budget
valid:77_0293.wav,valid,Central,77_0293.wav,not_selected_under_data_budget
valid:78_0235.wav,valid,Central,78_0235.wav,not_selected_under_data_budget
valid:78_0244.wav,valid,Central,78_0244.wav,not_selected_under_data_budget
valid:78_0248.wav,valid,Central,78_0248.wav,not_selected_under_data_budget
valid:78_0249.wav,valid,Central,78_0249.wav,not_selected_under_data_budget
valid:78_0250.wav,valid,Central,78_0250.wav,not_selected_under_data_budget
valid:78_0252.wav,valid,Central,78_0252.wav,not_selected_under_data_budget
valid:78_0253.wav,valid,Central,78_0253.wav,not_selected_under_data_budget
valid:78_0255.wav,valid,Central,78_0255.wav,not_selected_under_data_budget
valid:78_0262.wav,valid,Central,78_0262.wav,not_selected_under_data_budget
valid:78_0265.wav,valid,Central,78_0265.wav,not_selected_under_data_budget
valid:78_0269.wav,valid,Central,78_0269.wav,not_selected_under_data_budget
valid:78_0270.wav,valid,Central,78_0270.wav,not_selected_under_data_budget
valid:78_0271.wav,valid,Central,78_0271.wav,not_selected_under_data_budget
valid:78_0274.wav,valid,Central,78_0274.wav,not_selected_under_data_budget
valid:79_0176.wav,valid,Central,79_0176.wav,not_selected_under_data_budget
valid:79_0177.wav,valid,Central,79_0177.wav,not_selected_under_data_budget
valid:79_0181.wav,valid,Central,79_0181.wav,not_selected_under_data_budget
valid:79_0192.wav,valid,Central,79_0192.wav,not_selected_under_data_budget
valid:79_0198.wav,valid,Central,79_0198.wav,not_selected_under_data_budget
valid:79_0199.wav,valid,Central,79_0199.wav,not_selected_under_data_budget
valid:79_0236.wav,valid,Central,79_0236.wav,not_selected_under_data_budget
valid:79_0237.wav,valid,Central,79_0237.wav,not_selected_under_data_budget
valid:79_0238.wav,valid,Central,79_0238.wav,not_selected_under_data_budget
valid:79_0239.wav,valid,Central,79_0239.wav,not_selected_under_data_budget
valid:79_0240.wav,valid,Central,79_0240.wav,not_selected_under_data_budget
valid:79_0241.wav,valid,Central,79_0241.wav,not_selected_under_data_budget
valid:79_0242.wav,valid,Central,79_0242.wav,not_selected_under_data_budget
valid:79_0243.wav,valid,Central,79_0243.wav,not_selected_under_data_budget
valid:79_0245.wav,valid,Central,79_0245.wav,not_selected_under_data_budget
valid:79_0246.wav,valid,Central,79_0246.wav,not_selected_under_data_budget
valid:79_0247.wav,valid,Central,79_0247.wav,not_selected_under_data_budget
valid:79_0248.wav,valid,Central,79_0248.wav,not_selected_under_data_budget
valid:79_0249.wav,valid,Central,79_0249.wav,not_selected_under_data_budget
valid:79_0250.wav,valid,Central,79_0250.wav,not_selected_under_data_budget
valid:79_0251.wav,valid,Central,79_0251.wav,not_selected_under_data_budget
valid:79_0252.wav,valid,Central,79_0252.wav,not_selected_under_data_budget
valid:79_0254.wav,valid,Central,79_0254.wav,not_selected_under_data_budget
valid:79_0255.wav,valid,Central,79_0255.wav,not_selected_under_data_budget
valid:79_0256.wav,valid,Central,79_0256.wav,not_selected_under_data_budget
valid:81_0254.wav,valid,Central,81_0254.wav,not_selected_under_data_budget
valid:81_0255.wav,valid,Central,81_0255.wav,not_selected_under_data_budget
valid:81_0256.wav,valid,Central,81_0256.wav,not_selected_under_data_budget
valid:81_0257.wav,valid,Central,81_0257.wav,not_selected_under_data_budget
valid:81_0259.wav,valid,Central,81_0259.wav,not_selected_under_data_budget
valid:81_0260.wav,valid,Central,81_0260.wav,not_selected_under_data_budget
valid:81_0261.wav,valid,Central,81_0261.wav,not_selected_under_data_budget
valid:81_0262.wav,valid,Central,81_0262.wav,not_selected_under_data_budget
valid:81_0263.wav,valid,Central,81_0263.wav,not_selected_under_data_budget
valid:81_0264.wav,valid,Central,81_0264.wav,not_selected_under_data_budget
valid:81_0265.wav,valid,Central,81_0265.wav,not_selected_under_data_budget
test:17_0307.wav,test,Northern,17_0307.wav,not_selected_under_data_budget
test:17_0308.wav,test,Northern,17_0308.wav,not_selected_under_data_budget
test:17_0309.wav,test,Northern,17_0309.wav,not_selected_under_data_budget
test:17_0310.wav,test,Northern,17_0310.wav,not_selected_under_data_budget
test:17_0311.wav,test,Northern,17_0311.wav,not_selected_under_data_budget
test:17_0312.wav,test,Northern,17_0312.wav,not_selected_under_data_budget
test:17_0313.wav,test,Northern,17_0313.wav,not_selected_under_data_budget
test:17_0314.wav,test,Northern,17_0314.wav,not_selected_under_data_budget
test:17_0315.wav,test,Northern,17_0315.wav,not_selected_under_data_budget
test:17_0316.wav,test,Northern,17_0316.wav,not_selected_under_data_budget
test:17_0317.wav,test,Northern,17_0317.wav,not_selected_under_data_budget
test:17_0318.wav,test,Northern,17_0318.wav,not_selected_under_data_budget
test:17_0319.wav,test,Northern,17_0319.wav,not_selected_under_data_budget
test:17_0320.wav,test,Northern,17_0320.wav,not_selected_under_data_budget
test:17_0321.wav,test,Northern,17_0321.wav,not_selected_under_data_budget
test:17_0322.wav,test,Northern,17_0322.wav,not_selected_under_data_budget
test:17_0323.wav,test,Northern,17_0323.wav,not_selected_under_data_budget
test:17_0324.wav,test,Northern,17_0324.wav,not_selected_under_data_budget
test:17_0325.wav,test,Northern,17_0325.wav,not_selected_under_data_budget
test:17_0326.wav,test,Northern,17_0326.wav,not_selected_under_data_budget
test:17_0327.wav,test,Northern,17_0327.wav,not_selected_under_data_budget
test:17_0328.wav,test,Northern,17_0328.wav,not_selected_under_data_budget
test:17_0329.wav,test,Northern,17_0329.wav,not_selected_under_data_budget
test:18_0261.wav,test,Northern,18_0261.wav,not_selected_under_data_budget
test:18_0262.wav,test,Northern,18_0262.wav,not_selected_under_data_budget
test:18_0265.wav,test,Northern,18_0265.wav,not_selected_under_data_budget
test:18_0271.wav,test,Northern,18_0271.wav,not_selected_under_data_budget
test:18_0274.wav,test,Northern,18_0274.wav,not_selected_under_data_budget
test:18_0275.wav,test,Northern,18_0275.wav,not_selected_under_data_budget
test:18_0276.wav,test,Northern,18_0276.wav,not_selected_under_data_budget
test:18_0277.wav,test,Northern,18_0277.wav,not_selected_under_data_budget
test:18_0278.wav,test,Northern,18_0278.wav,not_selected_under_data_budget
test:18_0279.wav,test,Northern,18_0279.wav,not_selected_under_data_budget
test:18_0280.wav,test,Northern,18_0280.wav,not_selected_under_data_budget
test:18_0281.wav,test,Northern,18_0281.wav,not_selected_under_data_budget
test:18_0282.wav,test,Northern,18_0282.wav,not_selected_under_data_budget
test:18_0283.wav,test,Northern,18_0283.wav,not_selected_under_data_budget
test:18_0284.wav,test,Northern,18_0284.wav,not_selected_under_data_budget
test:18_0285.wav,test,Northern,18_0285.wav,not_selected_under_data_budget
test:18_0286.wav,test,Northern,18_0286.wav,not_selected_under_data_budget
test:18_0287.wav,test,Northern,18_0287.wav,not_selected_under_data_budget
test:18_0288.wav,test,Northern,18_0288.wav,not_selected_under_data_budget
test:18_0289.wav,test,Northern,18_0289.wav,not_selected_under_data_budget
test:18_0290.wav,test,Northern,18_0290.wav,not_selected_under_data_budget
test:18_0291.wav,test,Northern,18_0291.wav,not_selected_under_data_budget
test:18_0292.wav,test,Northern,18_0292.wav,not_selected_under_data_budget
test:18_0293.wav,test,Northern,18_0293.wav,not_selected_under_data_budget
test:18_0294.wav,test,Northern,18_0294.wav,not_selected_under_data_budget
test:18_0295.wav,test,Northern,18_0295.wav,not_selected_under_data_budget
test:18_0296.wav,test,Northern,18_0296.wav,not_selected_under_data_budget
test:18_0297.wav,test,Northern,18_0297.wav,not_selected_under_data_budget
test:18_0298.wav,test,Northern,18_0298.wav,not_selected_under_data_budget
test:18_0299.wav,test,Northern,18_0299.wav,not_selected_under_data_budget
test:18_0300.wav,test,Northern,18_0300.wav,not_selected_under_data_budget
test:19_0261.wav,test,Northern,19_0261.wav,not_selected_under_data_budget
test:19_0263.wav,test,Northern,19_0263.wav,not_selected_under_data_budget
test:19_0267.wav,test,Northern,19_0267.wav,not_selected_under_data_budget
test:19_0273.wav,test,Northern,19_0273.wav,not_selected_under_data_budget
test:19_0279.wav,test,Northern,19_0279.wav,not_selected_under_data_budget
test:19_0280.wav,test,Northern,19_0280.wav,not_selected_under_data_budget
test:19_0287.wav,test,Northern,19_0287.wav,not_selected_under_data_budget
test:19_0289.wav,test,Northern,19_0289.wav,not_selected_under_data_budget
test:19_0290.wav,test,Northern,19_0290.wav,not_selected_under_data_budget
test:19_0291.wav,test,Northern,19_0291.wav,not_selected_under_data_budget
test:19_0292.wav,test,Northern,19_0292.wav,not_selected_under_data_budget
test:19_0293.wav,test,Northern,19_0293.wav,not_selected_under_data_budget
test:19_0294.wav,test,Northern,19_0294.wav,not_selected_under_data_budget
test:19_0295.wav,test,Northern,19_0295.wav,not_selected_under_data_budget
test:19_0296.wav,test,Northern,19_0296.wav,not_selected_under_data_budget
test:19_0297.wav,test,Northern,19_0297.wav,not_selected_under_data_budget
test:19_0298.wav,test,Northern,19_0298.wav,not_selected_under_data_budget
test:19_0299.wav,test,Northern,19_0299.wav,not_selected_under_data_budget
test:19_0300.wav,test,Northern,19_0300.wav,not_selected_under_data_budget
test:19_0301.wav,test,Northern,19_0301.wav,not_selected_under_data_budget
test:19_0302.wav,test,Northern,19_0302.wav,not_selected_under_data_budget
test:19_0303.wav,test,Northern,19_0303.wav,not_selected_under_data_budget
test:19_0304.wav,test,Northern,19_0304.wav,not_selected_under_data_budget
test:19_0305.wav,test,Northern,19_0305.wav,not_selected_under_data_budget
test:19_0306.wav,test,Northern,19_0306.wav,not_selected_under_data_budget
test:19_0307.wav,test,Northern,19_0307.wav,not_selected_under_data_budget
test:19_0308.wav,test,Northern,19_0308.wav,not_selected_under_data_budget
test:19_0309.wav,test,Northern,19_0309.wav,not_selected_under_data_budget
test:19_0310.wav,test,Northern,19_0310.wav,not_selected_under_data_budget
test:19_0311.wav,test,Northern,19_0311.wav,not_selected_under_data_budget
test:19_0312.wav,test,Northern,19_0312.wav,not_selected_under_data_budget
test:19_0313.wav,test,Northern,19_0313.wav,not_selected_under_data_budget
test:20_0272.wav,test,Northern,20_0272.wav,not_selected_under_data_budget
test:20_0273.wav,test,Northern,20_0273.wav,not_selected_under_data_budget
test:20_0274.wav,test,Northern,20_0274.wav,not_selected_under_data_budget
test:20_0275.wav,test,Northern,20_0275.wav,not_selected_under_data_budget
test:20_0278.wav,test,Northern,20_0278.wav,not_selected_under_data_budget
test:20_0279.wav,test,Northern,20_0279.wav,not_selected_under_data_budget
test:20_0280.wav,test,Northern,20_0280.wav,not_selected_under_data_budget
test:20_0281.wav,test,Northern,20_0281.wav,not_selected_under_data_budget
test:20_0284.wav,test,Northern,20_0284.wav,not_selected_under_data_budget
test:20_0285.wav,test,Northern,20_0285.wav,not_selected_under_data_budget
test:20_0286.wav,test,Northern,20_0286.wav,not_selected_under_data_budget
test:20_0289.wav,test,Northern,20_0289.wav,not_selected_under_data_budget
test:20_0291.wav,test,Northern,20_0291.wav,not_selected_under_data_budget
test:20_0292.wav,test,Northern,20_0292.wav,not_selected_under_data_budget
test:20_0293.wav,test,Northern,20_0293.wav,not_selected_under_data_budget
test:20_0299.wav,test,Northern,20_0299.wav,not_selected_under_data_budget
test:20_0300.wav,test,Northern,20_0300.wav,not_selected_under_data_budget
test:20_0301.wav,test,Northern,20_0301.wav,not_selected_under_data_budget
test:20_0302.wav,test,Northern,20_0302.wav,not_selected_under_data_budget
test:20_0303.wav,test,Northern,20_0303.wav,not_selected_under_data_budget
test:20_0304.wav,test,Northern,20_0304.wav,not_selected_under_data_budget
test:20_0305.wav,test,Northern,20_0305.wav,not_selected_under_data_budget
test:20_0306.wav,test,Northern,20_0306.wav,not_selected_under_data_budget
test:20_0307.wav,test,Northern,20_0307.wav,not_selected_under_data_budget
test:20_0308.wav,test,Northern,20_0308.wav,not_selected_under_data_budget
test:20_0309.wav,test,Northern,20_0309.wav,not_selected_under_data_budget
test:20_0310.wav,test,Northern,20_0310.wav,not_selected_under_data_budget
test:20_0311.wav,test,Northern,20_0311.wav,not_selected_under_data_budget
test:20_0312.wav,test,Northern,20_0312.wav,not_selected_under_data_budget
test:20_0313.wav,test,Northern,20_0313.wav,not_selected_under_data_budget
test:20_0314.wav,test,Northern,20_0314.wav,not_selected_under_data_budget
test:21_0257.wav,test,Northern,21_0257.wav,not_selected_under_data_budget
test:21_0258.wav,test,Northern,21_0258.wav,not_selected_under_data_budget
test:21_0259.wav,test,Northern,21_0259.wav,not_selected_under_data_budget
test:21_0260.wav,test,Northern,21_0260.wav,not_selected_under_data_budget
test:21_0261.wav,test,Northern,21_0261.wav,not_selected_under_data_budget
test:21_0262.wav,test,Northern,21_0262.wav,not_selected_under_data_budget
test:21_0263.wav,test,Northern,21_0263.wav,not_selected_under_data_budget
test:21_0264.wav,test,Northern,21_0264.wav,not_selected_under_data_budget
test:21_0265.wav,test,Northern,21_0265.wav,not_selected_under_data_budget
test:21_0266.wav,test,Northern,21_0266.wav,not_selected_under_data_budget
test:21_0267.wav,test,Northern,21_0267.wav,not_selected_under_data_budget
test:21_0268.wav,test,Northern,21_0268.wav,not_selected_under_data_budget
test:21_0269.wav,test,Northern,21_0269.wav,not_selected_under_data_budget
test:21_0270.wav,test,Northern,21_0270.wav,not_selected_under_data_budget
test:21_0271.wav,test,Northern,21_0271.wav,not_selected_under_data_budget
test:21_0272.wav,test,Northern,21_0272.wav,not_selected_under_data_budget
test:21_0273.wav,test,Northern,21_0273.wav,not_selected_under_data_budget
test:21_0274.wav,test,Northern,21_0274.wav,not_selected_under_data_budget
test:21_0275.wav,test,Northern,21_0275.wav,not_selected_under_data_budget
test:21_0276.wav,test,Northern,21_0276.wav,not_selected_under_data_budget
test:21_0277.wav,test,Northern,21_0277.wav,not_selected_under_data_budget
test:21_0278.wav,test,Northern,21_0278.wav,not_selected_under_data_budget
test:21_0279.wav,test,Northern,21_0279.wav,not_selected_under_data_budget
test:21_0280.wav,test,Northern,21_0280.wav,not_selected_under_data_budget
test:21_0281.wav,test,Northern,21_0281.wav,not_selected_under_data_budget
test:21_0282.wav,test,Northern,21_0282.wav,not_selected_under_data_budget
test:21_0283.wav,test,Northern,21_0283.wav,not_selected_under_data_budget
test:21_0284.wav,test,Northern,21_0284.wav,not_selected_under_data_budget
test:26_0281.wav,test,Northern,26_0281.wav,not_selected_under_data_budget
test:26_0282.wav,test,Northern,26_0282.wav,not_selected_under_data_budget
test:26_0283.wav,test,Northern,26_0283.wav,not_selected_under_data_budget
test:26_0284.wav,test,Northern,26_0284.wav,not_selected_under_data_budget
test:26_0285.wav,test,Northern,26_0285.wav,not_selected_under_data_budget
test:26_0287.wav,test,Northern,26_0287.wav,not_selected_under_data_budget
test:26_0288.wav,test,Northern,26_0288.wav,not_selected_under_data_budget
test:26_0289.wav,test,Northern,26_0289.wav,not_selected_under_data_budget
test:26_0290.wav,test,Northern,26_0290.wav,not_selected_under_data_budget
test:26_0291.wav,test,Northern,26_0291.wav,not_selected_under_data_budget
test:26_0292.wav,test,Northern,26_0292.wav,not_selected_under_data_budget
test:26_0293.wav,test,Northern,26_0293.wav,not_selected_under_data_budget
test:26_0294.wav,test,Northern,26_0294.wav,not_selected_under_data_budget
test:26_0295.wav,test,Northern,26_0295.wav,not_selected_under_data_budget
test:26_0296.wav,test,Northern,26_0296.wav,not_selected_under_data_budget
test:26_0297.wav,test,Northern,26_0297.wav,not_selected_under_data_budget
test:26_0298.wav,test,Northern,26_0298.wav,not_selected_under_data_budget
test:26_0299.wav,test,Northern,26_0299.wav,not_selected_under_data_budget
test:26_0300.wav,test,Northern,26_0300.wav,not_selected_under_data_budget
test:26_0301.wav,test,Northern,26_0301.wav,not_selected_under_data_budget
test:26_0302.wav,test,Northern,26_0302.wav,not_selected_under_data_budget
test:26_0303.wav,test,Northern,26_0303.wav,not_selected_under_data_budget
test:26_0304.wav,test,Northern,26_0304.wav,not_selected_under_data_budget
test:26_0305.wav,test,Northern,26_0305.wav,not_selected_under_data_budget
test:26_0306.wav,test,Northern,26_0306.wav,not_selected_under_data_budget
test:26_0307.wav,test,Northern,26_0307.wav,not_selected_under_data_budget
test:26_0308.wav,test,Northern,26_0308.wav,not_selected_under_data_budget
test:27_0254.wav,test,Northern,27_0254.wav,not_selected_under_data_budget
test:27_0257.wav,test,Northern,27_0257.wav,not_selected_under_data_budget
test:27_0258.wav,test,Northern,27_0258.wav,not_selected_under_data_budget
test:27_0259.wav,test,Northern,27_0259.wav,not_selected_under_data_budget
test:27_0260.wav,test,Northern,27_0260.wav,not_selected_under_data_budget
test:27_0261.wav,test,Northern,27_0261.wav,not_selected_under_data_budget
test:27_0262.wav,test,Northern,27_0262.wav,not_selected_under_data_budget
test:27_0263.wav,test,Northern,27_0263.wav,not_selected_under_data_budget
test:27_0264.wav,test,Northern,27_0264.wav,not_selected_under_data_budget
test:27_0265.wav,test,Northern,27_0265.wav,not_selected_under_data_budget
test:27_0266.wav,test,Northern,27_0266.wav,not_selected_under_data_budget
test:27_0267.wav,test,Northern,27_0267.wav,not_selected_under_data_budget
test:27_0268.wav,test,Northern,27_0268.wav,not_selected_under_data_budget
test:27_0269.wav,test,Northern,27_0269.wav,not_selected_under_data_budget
test:27_0270.wav,test,Northern,27_0270.wav,not_selected_under_data_budget
test:27_0271.wav,test,Northern,27_0271.wav,not_selected_under_data_budget
test:27_0272.wav,test,Northern,27_0272.wav,not_selected_under_data_budget
test:27_0273.wav,test,Northern,27_0273.wav,not_selected_under_data_budget
test:27_0274.wav,test,Northern,27_0274.wav,not_selected_under_data_budget
test:27_0275.wav,test,Northern,27_0275.wav,not_selected_under_data_budget
test:27_0276.wav,test,Northern,27_0276.wav,not_selected_under_data_budget
test:27_0277.wav,test,Northern,27_0277.wav,not_selected_under_data_budget
test:27_0278.wav,test,Northern,27_0278.wav,not_selected_under_data_budget
test:27_0279.wav,test,Northern,27_0279.wav,not_selected_under_data_budget
test:27_0280.wav,test,Northern,27_0280.wav,not_selected_under_data_budget
test:27_0281.wav,test,Northern,27_0281.wav,not_selected_under_data_budget
test:27_0282.wav,test,Northern,27_0282.wav,not_selected_under_data_budget
test:27_0283.wav,test,Northern,27_0283.wav,not_selected_under_data_budget
test:28_0250.wav,test,Northern,28_0250.wav,not_selected_under_data_budget
test:28_0251.wav,test,Northern,28_0251.wav,not_selected_under_data_budget
test:28_0252.wav,test,Northern,28_0252.wav,not_selected_under_data_budget
test:28_0253.wav,test,Northern,28_0253.wav,not_selected_under_data_budget
test:28_0254.wav,test,Northern,28_0254.wav,not_selected_under_data_budget
test:28_0255.wav,test,Northern,28_0255.wav,not_selected_under_data_budget
test:28_0256.wav,test,Northern,28_0256.wav,not_selected_under_data_budget
test:28_0257.wav,test,Northern,28_0257.wav,not_selected_under_data_budget
test:28_0258.wav,test,Northern,28_0258.wav,not_selected_under_data_budget
test:28_0259.wav,test,Northern,28_0259.wav,not_selected_under_data_budget
test:28_0260.wav,test,Northern,28_0260.wav,not_selected_under_data_budget
test:28_0261.wav,test,Northern,28_0261.wav,not_selected_under_data_budget
test:28_0262.wav,test,Northern,28_0262.wav,not_selected_under_data_budget
test:28_0263.wav,test,Northern,28_0263.wav,not_selected_under_data_budget
test:28_0264.wav,test,Northern,28_0264.wav,not_selected_under_data_budget
test:28_0265.wav,test,Northern,28_0265.wav,not_selected_under_data_budget
test:28_0266.wav,test,Northern,28_0266.wav,not_selected_under_data_budget
test:28_0267.wav,test,Northern,28_0267.wav,not_selected_under_data_budget
test:28_0268.wav,test,Northern,28_0268.wav,not_selected_under_data_budget
test:28_0269.wav,test,Northern,28_0269.wav,not_selected_under_data_budget
test:28_0270.wav,test,Northern,28_0270.wav,not_selected_under_data_budget
test:28_0271.wav,test,Northern,28_0271.wav,not_selected_under_data_budget
test:28_0272.wav,test,Northern,28_0272.wav,not_selected_under_data_budget
test:28_0273.wav,test,Northern,28_0273.wav,not_selected_under_data_budget
test:28_0274.wav,test,Northern,28_0274.wav,not_selected_under_data_budget
test:28_0275.wav,test,Northern,28_0275.wav,not_selected_under_data_budget
test:28_0276.wav,test,Northern,28_0276.wav,not_selected_under_data_budget
test:28_0277.wav,test,Northern,28_0277.wav,not_selected_under_data_budget
test:28_0278.wav,test,Northern,28_0278.wav,not_selected_under_data_budget
test:28_0279.wav,test,Northern,28_0279.wav,not_selected_under_data_budget
test:28_0280.wav,test,Northern,28_0280.wav,not_selected_under_data_budget
test:28_0281.wav,test,Northern,28_0281.wav,not_selected_under_data_budget
test:30_0276.wav,test,Northern,30_0276.wav,not_selected_under_data_budget
test:30_0277.wav,test,Northern,30_0277.wav,not_selected_under_data_budget
test:30_0278.wav,test,Northern,30_0278.wav,not_selected_under_data_budget
test:30_0281.wav,test,Northern,30_0281.wav,not_selected_under_data_budget
test:30_0282.wav,test,Northern,30_0282.wav,not_selected_under_data_budget
test:30_0283.wav,test,Northern,30_0283.wav,not_selected_under_data_budget
test:30_0287.wav,test,Northern,30_0287.wav,not_selected_under_data_budget
test:30_0288.wav,test,Northern,30_0288.wav,not_selected_under_data_budget
test:30_0296.wav,test,Northern,30_0296.wav,not_selected_under_data_budget
test:30_0297.wav,test,Northern,30_0297.wav,not_selected_under_data_budget
test:30_0298.wav,test,Northern,30_0298.wav,not_selected_under_data_budget
test:30_0299.wav,test,Northern,30_0299.wav,not_selected_under_data_budget
test:30_0300.wav,test,Northern,30_0300.wav,not_selected_under_data_budget
test:30_0301.wav,test,Northern,30_0301.wav,not_selected_under_data_budget
test:30_0302.wav,test,Northern,30_0302.wav,not_selected_under_data_budget
test:30_0303.wav,test,Northern,30_0303.wav,not_selected_under_data_budget
test:30_0304.wav,test,Northern,30_0304.wav,not_selected_under_data_budget
test:30_0305.wav,test,Northern,30_0305.wav,not_selected_under_data_budget
test:30_0306.wav,test,Northern,30_0306.wav,not_selected_under_data_budget
test:30_0307.wav,test,Northern,30_0307.wav,not_selected_under_data_budget
test:30_0308.wav,test,Northern,30_0308.wav,not_selected_under_data_budget
test:30_0309.wav,test,Northern,30_0309.wav,not_selected_under_data_budget
test:30_0310.wav,test,Northern,30_0310.wav,not_selected_under_data_budget
test:30_0311.wav,test,Northern,30_0311.wav,not_selected_under_data_budget
test:30_0312.wav,test,Northern,30_0312.wav,not_selected_under_data_budget
test:30_0313.wav,test,Northern,30_0313.wav,not_selected_under_data_budget
test:30_0314.wav,test,Northern,30_0314.wav,not_selected_under_data_budget
test:30_0315.wav,test,Northern,30_0315.wav,not_selected_under_data_budget
test:30_0316.wav,test,Northern,30_0316.wav,not_selected_under_data_budget
test:34_0256.wav,test,Northern,34_0256.wav,not_selected_under_data_budget
test:34_0257.wav,test,Northern,34_0257.wav,not_selected_under_data_budget
test:34_0258.wav,test,Northern,34_0258.wav,not_selected_under_data_budget
test:34_0261.wav,test,Northern,34_0261.wav,not_selected_under_data_budget
test:34_0265.wav,test,Northern,34_0265.wav,not_selected_under_data_budget
test:34_0266.wav,test,Northern,34_0266.wav,not_selected_under_data_budget
test:34_0267.wav,test,Northern,34_0267.wav,not_selected_under_data_budget
test:34_0268.wav,test,Northern,34_0268.wav,not_selected_under_data_budget
test:34_0269.wav,test,Northern,34_0269.wav,not_selected_under_data_budget
test:34_0270.wav,test,Northern,34_0270.wav,not_selected_under_data_budget
test:34_0271.wav,test,Northern,34_0271.wav,not_selected_under_data_budget
test:34_0272.wav,test,Northern,34_0272.wav,not_selected_under_data_budget
test:34_0273.wav,test,Northern,34_0273.wav,not_selected_under_data_budget
test:34_0274.wav,test,Northern,34_0274.wav,not_selected_under_data_budget
test:34_0275.wav,test,Northern,34_0275.wav,not_selected_under_data_budget
test:34_0276.wav,test,Northern,34_0276.wav,not_selected_under_data_budget
test:34_0277.wav,test,Northern,34_0277.wav,not_selected_under_data_budget
test:34_0278.wav,test,Northern,34_0278.wav,not_selected_under_data_budget
test:34_0279.wav,test,Northern,34_0279.wav,not_selected_under_data_budget
test:34_0280.wav,test,Northern,34_0280.wav,not_selected_under_data_budget
test:34_0281.wav,test,Northern,34_0281.wav,not_selected_under_data_budget
test:34_0283.wav,test,Northern,34_0283.wav,not_selected_under_data_budget
test:34_0284.wav,test,Northern,34_0284.wav,not_selected_under_data_budget
test:34_0285.wav,test,Northern,34_0285.wav,not_selected_under_data_budget
test:34_0286.wav,test,Northern,34_0286.wav,not_selected_under_data_budget
test:34_0287.wav,test,Northern,34_0287.wav,not_selected_under_data_budget
test:34_0288.wav,test,Northern,34_0288.wav,not_selected_under_data_budget
test:34_0289.wav,test,Northern,34_0289.wav,not_selected_under_data_budget
test:64_0258.wav,test,Southern,64_0258.wav,not_selected_under_data_budget
test:64_0259.wav,test,Southern,64_0259.wav,not_selected_under_data_budget
test:64_0260.wav,test,Southern,64_0260.wav,not_selected_under_data_budget
test:64_0262.wav,test,Southern,64_0262.wav,not_selected_under_data_budget
test:64_0263.wav,test,Southern,64_0263.wav,not_selected_under_data_budget
test:64_0264.wav,test,Southern,64_0264.wav,not_selected_under_data_budget
test:64_0266.wav,test,Southern,64_0266.wav,not_selected_under_data_budget
test:64_0268.wav,test,Southern,64_0268.wav,not_selected_under_data_budget
test:64_0269.wav,test,Southern,64_0269.wav,not_selected_under_data_budget
test:64_0270.wav,test,Southern,64_0270.wav,not_selected_under_data_budget
test:64_0271.wav,test,Southern,64_0271.wav,not_selected_under_data_budget
test:64_0272.wav,test,Southern,64_0272.wav,not_selected_under_data_budget
test:64_0273.wav,test,Southern,64_0273.wav,not_selected_under_data_budget
test:64_0274.wav,test,Southern,64_0274.wav,not_selected_under_data_budget
test:64_0275.wav,test,Southern,64_0275.wav,not_selected_under_data_budget
test:64_0276.wav,test,Southern,64_0276.wav,not_selected_under_data_budget
test:64_0277.wav,test,Southern,64_0277.wav,not_selected_under_data_budget
test:64_0278.wav,test,Southern,64_0278.wav,not_selected_under_data_budget
test:64_0279.wav,test,Southern,64_0279.wav,not_selected_under_data_budget
test:64_0280.wav,test,Southern,64_0280.wav,not_selected_under_data_budget
test:64_0281.wav,test,Southern,64_0281.wav,not_selected_under_data_budget
test:64_0282.wav,test,Southern,64_0282.wav,not_selected_under_data_budget
test:64_0283.wav,test,Southern,64_0283.wav,not_selected_under_data_budget
test:64_0284.wav,test,Southern,64_0284.wav,not_selected_under_data_budget
test:65_0206.wav,test,Southern,65_0206.wav,not_selected_under_data_budget
test:65_0237.wav,test,Southern,65_0237.wav,not_selected_under_data_budget
test:65_0238.wav,test,Southern,65_0238.wav,not_selected_under_data_budget
test:65_0239.wav,test,Southern,65_0239.wav,not_selected_under_data_budget
test:65_0240.wav,test,Southern,65_0240.wav,not_selected_under_data_budget
test:65_0241.wav,test,Southern,65_0241.wav,not_selected_under_data_budget
test:65_0242.wav,test,Southern,65_0242.wav,not_selected_under_data_budget
test:65_0243.wav,test,Southern,65_0243.wav,not_selected_under_data_budget
test:65_0244.wav,test,Southern,65_0244.wav,not_selected_under_data_budget
test:65_0245.wav,test,Southern,65_0245.wav,not_selected_under_data_budget
test:65_0246.wav,test,Southern,65_0246.wav,not_selected_under_data_budget
test:65_0247.wav,test,Southern,65_0247.wav,not_selected_under_data_budget
test:65_0248.wav,test,Southern,65_0248.wav,not_selected_under_data_budget
test:65_0249.wav,test,Southern,65_0249.wav,not_selected_under_data_budget
test:65_0250.wav,test,Southern,65_0250.wav,not_selected_under_data_budget
test:65_0251.wav,test,Southern,65_0251.wav,not_selected_under_data_budget
test:65_0252.wav,test,Southern,65_0252.wav,not_selected_under_data_budget
test:65_0254.wav,test,Southern,65_0254.wav,not_selected_under_data_budget
test:65_0255.wav,test,Southern,65_0255.wav,not_selected_under_data_budget
test:65_0256.wav,test,Southern,65_0256.wav,not_selected_under_data_budget
test:65_0257.wav,test,Southern,65_0257.wav,not_selected_under_data_budget
test:65_0258.wav,test,Southern,65_0258.wav,not_selected_under_data_budget
test:65_0259.wav,test,Southern,65_0259.wav,not_selected_under_data_budget
test:65_0260.wav,test,Southern,65_0260.wav,not_selected_under_data_budget
test:65_0261.wav,test,Southern,65_0261.wav,not_selected_under_data_budget
test:65_0262.wav,test,Southern,65_0262.wav,not_selected_under_data_budget
test:65_0263.wav,test,Southern,65_0263.wav,not_selected_under_data_budget
test:66_0234.wav,test,Southern,66_0234.wav,not_selected_under_data_budget
test:66_0236.wav,test,Southern,66_0236.wav,not_selected_under_data_budget
test:66_0248.wav,test,Southern,66_0248.wav,not_selected_under_data_budget
test:66_0249.wav,test,Southern,66_0249.wav,not_selected_under_data_budget
test:66_0250.wav,test,Southern,66_0250.wav,not_selected_under_data_budget
test:66_0251.wav,test,Southern,66_0251.wav,not_selected_under_data_budget
test:66_0252.wav,test,Southern,66_0252.wav,not_selected_under_data_budget
test:66_0253.wav,test,Southern,66_0253.wav,not_selected_under_data_budget
test:66_0254.wav,test,Southern,66_0254.wav,not_selected_under_data_budget
test:66_0255.wav,test,Southern,66_0255.wav,not_selected_under_data_budget
test:66_0256.wav,test,Southern,66_0256.wav,not_selected_under_data_budget
test:66_0257.wav,test,Southern,66_0257.wav,not_selected_under_data_budget
test:66_0258.wav,test,Southern,66_0258.wav,not_selected_under_data_budget
test:66_0259.wav,test,Southern,66_0259.wav,not_selected_under_data_budget
test:66_0260.wav,test,Southern,66_0260.wav,not_selected_under_data_budget
test:66_0261.wav,test,Southern,66_0261.wav,not_selected_under_data_budget
test:66_0262.wav,test,Southern,66_0262.wav,not_selected_under_data_budget
test:66_0263.wav,test,Southern,66_0263.wav,not_selected_under_data_budget
test:66_0264.wav,test,Southern,66_0264.wav,not_selected_under_data_budget
test:66_0265.wav,test,Southern,66_0265.wav,not_selected_under_data_budget
test:66_0266.wav,test,Southern,66_0266.wav,not_selected_under_data_budget
test:66_0267.wav,test,Southern,66_0267.wav,not_selected_under_data_budget
test:66_0268.wav,test,Southern,66_0268.wav,not_selected_under_data_budget
test:66_0269.wav,test,Southern,66_0269.wav,not_selected_under_data_budget
test:66_0270.wav,test,Southern,66_0270.wav,not_selected_under_data_budget
test:66_0271.wav,test,Southern,66_0271.wav,not_selected_under_data_budget
test:66_0272.wav,test,Southern,66_0272.wav,not_selected_under_data_budget
test:66_0273.wav,test,Southern,66_0273.wav,not_selected_under_data_budget
test:67_0251.wav,test,Southern,67_0251.wav,not_selected_under_data_budget
test:67_0252.wav,test,Southern,67_0252.wav,not_selected_under_data_budget
test:67_0257.wav,test,Southern,67_0257.wav,not_selected_under_data_budget
test:67_0258.wav,test,Southern,67_0258.wav,not_selected_under_data_budget
test:67_0259.wav,test,Southern,67_0259.wav,not_selected_under_data_budget
test:67_0260.wav,test,Southern,67_0260.wav,not_selected_under_data_budget
test:67_0262.wav,test,Southern,67_0262.wav,not_selected_under_data_budget
test:67_0263.wav,test,Southern,67_0263.wav,not_selected_under_data_budget
test:67_0264.wav,test,Southern,67_0264.wav,not_selected_under_data_budget
test:67_0265.wav,test,Southern,67_0265.wav,not_selected_under_data_budget
test:67_0266.wav,test,Southern,67_0266.wav,not_selected_under_data_budget
test:67_0267.wav,test,Southern,67_0267.wav,not_selected_under_data_budget
test:67_0268.wav,test,Southern,67_0268.wav,not_selected_under_data_budget
test:67_0269.wav,test,Southern,67_0269.wav,not_selected_under_data_budget
test:67_0270.wav,test,Southern,67_0270.wav,not_selected_under_data_budget
test:67_0271.wav,test,Southern,67_0271.wav,not_selected_under_data_budget
test:67_0272.wav,test,Southern,67_0272.wav,not_selected_under_data_budget
test:67_0273.wav,test,Southern,67_0273.wav,not_selected_under_data_budget
test:67_0275.wav,test,Southern,67_0275.wav,not_selected_under_data_budget
test:67_0276.wav,test,Southern,67_0276.wav,not_selected_under_data_budget
test:67_0277.wav,test,Southern,67_0277.wav,not_selected_under_data_budget
test:67_0278.wav,test,Southern,67_0278.wav,not_selected_under_data_budget
test:67_0280.wav,test,Southern,67_0280.wav,not_selected_under_data_budget
test:67_0281.wav,test,Southern,67_0281.wav,not_selected_under_data_budget
test:67_0282.wav,test,Southern,67_0282.wav,not_selected_under_data_budget
test:67_0284.wav,test,Southern,67_0284.wav,not_selected_under_data_budget
test:68_0247.wav,test,Southern,68_0247.wav,not_selected_under_data_budget
test:68_0249.wav,test,Southern,68_0249.wav,not_selected_under_data_budget
test:68_0250.wav,test,Southern,68_0250.wav,not_selected_under_data_budget
test:68_0251.wav,test,Southern,68_0251.wav,not_selected_under_data_budget
test:68_0252.wav,test,Southern,68_0252.wav,not_selected_under_data_budget
test:68_0253.wav,test,Southern,68_0253.wav,not_selected_under_data_budget
test:68_0254.wav,test,Southern,68_0254.wav,not_selected_under_data_budget
test:68_0255.wav,test,Southern,68_0255.wav,not_selected_under_data_budget
test:68_0256.wav,test,Southern,68_0256.wav,not_selected_under_data_budget
test:68_0257.wav,test,Southern,68_0257.wav,not_selected_under_data_budget
test:68_0258.wav,test,Southern,68_0258.wav,not_selected_under_data_budget
test:68_0259.wav,test,Southern,68_0259.wav,not_selected_under_data_budget
test:68_0260.wav,test,Southern,68_0260.wav,not_selected_under_data_budget
test:68_0261.wav,test,Southern,68_0261.wav,not_selected_under_data_budget
test:68_0262.wav,test,Southern,68_0262.wav,not_selected_under_data_budget
test:68_0263.wav,test,Southern,68_0263.wav,not_selected_under_data_budget
test:68_0264.wav,test,Southern,68_0264.wav,not_selected_under_data_budget
test:68_0265.wav,test,Southern,68_0265.wav,not_selected_under_data_budget
test:68_0266.wav,test,Southern,68_0266.wav,not_selected_under_data_budget
test:68_0267.wav,test,Southern,68_0267.wav,not_selected_under_data_budget
test:68_0268.wav,test,Southern,68_0268.wav,not_selected_under_data_budget
test:68_0269.wav,test,Southern,68_0269.wav,not_selected_under_data_budget
test:68_0270.wav,test,Southern,68_0270.wav,not_selected_under_data_budget
test:68_0271.wav,test,Southern,68_0271.wav,not_selected_under_data_budget
test:68_0272.wav,test,Southern,68_0272.wav,not_selected_under_data_budget
test:68_0273.wav,test,Southern,68_0273.wav,not_selected_under_data_budget
test:68_0274.wav,test,Southern,68_0274.wav,not_selected_under_data_budget
test:68_0275.wav,test,Southern,68_0275.wav,not_selected_under_data_budget
test:68_0276.wav,test,Southern,68_0276.wav,not_selected_under_data_budget
test:68_0277.wav,test,Southern,68_0277.wav,not_selected_under_data_budget
test:73_0321.wav,test,Central,73_0321.wav,not_selected_under_data_budget
test:73_0322.wav,test,Central,73_0322.wav,not_selected_under_data_budget
test:73_0323.wav,test,Central,73_0323.wav,not_selected_under_data_budget
test:73_0324.wav,test,Central,73_0324.wav,not_selected_under_data_budget
test:73_0325.wav,test,Central,73_0325.wav,not_selected_under_data_budget
test:73_0326.wav,test,Central,73_0326.wav,not_selected_under_data_budget
test:73_0327.wav,test,Central,73_0327.wav,not_selected_under_data_budget
test:73_0328.wav,test,Central,73_0328.wav,not_selected_under_data_budget
test:73_0329.wav,test,Central,73_0329.wav,not_selected_under_data_budget
test:73_0331.wav,test,Central,73_0331.wav,not_selected_under_data_budget
test:73_0332.wav,test,Central,73_0332.wav,not_selected_under_data_budget
test:73_0333.wav,test,Central,73_0333.wav,not_selected_under_data_budget
test:73_0334.wav,test,Central,73_0334.wav,not_selected_under_data_budget
test:73_0335.wav,test,Central,73_0335.wav,not_selected_under_data_budget
test:73_0337.wav,test,Central,73_0337.wav,not_selected_under_data_budget
test:73_0338.wav,test,Central,73_0338.wav,not_selected_under_data_budget
test:73_0339.wav,test,Central,73_0339.wav,not_selected_under_data_budget
test:73_0341.wav,test,Central,73_0341.wav,not_selected_under_data_budget
test:73_0343.wav,test,Central,73_0343.wav,not_selected_under_data_budget
test:73_0344.wav,test,Central,73_0344.wav,not_selected_under_data_budget
test:73_0345.wav,test,Central,73_0345.wav,not_selected_under_data_budget
test:74_0247.wav,test,Central,74_0247.wav,not_selected_under_data_budget
test:74_0248.wav,test,Central,74_0248.wav,not_selected_under_data_budget
test:74_0265.wav,test,Central,74_0265.wav,not_selected_under_data_budget
test:74_0266.wav,test,Central,74_0266.wav,not_selected_under_data_budget
test:74_0267.wav,test,Central,74_0267.wav,not_selected_under_data_budget
test:74_0268.wav,test,Central,74_0268.wav,not_selected_under_data_budget
test:74_0269.wav,test,Central,74_0269.wav,not_selected_under_data_budget
test:74_0270.wav,test,Central,74_0270.wav,not_selected_under_data_budget
test:74_0271.wav,test,Central,74_0271.wav,not_selected_under_data_budget
test:74_0272.wav,test,Central,74_0272.wav,not_selected_under_data_budget
test:74_0273.wav,test,Central,74_0273.wav,not_selected_under_data_budget
test:74_0274.wav,test,Central,74_0274.wav,not_selected_under_data_budget
test:74_0275.wav,test,Central,74_0275.wav,not_selected_under_data_budget
test:74_0276.wav,test,Central,74_0276.wav,not_selected_under_data_budget
test:74_0277.wav,test,Central,74_0277.wav,not_selected_under_data_budget
test:74_0278.wav,test,Central,74_0278.wav,not_selected_under_data_budget
test:74_0280.wav,test,Central,74_0280.wav,not_selected_under_data_budget
test:74_0281.wav,test,Central,74_0281.wav,not_selected_under_data_budget
test:74_0282.wav,test,Central,74_0282.wav,not_selected_under_data_budget
test:74_0283.wav,test,Central,74_0283.wav,not_selected_under_data_budget
test:74_0284.wav,test,Central,74_0284.wav,not_selected_under_data_budget
test:74_0285.wav,test,Central,74_0285.wav,not_selected_under_data_budget
test:74_0286.wav,test,Central,74_0286.wav,not_selected_under_data_budget
test:74_0287.wav,test,Central,74_0287.wav,not_selected_under_data_budget
test:74_0288.wav,test,Central,74_0288.wav,not_selected_under_data_budget
test:74_0289.wav,test,Central,74_0289.wav,not_selected_under_data_budget
test:74_0290.wav,test,Central,74_0290.wav,not_selected_under_data_budget
test:74_0291.wav,test,Central,74_0291.wav,not_selected_under_data_budget
test:74_0292.wav,test,Central,74_0292.wav,not_selected_under_data_budget
test:75_0269.wav,test,Central,75_0269.wav,not_selected_under_data_budget
test:75_0270.wav,test,Central,75_0270.wav,not_selected_under_data_budget
test:75_0271.wav,test,Central,75_0271.wav,not_selected_under_data_budget
test:75_0273.wav,test,Central,75_0273.wav,not_selected_under_data_budget
test:75_0276.wav,test,Central,75_0276.wav,not_selected_under_data_budget
test:75_0277.wav,test,Central,75_0277.wav,not_selected_under_data_budget
test:75_0278.wav,test,Central,75_0278.wav,not_selected_under_data_budget
test:75_0279.wav,test,Central,75_0279.wav,not_selected_under_data_budget
test:75_0280.wav,test,Central,75_0280.wav,not_selected_under_data_budget
test:75_0281.wav,test,Central,75_0281.wav,not_selected_under_data_budget
test:75_0282.wav,test,Central,75_0282.wav,not_selected_under_data_budget
test:75_0283.wav,test,Central,75_0283.wav,not_selected_under_data_budget
test:75_0284.wav,test,Central,75_0284.wav,not_selected_under_data_budget
test:75_0285.wav,test,Central,75_0285.wav,not_selected_under_data_budget
test:75_0286.wav,test,Central,75_0286.wav,not_selected_under_data_budget
test:75_0287.wav,test,Central,75_0287.wav,not_selected_under_data_budget
test:75_0288.wav,test,Central,75_0288.wav,not_selected_under_data_budget
test:75_0289.wav,test,Central,75_0289.wav,not_selected_under_data_budget
test:75_0290.wav,test,Central,75_0290.wav,not_selected_under_data_budget
test:75_0291.wav,test,Central,75_0291.wav,not_selected_under_data_budget
test:75_0292.wav,test,Central,75_0292.wav,not_selected_under_data_budget
test:75_0293.wav,test,Central,75_0293.wav,not_selected_under_data_budget
test:75_0294.wav,test,Central,75_0294.wav,not_selected_under_data_budget
test:75_0295.wav,test,Central,75_0295.wav,not_selected_under_data_budget
test:75_0296.wav,test,Central,75_0296.wav,not_selected_under_data_budget
test:75_0297.wav,test,Central,75_0297.wav,not_selected_under_data_budget
test:75_0298.wav,test,Central,75_0298.wav,not_selected_under_data_budget
test:75_0299.wav,test,Central,75_0299.wav,not_selected_under_data_budget
test:75_0300.wav,test,Central,75_0300.wav,not_selected_under_data_budget
test:75_0301.wav,test,Central,75_0301.wav,not_selected_under_data_budget
test:75_0302.wav,test,Central,75_0302.wav,not_selected_under_data_budget
test:75_0303.wav,test,Central,75_0303.wav,not_selected_under_data_budget
test:76_0288.wav,test,Central,76_0288.wav,not_selected_under_data_budget
test:76_0289.wav,test,Central,76_0289.wav,not_selected_under_data_budget
test:76_0290.wav,test,Central,76_0290.wav,not_selected_under_data_budget
test:76_0292.wav,test,Central,76_0292.wav,not_selected_under_data_budget
test:76_0293.wav,test,Central,76_0293.wav,not_selected_under_data_budget
test:76_0294.wav,test,Central,76_0294.wav,not_selected_under_data_budget
test:76_0296.wav,test,Central,76_0296.wav,not_selected_under_data_budget
test:76_0297.wav,test,Central,76_0297.wav,not_selected_under_data_budget
test:76_0299.wav,test,Central,76_0299.wav,not_selected_under_data_budget
test:76_0300.wav,test,Central,76_0300.wav,not_selected_under_data_budget
test:76_0301.wav,test,Central,76_0301.wav,not_selected_under_data_budget
test:76_0304.wav,test,Central,76_0304.wav,not_selected_under_data_budget
test:76_0305.wav,test,Central,76_0305.wav,not_selected_under_data_budget
test:76_0306.wav,test,Central,76_0306.wav,not_selected_under_data_budget
test:76_0308.wav,test,Central,76_0308.wav,not_selected_under_data_budget
test:76_0309.wav,test,Central,76_0309.wav,not_selected_under_data_budget
test:76_0310.wav,test,Central,76_0310.wav,not_selected_under_data_budget
test:76_0312.wav,test,Central,76_0312.wav,not_selected_under_data_budget
test:76_0313.wav,test,Central,76_0313.wav,not_selected_under_data_budget
test:76_0314.wav,test,Central,76_0314.wav,not_selected_under_data_budget
test:76_0315.wav,test,Central,76_0315.wav,not_selected_under_data_budget
test:76_0316.wav,test,Central,76_0316.wav,not_selected_under_data_budget
test:76_0317.wav,test,Central,76_0317.wav,not_selected_under_data_budget
test:76_0319.wav,test,Central,76_0319.wav,not_selected_under_data_budget
test:76_0320.wav,test,Central,76_0320.wav,not_selected_under_data_budget
test:76_0321.wav,test,Central,76_0321.wav,not_selected_under_data_budget
test:76_0322.wav,test,Central,76_0322.wav,not_selected_under_data_budget
test:76_0323.wav,test,Central,76_0323.wav,not_selected_under_data_budget
test:76_0324.wav,test,Central,76_0324.wav,not_selected_under_data_budget
test:76_0325.wav,test,Central,76_0325.wav,not_selected_under_data_budget
test:76_0326.wav,test,Central,76_0326.wav,not_selected_under_data_budget
test:76_0327.wav,test,Central,76_0327.wav,not_selected_under_data_budget
test:76_0328.wav,test,Central,76_0328.wav,not_selected_under_data_budget
test:76_0329.wav,test,Central,76_0329.wav,not_selected_under_data_budget
test:76_0330.wav,test,Central,76_0330.wav,not_selected_under_data_budget
test:77_0277.wav,test,Central,77_0277.wav,not_selected_under_data_budget
test:77_0278.wav,test,Central,77_0278.wav,not_selected_under_data_budget
test:77_0279.wav,test,Central,77_0279.wav,not_selected_under_data_budget
test:77_0280.wav,test,Central,77_0280.wav,not_selected_under_data_budget
test:77_0281.wav,test,Central,77_0281.wav,not_selected_under_data_budget
test:77_0282.wav,test,Central,77_0282.wav,not_selected_under_data_budget
test:77_0283.wav,test,Central,77_0283.wav,not_selected_under_data_budget
test:77_0284.wav,test,Central,77_0284.wav,not_selected_under_data_budget
test:77_0285.wav,test,Central,77_0285.wav,not_selected_under_data_budget
test:77_0286.wav,test,Central,77_0286.wav,not_selected_under_data_budget
test:77_0287.wav,test,Central,77_0287.wav,not_selected_under_data_budget
test:77_0288.wav,test,Central,77_0288.wav,not_selected_under_data_budget
test:77_0289.wav,test,Central,77_0289.wav,not_selected_under_data_budget
test:77_0290.wav,test,Central,77_0290.wav,not_selected_under_data_budget
test:77_0295.wav,test,Central,77_0295.wav,not_selected_under_data_budget
test:77_0296.wav,test,Central,77_0296.wav,not_selected_under_data_budget
test:77_0297.wav,test,Central,77_0297.wav,not_selected_under_data_budget
test:77_0298.wav,test,Central,77_0298.wav,not_selected_under_data_budget
test:77_0299.wav,test,Central,77_0299.wav,not_selected_under_data_budget
test:88_0255.wav,test,Northern,88_0255.wav,not_selected_under_data_budget
test:88_0264.wav,test,Northern,88_0264.wav,not_selected_under_data_budget
test:89_0276.wav,test,Northern,89_0276.wav,not_selected_under_data_budget
test:90_0244.wav,test,Northern,90_0244.wav,not_selected_under_data_budget
test:90_0256.wav,test,Northern,90_0256.wav,not_selected_under_data_budget
test:90_0263.wav,test,Northern,90_0263.wav,not_selected_under_data_budget
test:90_0266.wav,test,Northern,90_0266.wav,not_selected_under_data_budget
test:90_0272.wav,test,Northern,90_0272.wav,not_selected_under_data_budget
