sample_id,source_split,label,province_name,speaker_id,gender,audio_path,sample_rate,duration_seconds,rms,peak,zcr,logmel_mean,logmel_std,spectral_centroid_mean,spectral_centroid_std,spectral_bandwidth_mean,spectral_bandwidth_std,spectral_flatness_mean,mfcc_1_mean,mfcc_2_mean,mfcc_3_mean,mfcc_4_mean,mfcc_5_mean,mfcc_6_mean,mfcc_7_mean,mfcc_8_mean,mfcc_9_mean,mfcc_10_mean,mfcc_11_mean,mfcc_12_mean,mfcc_13_mean,mfcc_1_std,mfcc_2_std,mfcc_3_std,mfcc_4_std,mfcc_5_std,mfcc_6_std,mfcc_7_std,mfcc_8_std,mfcc_9_std,mfcc_10_std,mfcc_11_std,mfcc_12_std,mfcc_13_std
train:98_0204.wav,train,Northern,BacGiang,spk_98_0162,male,data/processed/audio_preprocessed_16s/train/Northern/98_0204.wav,16000,16.0,0.07583926739020255,0.510101318359375,0.06931277075301076,-10.505537033081055,3.826920509338379,450.60720222745425,384.5445065820088,463.28362646083605,361.2514019314793,0.011141672057597111,-65.31879425048828,19.50118637084961,0.8362502455711365,5.382192611694336,-2.7953522205352783,-1.0462982654571533,-1.1852251291275024,0.14845305681228638,-0.2148778885602951,-0.8971584439277649,-0.1799437254667282,-1.2161458730697632,-0.30054154992103577,8.802229881286621,4.3993330001831055,3.403456926345825,3.474602699279785,2.2430522441864014,2.432499408721924,1.5864561796188354,1.4698495864868164,1.4023593664169312,1.5457866191864014,1.5130420923233032,1.2674800157546997,1.284372329711914
valid:26_0263.wav,valid,Northern,SonLa,spk_26_0215,male,data/processed/audio_preprocessed_16s/valid/Northern/26_0263.wav,16000,16.0,0.08062266361786258,0.87860107421875,0.05855882249540037,-11.747386932373047,4.2814555168151855,411.8604813689388,295.19276440015614,365.026923192666,323.28671374258215,0.008950176389374308,-73.2385025024414,20.642417907714844,2.1573472023010254,3.506275177001953,-1.1083157062530518,-2.8348910808563232,-1.018876075744629,-0.3518803119659424,-1.1959809064865112,-0.4295583665370941,-0.7595840692520142,0.16299493610858917,-0.7286502122879028,13.091797828674316,5.472583293914795,3.9823436737060547,3.5714869499206543,2.906458616256714,2.7973296642303467,1.7863928079605103,1.9076389074325562,1.8030712604522705,1.4624574184417725,1.3618640899658203,1.1934741735458374,1.416662335395813
train:11_0127.wav,train,Northern,CaoBang,spk_11_0084,male,data/processed/audio_preprocessed_16s/train/Northern/11_0127.wav,16000,16.0,0.02865876258257854,0.989990234375,0.04960956878737808,-15.344158172607422,5.899930477142334,316.0138773370149,323.6913007934085,314.7642679187656,344.94272620882055,0.3224297325579233,-96.41445922851562,12.650537490844727,1.2895089387893677,0.5100913047790527,-0.6531731486320496,-0.42019718885421753,-1.1612235307693481,-0.6097248196601868,-0.8134936690330505,-0.09425037354230881,-0.20486608147621155,-0.4824434816837311,-0.38862860202789307,33.85460662841797,8.982512474060059,2.3571970462799072,1.7249575853347778,1.2669481039047241,1.2508922815322876,1.326622486114502,1.2136658430099487,1.0209659337997437,0.9505646824836731,0.9313100576400757,0.9407958984375,0.7977957725524902
train:99_0108.wav,train,Northern,BacNinh,spk_99_0071,male,data/processed/audio_preprocessed_16s/train/Northern/99_0108.wav,16000,16.0,0.07801707213065405,0.493927001953125,0.07546904480095626,-11.045801162719727,3.9575719833374023,512.231992213045,327.12383218362106,463.8324391691613,349.0819754242742,0.010388112943915229,-68.61024475097656,18.51071548461914,0.6907222867012024,3.1272988319396973,-3.66568922996521,-2.2964487075805664,-0.5354535579681396,-0.6887805461883545,-0.5242498517036438,-0.08811081200838089,0.43352383375167847,-0.05632565915584564,-1.4779680967330933,12.198929786682129,4.170819282531738,3.4428136348724365,3.1167709827423096,3.19368052482605,2.908987045288086,2.0834596157073975,1.7833462953567505,1.7117786407470703,1.6654208898544312,1.4649133682250977,1.3647040128707886,1.7020856142044067
train:11_0072.wav,train,Northern,CaoBang,spk_11_0047,female,data/processed/audio_preprocessed_16s/train/Northern/11_0072.wav,16000,16.0,0.07965069512450183,0.799468994140625,0.08945347442763449,-9.788314819335938,3.3688457012176514,593.556996370725,542.7157144567419,562.8794425342545,423.92649949382286,0.026236319116616846,-60.830509185791016,16.276493072509766,1.2434002161026,0.0642787367105484,-1.9105732440948486,-0.3551197946071625,-0.3621330261230469,-0.33865222334861755,-0.3250128924846649,0.2884126901626587,-0.531140923500061,-0.9988597631454468,0.1784917563199997,10.831381797790527,3.8703715801239014,2.415942430496216,2.8062186241149902,2.032897710800171,2.514359712600708,1.2119659185409546,1.5275474786758423,1.3148924112319946,1.0600497722625732,1.3959020376205444,1.2079172134399414,1.0257232189178467
train:17_0045.wav,train,Northern,ThaiBinh,spk_17_0042,male,data/processed/audio_preprocessed_16s/train/Northern/17_0045.wav,16000,16.0,0.07480256454406684,0.623046875,0.09375817874288571,-12.810721397399902,4.938257694244385,630.7952839635739,524.3425591071615,505.4814504730481,477.22947951926506,0.15096485368232335,-79.80791473388672,12.675642967224121,0.24827346205711365,-1.9350944757461548,-5.149322509765625,-2.1676247119903564,-2.0325374603271484,-1.6959296464920044,-1.4128758907318115,-0.7334684133529663,-1.178199052810669,-0.7279316782951355,-1.0607448816299438,26.03606414794922,6.808501243591309,2.8167710304260254,2.8172590732574463,3.072293996810913,1.9744477272033691,1.7994120121002197,1.565914273262024,1.4201269149780273,1.2503578662872314,1.164093255996704,1.1525959968566895,1.383656620979309
train:11_0083.wav,train,Northern,CaoBang,spk_11_0056,male,data/processed/audio_preprocessed_16s/train/Northern/11_0083.wav,16000,16.0,0.08259420773726377,0.643798828125,0.15118418431321998,-10.654143333435059,3.648115634918213,1006.9697484912447,469.00740410263955,820.1608930754758,302.8090927384411,0.012268172184412635,-65.87285614013672,14.760673522949219,-5.095090866088867,5.2426557540893555,-3.4218783378601074,-3.1391022205352783,-0.8145582675933838,0.22105157375335693,-1.5697468519210815,1.3874667882919312,-0.3642745316028595,0.809333324432373,-0.9691603183746338,11.084670066833496,3.2898237705230713,4.372632026672363,3.5062506198883057,2.0815203189849854,2.8193161487579346,1.8844633102416992,1.800490379333496,1.6041500568389893,1.3739055395126343,1.6578751802444458,1.457411766052246,1.4345312118530273
train:34_0085.wav,train,Northern,HaiDuong,spk_34_0052,male,data/processed/audio_preprocessed_16s/train/Northern/34_0085.wav,16000,16.0,0.07187981793422595,0.8255615234375,0.09185192129656757,-10.487030029296875,3.8358709812164307,669.7859811077402,669.3140355629041,611.2053307990006,440.3036076454415,0.0180297414666958,-65.15480041503906,17.398466110229492,-1.8466622829437256,5.085817813873291,-2.371697187423706,-0.7711470723152161,-0.5936380624771118,0.937509298324585,0.2247961312532425,-0.7114225029945374,0.16479894518852234,-1.2359427213668823,-0.7678535580635071,11.22133731842041,5.848728656768799,4.748030662536621,3.1245245933532715,3.211819648742676,2.5856196880340576,1.7860848903656006,1.8647119998931885,1.764389991760254,1.453620195388794,1.620044231414795,1.5547780990600586,1.448817491531372
train:21_0007.wav,train,Northern,YenBai,spk_21_0003,male,data/processed/audio_preprocessed_16s/train/Northern/21_0007.wav,16000,16.0,0.07789800098170163,0.506317138671875,0.06662526025492287,-12.066230773925781,4.88726806640625,462.5982079436154,252.4756584413196,370.7237006381027,243.33444157147045,0.05538115750326834,-75.0174560546875,17.642677307128906,-1.001524567604065,1.6033331155776978,-4.104556083679199,-1.9192135334014893,-2.5464284420013428,-0.8011018633842468,0.652207612991333,-0.4309943914413452,-1.4523253440856934,0.934988796710968,-0.9231237173080444,22.487510681152344,5.63933801651001,3.5834426879882812,3.0990474224090576,2.3441550731658936,2.222003936767578,2.1128807067871094,1.935249924659729,1.730259895324707,1.6702316999435425,1.686690330505371,1.579757809638977,1.5186200141906738
train:26_0238.wav,train,Northern,SonLa,spk_26_0196,male,data/processed/audio_preprocessed_16s/train/Northern/26_0238.wav,16000,16.0,0.07531683986137634,0.88739013671875,0.08446517369208474,-10.480025291442871,3.3383915424346924,543.012013106053,447.7443090947128,562.0962894774074,394.6028967626184,0.02718447969294716,-65.38777923583984,17.089698791503906,2.0788767337799072,2.0227534770965576,-1.152592420578003,-0.8120769262313843,-0.45378053188323975,-0.6670357584953308,-0.30135998129844666,-0.2010507434606552,0.9361332058906555,-0.04848090559244156,-0.32001227140426636,8.224782943725586,4.753331661224365,2.689473867416382,2.9376373291015625,1.7105889320373535,2.523676633834839,1.395518183708191,1.3798480033874512,1.4694100618362427,1.333497166633606,1.151733160018921,1.1757615804672241,1.095813512802124
train:99_0042.wav,train,Northern,BacNinh,spk_99_0016,male,data/processed/audio_preprocessed_16s/train/Northern/99_0042.wav,16000,16.0,0.07673994069261578,0.920928955078125,0.07701201957820147,-11.550681114196777,3.9022951126098633,511.973122416047,253.42575823958657,375.7680476033499,243.85665190934628,0.009620023872051813,-72.14094543457031,20.93401336669922,-1.2604442834854126,1.0579185485839844,-3.0290608406066895,-1.7471846342086792,-0.6875019073486328,-0.5035694241523743,-0.33649182319641113,-0.17393557727336884,-0.08619696646928787,-0.3648129403591156,-0.524889349937439,9.531697273254395,3.935039520263672,3.0134546756744385,2.374326467514038,2.3549790382385254,2.3745150566101074,1.473340392112732,1.5293052196502686,1.3651151657104492,1.1379023790359497,1.1051716804504395,1.152796983718872,1.1212084293365479
test:25_0286.wav,test,Northern,LaiChau,spk_25_0166,female,data/processed/audio_preprocessed_16s/test/Northern/25_0286.wav,16000,16.0,0.08070853209830013,0.369659423828125,0.12085594084351892,-10.082897186279297,3.146472930908203,867.7473513724105,796.2598857992383,614.5482256621996,495.9762517139447,0.025432246739253053,-62.2011604309082,14.059889793395996,-2.6901378631591797,-2.151881456375122,-3.542125701904297,-1.1998270750045776,-2.013849973678589,-1.560726284980774,-1.1378767490386963,-0.6624258756637573,-0.23517362773418427,-1.406898021697998,-0.3907448649406433,8.270608901977539,4.436960697174072,3.449035882949829,3.0000059604644775,2.763432264328003,2.4667840003967285,1.6374150514602661,1.9433517456054688,1.3836103677749634,1.286059856414795,1.3253118991851807,1.453328013420105,1.0739049911499023
train:30_0208.wav,train,Northern,HaNoi,spk_30_0125,male,data/processed/audio_preprocessed_16s/train/Northern/30_0208.wav,16000,16.0,0.0805167901842481,0.960479736328125,0.13813725834866541,-8.86544418334961,2.631622076034546,829.6362293668833,531.1615430032037,846.4473806368655,426.1444205753617,0.043149277981085594,-55.04957580566406,13.30224609375,-0.45469197630882263,2.8009889125823975,-3.029897451400757,0.0532231479883194,-0.24612386524677277,-0.6053639650344849,-0.3210756480693817,-0.4437980651855469,-0.948030948638916,-0.06676320731639862,-0.9961423873901367,4.633817195892334,3.601438522338867,2.2640316486358643,2.0403740406036377,1.9422736167907715,1.7522530555725098,1.5960520505905151,1.3843944072723389,1.3989758491516113,1.1005783081054688,1.0695042610168457,1.1012723445892334,1.0914971828460693
train:15_0039.wav,train,Northern,HaiPhong,spk_15_0030,male,data/processed/audio_preprocessed_16s/train/Northern/15_0039.wav,16000,16.0,0.08612024140885094,0.932952880859375,0.0886605025800882,-11.559024810791016,3.515099287033081,542.8780801333809,378.6909056467669,520.0726108287383,340.62696471499277,0.02185341204595958,-72.1983871459961,17.71399688720703,2.334246873855591,-1.5823233127593994,-0.7202886939048767,-0.3568383455276489,-1.1571526527404785,-1.1558054685592651,-0.10334332287311554,0.29956507682800293,0.10184469819068909,0.5663484334945679,-0.4739900529384613,9.526721954345703,4.887968063354492,3.138450860977173,2.0692412853240967,1.5417650938034058,2.0422213077545166,1.9611060619354248,1.5987199544906616,1.32375967502594,1.2002155780792236,1.1901531219482422,1.0411583185195923,1.3515608310699463
train:99_0051.wav,train,Northern,BacNinh,spk_99_0023,male,data/processed/audio_preprocessed_16s/train/Northern/99_0051.wav,16000,16.0,0.07143053002028202,0.990020751953125,0.08833628256360376,-11.689796447753906,4.044186592102051,579.4749022606741,553.5224628088532,535.6208035902126,366.57750133828665,0.029446789859900985,-72.54984283447266,16.380088806152344,-1.9128239154815674,2.9430534839630127,-3.0922207832336426,0.25463423132896423,-0.6602147817611694,0.5604025721549988,-1.0639216899871826,0.7064161896705627,-0.32913267612457275,-0.16688759624958038,-0.30435797572135925,16.179901123046875,4.701072692871094,3.896278142929077,3.1920766830444336,3.0394949913024902,2.5784754753112793,1.981385350227356,2.04015851020813,1.7296078205108643,1.4570434093475342,1.7187458276748657,1.4455186128616333,1.402084231376648
train:28_0050.wav,train,Northern,HoaBinh,spk_28_0034,male,data/processed/audio_preprocessed_16s/train/Northern/28_0050.wav,16000,16.0,0.06897175047334424,0.609527587890625,0.06402368759252966,-14.053046226501465,6.135448455810547,450.3497022374388,328.3874427934873,401.6582956244362,390.42747310983384,0.26722361196463534,-87.78621673583984,12.65188980102539,-0.9377796649932861,-0.012355723418295383,-1.6896182298660278,-2.158320426940918,-0.1124962791800499,-1.4890559911727905,-0.780515193939209,-0.5095897912979126,-0.40024515986442566,-0.5141312479972839,-0.4199141561985016,35.35249328613281,8.04870891571045,3.160015106201172,2.8520090579986572,2.9649465084075928,3.0123188495635986,1.7114360332489014,1.7825417518615723,1.4535527229309082,1.354476809501648,1.4299817085266113,1.3532541990280151,1.081839919090271
train:18_0101.wav,train,Northern,NamDinh,spk_18_0050,male,data/processed/audio_preprocessed_16s/train/Northern/18_0101.wav,16000,16.0,0.08010447942810663,0.443084716796875,0.08057843975953032,-9.320768356323242,3.8437857627868652,566.7805506262177,160.20219031144836,433.58272340450327,202.4792316604139,0.0062683269507068885,-57.981143951416016,22.197433471679688,-3.8277227878570557,0.8956063985824585,-1.3983731269836426,-0.7420757412910461,-1.0021381378173828,0.12253130972385406,-0.4482995271682739,-0.03591747209429741,-0.12893684208393097,-0.26190927624702454,-0.8014364242553711,4.399515151977539,3.112867593765259,2.6284005641937256,2.341301441192627,2.116182327270508,1.980278730392456,1.6622661352157593,1.211868166923523,1.2094228267669678,1.1374162435531616,1.084919810295105,1.0573354959487915,1.054106593132019
train:23_0237.wav,train,Northern,HaGiang,spk_23_0227,male,data/processed/audio_preprocessed_16s/train/Northern/23_0237.wav,16000,16.0,0.0757190754354591,0.6295166015625,0.10803167199871874,-10.270435333251953,5.119467735290527,787.6975852942907,400.87686060744045,675.8424049237374,352.59530146042647,0.12021073539928279,-63.812782287597656,11.907316207885742,-3.95988392829895,0.8669692277908325,-2.8768203258514404,-0.2254979908466339,0.40876901149749756,0.5619449615478516,0.6152508854866028,1.2739403247833252,-0.4978299140930176,0.5836694240570068,-0.836281955242157,28.315092086791992,4.770733833312988,2.9344282150268555,2.4167864322662354,2.437899351119995,2.319373607635498,1.795904517173767,1.9250032901763916,1.5221363306045532,1.56475830078125,1.275190830230713,1.5434333086013794,1.3795167207717896
train:28_0096.wav,train,Northern,HoaBinh,spk_28_0063,male,data/processed/audio_preprocessed_16s/train/Northern/28_0096.wav,16000,16.0,0.06420728076677776,0.990020751953125,0.03706264477595616,-12.058762550354004,4.100861072540283,217.22611862300923,187.9551856698048,247.00499303774316,176.6580584576801,0.001998078444079323,-75.39530944824219,22.078330993652344,2.504059076309204,4.193775177001953,-0.6216040849685669,0.814670979976654,-1.0792205333709717,1.44057035446167,0.34247371554374695,0.18499834835529327,0.06146097928285599,-0.28993502259254456,-0.23457461595535278,9.032617568969727,3.0269758701324463,2.3482980728149414,2.4499168395996094,1.9356030225753784,2.1468377113342285,2.1540133953094482,1.3330373764038086,1.5816289186477661,1.262647032737732,1.4419142007827759,1.1213096380233765,1.3605146408081055
train:22_0225.wav,train,Northern,TuyenQuang,spk_22_0157,female,data/processed/audio_preprocessed_16s/train/Northern/22_0225.wav,16000,16.0,0.07374270672965537,0.635894775390625,0.06971120980941332,-12.729903221130371,5.399845600128174,520.0200473026305,401.5469120790131,395.88912091274113,364.8687384679494,0.15725855362961103,-79.0018310546875,12.997929573059082,-0.6447754502296448,-0.9809749722480774,-4.732302188873291,-3.111332416534424,-1.553328037261963,-1.6529496908187866,-2.448936700820923,-0.0012179847108200192,-0.9093480706214905,-1.5785726308822632,-0.5417171120643616,29.257030487060547,6.906866073608398,2.6486618518829346,3.080592155456543,3.118100881576538,2.832881450653076,1.712382197380066,1.773388385772705,1.8142448663711548,1.3235933780670166,1.5987093448638916,1.5180414915084839,1.3365585803985596
train:23_0179.wav,train,Northern,HaGiang,spk_23_0172,female,data/processed/audio_preprocessed_16s/train/Northern/23_0179.wav,16000,16.0,0.07008565137662134,0.49005126953125,0.046187680420626646,-13.56796646118164,6.0201416015625,293.2916191632503,357.986450848142,307.00016199009315,372.6517962814502,0.23655050025160768,-84.9298095703125,13.713872909545898,2.710106611251831,0.976085364818573,-2.5913045406341553,0.013756051659584045,0.07309825718402863,-0.5750957727432251,0.6161048412322998,-0.040533047169446945,-0.223429873585701,-0.22884942591190338,0.2052459865808487,33.87588882446289,8.345821380615234,2.893658399581909,2.6544532775878906,2.9442362785339355,1.8247774839401245,1.5577576160430908,1.9688060283660889,1.4140571355819702,1.3894259929656982,1.3421196937561035,1.1342250108718872,1.0017290115356445
valid:11_0279.wav,valid,Northern,CaoBang,spk_11_0131,male,data/processed/audio_preprocessed_16s/valid/Northern/11_0279.wav,16000,16.0,0.0712667657584184,0.747100830078125,0.06334399743748999,-11.906170845031738,6.218225002288818,350.9822878751977,340.2644940041252,486.971268007673,391.14583186603033,0.22161014115034947,-74.66291046142578,12.13454532623291,2.186948537826538,2.2687392234802246,-0.40166082978248596,0.25635480880737305,-0.4864959120750427,0.5112804770469666,-0.014697245322167873,0.15397417545318604,0.023213952779769897,0.06193438544869423,-0.018201293423771858,36.42315673828125,6.880414962768555,2.609532117843628,2.3166110515594482,1.5584467649459839,1.4090701341629028,1.2035669088363647,1.2103432416915894,1.1867997646331787,1.0304304361343384,0.8819029331207275,1.045673131942749,0.8209797739982605
train:23_0034.wav,train,Northern,HaGiang,spk_23_0033,female,data/processed/audio_preprocessed_16s/train/Northern/23_0034.wav,16000,16.0,0.08022870209747572,0.77105712890625,0.0790198399212497,-11.804732322692871,3.951268196105957,536.7222171917031,614.1151040645511,438.5294109452733,476.5826745648649,0.01312674330922238,-73.1932373046875,19.041109085083008,3.22524094581604,1.0706756114959717,-3.7344980239868164,-3.2847933769226074,-1.0602248907089233,-0.6359837055206299,-0.4351358115673065,0.5290966629981995,-2.001328229904175,-1.394956111907959,-0.3246518075466156,10.685941696166992,5.637914180755615,4.486847877502441,3.1466119289398193,3.1337223052978516,2.746478319168091,1.9192861318588257,1.6772890090942383,1.603656530380249,1.4390360116958618,1.712810754776001,1.6872586011886597,1.2510709762573242
valid:23_0269.wav,valid,Northern,HaGiang,spk_23_0258,male,data/processed/audio_preprocessed_16s/valid/Northern/23_0269.wav,16000,16.0,0.08117432934885915,0.761383056640625,0.08041047035339982,-11.435394287109375,4.034663200378418,578.2616726586834,418.88889866040495,363.8378820207082,416.8694899361649,0.012020462955560928,-71.17423248291016,20.54020118713379,1.8784537315368652,-0.14899921417236328,-4.520869255065918,-2.169731378555298,-2.466874599456787,-0.8392199873924255,-0.21868176758289337,-0.3258415162563324,0.9958193302154541,-0.36645007133483887,-1.0286461114883423,9.570236206054688,5.377596855163574,3.1497573852539062,2.735649824142456,2.452467679977417,2.368253469467163,2.2281553745269775,1.551278829574585,1.8982359170913696,1.5237836837768555,1.2589339017868042,1.3272705078125,1.3294212818145752
test:15_0281.wav,test,Northern,HaiPhong,spk_15_0208,male,data/processed/audio_preprocessed_16s/test/Northern/15_0281.wav,16000,16.0,0.07943850900547848,0.782806396484375,0.08056281469849491,-11.621322631835938,4.459449291229248,551.8943704744052,454.847374803305,470.8150331867063,417.6369832004018,0.030468726169131148,-72.2608642578125,19.372203826904297,1.7385127544403076,1.4106518030166626,-2.824049234390259,-0.46006086468696594,-1.4734077453613281,-1.1144860982894897,-0.10961902886629105,-0.5969340205192566,0.7722983360290527,-1.0101637840270996,-0.9245597720146179,16.47212791442871,6.166506290435791,3.478724479675293,3.051776647567749,2.7345948219299316,2.295039176940918,2.0120208263397217,1.9127602577209473,1.8565031290054321,1.751979947090149,1.9718081951141357,1.4361687898635864,1.4913477897644043
train:12_0067.wav,train,Northern,LangSon,spk_12_0045,female,data/processed/audio_preprocessed_16s/train/Northern/12_0067.wav,16000,16.0,0.0805702412932483,0.596649169921875,0.15984046812682862,-10.722227096557617,3.4480767250061035,1147.9935196751367,1089.3767064865629,815.4759720294095,606.1826779039244,0.048933088516338284,-66.11848449707031,10.475173950195312,-1.859357476234436,-2.7812507152557373,-5.226897239685059,-4.440186500549316,-2.292388439178467,-3.1787307262420654,-1.1966179609298706,-1.260459542274475,-0.6940461993217468,-1.3783267736434937,-1.0494863986968994,12.221748352050781,6.220843315124512,4.024350166320801,2.8576338291168213,2.9655508995056152,3.135496139526367,1.7130615711212158,1.9137332439422607,1.8837511539459229,1.6327847242355347,1.4945333003997803,1.5974467992782593,1.3193273544311523
train:26_0093.wav,train,Northern,SonLa,spk_26_0077,female,data/processed/audio_preprocessed_16s/train/Northern/26_0093.wav,16000,16.0,0.06503519635777262,0.4462890625,0.032515752014656306,-15.303218841552734,6.509942531585693,234.71157676417434,257.35566118082386,188.84113320521604,282.4708738169988,0.34156680978282244,-95.97510528564453,16.076505661010742,0.7888163924217224,1.4864400625228882,-1.8971589803695679,-0.46551215648651123,-0.9318228363990784,-0.8978864550590515,-0.48646867275238037,-0.3185834586620331,-1.050828456878662,-0.5880066752433777,-0.311463326215744,35.867618560791016,12.150964736938477,2.1456921100616455,2.1097702980041504,2.3761680126190186,1.6578668355941772,1.3459361791610718,1.3229517936706543,1.0644946098327637,1.0392686128616333,1.4292329549789429,1.103247046470642,0.9759310483932495
train:12_0245.wav,train,Northern,LangSon,spk_12_0143,male,data/processed/audio_preprocessed_16s/train/Northern/12_0245.wav,16000,16.0,0.07873251536839422,0.957855224609375,0.07764483455013496,-10.669970512390137,3.743473768234253,512.5880513665587,402.24402845588065,445.3830849829574,335.9747194007087,0.01159142169346872,-66.29534149169922,18.255971908569336,1.0240375995635986,2.0998971462249756,-2.0077757835388184,-0.4906892478466034,-1.0012989044189453,-1.7144819498062134,-1.212782859802246,0.23481109738349915,-0.18000538647174835,-0.791157066822052,-1.628998875617981,11.383489608764648,3.6730475425720215,3.3038346767425537,2.7103869915008545,1.8317162990570068,1.7565453052520752,1.589461326599121,1.8761022090911865,1.7950879335403442,1.3393619060516357,1.4753273725509644,1.4050263166427612,1.8781076669692993
valid:23_0294.wav,valid,Northern,HaGiang,spk_23_0280,female,data/processed/audio_preprocessed_16s/valid/Northern/23_0294.wav,16000,16.0,0.05211287056471061,0.413604736328125,0.03644545486505807,-17.293106079101562,6.995824337005615,263.9847775883199,375.47977700494306,225.43096126839689,345.1435322116126,0.5781382235854456,-108.69963836669922,7.387617111206055,-0.8889386057853699,0.6854821443557739,-1.3132373094558716,-0.1696440875530243,0.16786831617355347,-0.16974115371704102,0.3360294997692108,-0.09238077700138092,0.0541238896548748,-0.5251303911209106,0.10841017216444016,43.104042053222656,8.806750297546387,2.1888105869293213,1.87926185131073,2.174262046813965,1.3816568851470947,1.024169683456421,1.0116487741470337,1.0412229299545288,0.827351450920105,0.9182088375091553,1.070336937904358,0.7737599015235901
train:11_0053.wav,train,Northern,CaoBang,spk_11_0036,male,data/processed/audio_preprocessed_16s/train/Northern/11_0053.wav,16000,16.0,0.08192835330224342,0.973663330078125,0.2612275829202458,-11.073160171508789,3.923929452896118,1943.319838505725,1702.8968814867965,1134.3281204845905,637.0697377940912,0.07568781010627917,-68.74663543701172,8.56449031829834,1.5447537899017334,2.6474151611328125,-4.018428802490234,-0.3377372920513153,-2.7955167293548584,-0.4856346845626831,-1.6475746631622314,0.25021353363990784,0.590182363986969,-1.1306774616241455,-1.423292636871338,18.668291091918945,7.803375244140625,5.115639686584473,3.115781545639038,3.2054667472839355,2.405233860015869,2.1080257892608643,1.7758280038833618,1.2951912879943848,1.4526302814483643,1.3861156702041626,1.5977636575698853,1.42214834690094
train:99_0175.wav,train,Northern,BacNinh,spk_99_0120,male,data/processed/audio_preprocessed_16s/train/Northern/99_0175.wav,16000,16.0,0.055032719026489804,0.883270263671875,0.06064867440888441,-17.305294036865234,6.421896457672119,418.2752199411286,722.5621793811954,311.52444258569403,457.544322117567,0.5467243336708973,-108.84942626953125,6.121990203857422,-0.37319210171699524,-0.48732689023017883,-1.7336304187774658,-1.5437272787094116,-1.3779996633529663,-0.390824556350708,-1.1855162382125854,-0.6136244535446167,-0.19087491929531097,-0.5508230924606323,-0.23458847403526306,39.366859436035156,7.545328617095947,2.3831872940063477,1.8839811086654663,2.3517611026763916,2.335946559906006,2.102768659591675,1.2399909496307373,1.6738677024841309,1.228339433670044,0.8053377866744995,1.0369715690612793,0.7590829730033875
train:12_0011.wav,train,Northern,LangSon,spk_12_0007,male,data/processed/audio_preprocessed_16s/train/Northern/12_0011.wav,16000,16.0,0.07982287957703867,0.648773193359375,0.10216836784518689,-8.54210376739502,2.742347002029419,567.0073655098067,357.43102612270144,790.7055141675086,389.0526260790537,0.030110262061068722,-53.13273620605469,14.031645774841309,0.5800338983535767,3.599748373031616,-0.037095338106155396,0.545681893825531,0.6982783079147339,0.025754423812031746,0.23660807311534882,0.43256011605262756,-0.7323804497718811,-0.09631827473640442,-0.1848548799753189,5.37056303024292,3.508542060852051,2.3325624465942383,2.1006970405578613,1.7761995792388916,2.12032151222229,1.4803495407104492,1.4071022272109985,1.4889168739318848,1.2231873273849487,0.9988366961479187,1.0985609292984009,1.0531179904937744
train:14_0133.wav,train,Northern,QuangNinh,spk_14_0109,male,data/processed/audio_preprocessed_16s/train/Northern/14_0133.wav,16000,16.0,0.07679213952041311,0.644012451171875,0.12904737909132458,-11.117765426635742,3.514810085296631,855.6636866473615,737.3445176785586,744.7503571356949,622.0699622881147,0.0350587038405456,-69.04582977294922,14.883305549621582,1.729207158088684,0.17938728630542755,-2.1060574054718018,-2.7603931427001953,-2.3682234287261963,-0.2276669144630432,-0.7551448941230774,-1.8212772607803345,0.1900479644536972,-1.2178269624710083,-0.4701935946941376,10.928585052490234,6.003927707672119,3.850787401199341,3.4417500495910645,2.253002643585205,2.495164155960083,2.165376663208008,2.1246402263641357,1.7548085451126099,1.6364634037017822,1.567622423171997,1.2127550840377808,1.4827840328216553
train:14_0150.wav,train,Northern,QuangNinh,spk_14_0123,female,data/processed/audio_preprocessed_16s/train/Northern/14_0150.wav,16000,16.0,0.077682563482081,0.637725830078125,0.10163320950472463,-11.783690452575684,4.60166597366333,753.165498678377,377.6949840254189,501.9151228732372,301.40706640051394,0.06778193920479027,-73.20321655273438,15.878941535949707,-7.228672504425049,1.5233886241912842,-4.89378023147583,-3.6179451942443848,-1.860715389251709,0.44128891825675964,-2.1492652893066406,-1.0630055665969849,-0.48544904589653015,-0.44171401858329773,0.7964122891426086,19.951967239379883,5.215993404388428,3.822197914123535,2.3113715648651123,2.8189809322357178,2.5934879779815674,2.2300240993499756,1.8065316677093506,1.7233829498291016,1.43573796749115,1.2447073459625244,1.3064701557159424,1.2831168174743652
valid:88_0232.wav,valid,Northern,VinhPhuc,spk_88_0183,male,data/processed/audio_preprocessed_16s/valid/Northern/88_0232.wav,16000,16.0,0.08008807576836602,0.42578125,0.09561365474083883,-10.210209846496582,3.4187018871307373,644.5524006938773,443.99177340337036,565.6112421430859,465.31189030105946,0.018916386353603376,-63.372318267822266,16.888574600219727,-0.7442148923873901,-0.37333640456199646,-4.644824028015137,-2.1227920055389404,-2.1675095558166504,-1.1994246244430542,-1.9289723634719849,-0.7273547053337097,-0.5334569215774536,-1.4314755201339722,-0.015130088664591312,8.075112342834473,4.159177303314209,3.199770212173462,2.597443103790283,2.2945756912231445,2.711805582046509,1.6601229906082153,1.2977633476257324,1.3542405366897583,1.4672832489013672,1.200783133506775,1.1954609155654907,1.0807533264160156
train:17_0093.wav,train,Northern,ThaiBinh,spk_17_0086,male,data/processed/audio_preprocessed_16s/train/Northern/17_0093.wav,16000,16.0,0.055289257939721365,0.5479736328125,0.049765819397732024,-18.444948196411133,5.842079162597656,347.87786382105185,692.4751805308458,249.63607606997772,456.21921138623424,0.5347011568487717,-115.9299087524414,8.788626670837402,1.490604043006897,-0.6466478705406189,-2.382939100265503,-1.2356758117675781,-0.4152448773384094,-1.0091891288757324,-0.33088070154190063,-0.8753126263618469,0.43749916553497314,-0.3897843658924103,-0.7469858527183533,34.037139892578125,10.471550941467285,3.1670241355895996,2.4571051597595215,3.4253652095794678,2.4461817741394043,1.460983395576477,1.8820244073867798,1.494980812072754,1.6409307718276978,1.3066916465759277,1.1917495727539062,1.4602867364883423
test:12_0296.wav,test,Northern,LangSon,spk_12_0167,female,data/processed/audio_preprocessed_16s/test/Northern/12_0296.wav,16000,16.0,0.07609478022878469,0.962799072265625,0.10813714116070766,-9.863044738769531,3.1058058738708496,812.8524203965551,612.8844666434624,549.5121884465486,399.7151714781776,0.01804916639723628,-60.88053512573242,14.66903018951416,-3.0914196968078613,-4.012919902801514,-1.983781099319458,-1.447962760925293,-2.07588529586792,-1.175341248512268,-1.3041083812713623,-1.267275094985962,-1.306821346282959,-0.43980592489242554,-0.007039973046630621,7.08803129196167,3.773810625076294,3.136476993560791,2.7402920722961426,2.346160650253296,1.962408423423767,1.6187629699707031,1.6357600688934326,1.3811801671981812,1.1805075407028198,1.1809989213943481,1.3366297483444214,1.1802833080291748
test:12_0297.wav,test,Northern,LangSon,spk_12_0168,female,data/processed/audio_preprocessed_16s/test/Northern/12_0297.wav,16000,16.0,0.07132986055232703,0.694091796875,0.0911566060804925,-12.887378692626953,5.978001117706299,670.2243216029955,496.42065441961114,391.406967913848,339.4142062983462,0.21329092790523238,-80.1363525390625,12.86154556274414,-5.452108860015869,-1.573750615119934,-3.591784954071045,-1.1833291053771973,-2.4021964073181152,-0.9853798747062683,-1.0562210083007812,-1.1410876512527466,-1.082592487335205,-0.689042866230011,-0.8447219729423523,33.528228759765625,7.410276889801025,3.9534544944763184,2.5346386432647705,2.7889533042907715,2.2308743000030518,1.842147707939148,1.562768816947937,1.325242042541504,1.3498351573944092,1.4187977313995361,1.2324849367141724,1.0444062948226929
valid:88_0226.wav,valid,Northern,VinhPhuc,spk_88_0179,male,data/processed/audio_preprocessed_16s/valid/Northern/88_0226.wav,16000,16.0,0.08458660986784823,0.63433837890625,0.14931698951949032,-8.797696113586426,2.405827522277832,916.9319610589449,588.8865138854175,1033.0550929419658,592.9060837005524,0.09800444578267009,-54.89774703979492,11.623785018920898,1.2889916896820068,1.4173182249069214,-0.009634248912334442,-0.7273561954498291,-1.0059503316879272,-0.17026613652706146,-0.41968271136283875,-0.3051113188266754,-0.15679042041301727,0.2933209538459778,0.03519445285201073,5.72985315322876,4.545839309692383,2.3941636085510254,2.2185564041137695,1.60781991481781,1.6107836961746216,1.5649182796478271,1.1763370037078857,1.228368878364563,1.0209290981292725,0.9098888635635376,0.8981572389602661,0.9670253396034241
train:98_0208.wav,train,Northern,BacGiang,spk_98_0164,male,data/processed/audio_preprocessed_16s/train/Northern/98_0208.wav,16000,16.0,0.07982866308235508,0.62335205078125,0.07671514341852897,-11.61266803741455,4.1910271644592285,522.5301284716056,358.59641804580116,358.79541717370677,338.68098059941633,0.00767545545012591,-72.30924224853516,21.70903778076172,2.2548177242279053,0.14472198486328125,-4.585055828094482,-1.9889858961105347,-1.3843330144882202,-0.6126812100410461,-0.6916254758834839,0.061355024576187134,-0.3359372317790985,-1.0006979703903198,-0.798274576663971,9.38273811340332,5.953871250152588,3.842466354370117,3.06571888923645,2.4986746311187744,2.279006004333496,1.7519468069076538,1.5722668170928955,1.5521761178970337,1.3441442251205444,1.2416387796401978,1.3171474933624268,1.3132990598678589
train:26_0097.wav,train,Northern,SonLa,spk_26_0081,male,data/processed/audio_preprocessed_16s/train/Northern/26_0097.wav,16000,16.0,0.0725870534839779,0.613494873046875,0.054183805405489865,-11.648844718933105,4.630729675292969,381.8771400964727,102.08839874567991,257.45813040505897,123.97106984695147,0.0023179732417451904,-72.80803680419922,26.44671630859375,1.3309175968170166,0.38903793692588806,0.34243765473365784,-1.0502264499664307,-2.4939208030700684,-0.24741117656230927,-0.3154940903186798,0.664141833782196,0.36392542719841003,0.04522468522191048,-0.18102394044399261,8.993698120117188,4.116687297821045,2.747551202774048,2.486478567123413,2.0106136798858643,2.0870840549468994,1.808059573173523,1.3224608898162842,1.6200978755950928,1.2643617391586304,1.2421404123306274,1.1356014013290405,1.2152286767959595
test:15_0291.wav,test,Northern,HaiPhong,spk_15_0217,male,data/processed/audio_preprocessed_16s/test/Northern/15_0291.wav,16000,16.0,0.0733402709670561,0.815887451171875,0.09825819632107938,-11.625799179077148,4.174236297607422,657.2376866807956,608.2943883808465,583.3542439896926,459.6664968881332,0.02562230455898958,-72.33332061767578,17.664995193481445,0.8960901498794556,1.7059996128082275,-2.613964557647705,-0.004867272917181253,-2.1208128929138184,-0.7903041243553162,0.2758457362651825,-0.642169713973999,0.16141098737716675,-0.7867403626441956,-0.8688241243362427,15.503140449523926,5.948489665985107,3.5785200595855713,3.2812304496765137,2.588599681854248,2.2252485752105713,2.299499988555908,1.6994801759719849,1.9925158023834229,1.6141704320907593,1.8431434631347656,1.4194533824920654,1.3908989429473877
train:11_0024.wav,train,Northern,CaoBang,spk_11_0014,male,data/processed/audio_preprocessed_16s/train/Northern/11_0024.wav,16000,16.0,0.07805053629435216,0.617462158203125,0.06592603877358896,-11.088212013244629,3.7582345008850098,413.8200753232238,345.01353613371805,469.0102599583303,353.87093839725395,0.012421563096379463,-68.914306640625,18.245708465576172,1.6844037771224976,6.083765506744385,-1.9661341905593872,-1.6205974817276,-1.3344790935516357,-1.3768997192382812,-0.2232992947101593,-0.1440725475549698,0.28078576922416687,-0.5702039003372192,-1.1475896835327148,9.809948921203613,4.514395713806152,3.3239173889160156,3.5418245792388916,3.342871904373169,2.9913859367370605,1.659348964691162,2.041642189025879,1.3881973028182983,1.3628878593444824,1.0848151445388794,1.3085228204727173,1.1689406633377075
train:98_0151.wav,train,Northern,BacGiang,spk_98_0117,male,data/processed/audio_preprocessed_16s/train/Northern/98_0151.wav,16000,16.0,0.07629881435423644,0.402191162109375,0.06838307962140477,-9.778841972351074,3.3171944618225098,428.58400358105405,508.6323469711054,461.8896126806102,325.8969112335171,0.0127066520678165,-60.825931549072266,16.879179000854492,2.29080867767334,2.692594528198242,0.98722904920578,0.7824510931968689,-0.9382743239402771,0.16358250379562378,0.031935062259435654,-0.15744823217391968,0.32518813014030457,-0.6026647090911865,-0.639443576335907,7.961183547973633,4.034066200256348,2.511030912399292,2.9410815238952637,2.0097241401672363,2.3259572982788086,1.814734935760498,1.5414314270019531,1.88937246799469,1.2921345233917236,1.3565815687179565,1.2258076667785645,1.3829981088638306
train:30_0075.wav,train,Northern,HaNoi,spk_30_0045,female,data/processed/audio_preprocessed_16s/train/Northern/30_0075.wav,16000,16.0,0.07511573932753832,0.619476318359375,0.0922152039656405,-10.53531265258789,3.5667624473571777,621.495624524156,486.5103297119281,530.2979186992054,444.4504569148294,0.015290404458047014,-65.36124420166016,17.629173278808594,-0.1249767541885376,-0.23209692537784576,-0.6238213777542114,-1.028330683708191,-0.7220067381858826,0.049572065472602844,-0.12070851773023605,0.21218828856945038,-1.0028181076049805,-0.3059569001197815,0.3184571862220764,9.866511344909668,4.6380438804626465,3.641090154647827,3.6805906295776367,2.722111940383911,2.4602153301239014,2.003690242767334,1.6714317798614502,1.4772385358810425,1.451733946800232,1.533922553062439,1.381056547164917,1.284894585609436
train:20_0202.wav,train,Northern,ThaiNguyen,spk_20_0140,male,data/processed/audio_preprocessed_16s/train/Northern/20_0202.wav,16000,16.0,0.07373821503022625,0.62994384765625,0.13535990374962403,-12.168452262878418,5.49091911315918,924.2888335043134,1155.8701210900426,703.1856623815997,643.5362797665994,0.1781339428402605,-75.89933776855469,12.026293754577637,0.8800655603408813,-0.22272489964962006,-1.7483283281326294,-1.1319514513015747,-0.5746638774871826,0.21560734510421753,-0.47905659675598145,0.1518966108560562,-0.2826559245586395,-0.4776770770549774,-1.1346780061721802,30.867406845092773,8.087464332580566,3.0161197185516357,2.491124153137207,2.382087230682373,2.560441255569458,1.720076560974121,1.3800725936889648,1.182661771774292,1.0316728353500366,1.0596961975097656,1.1511311531066895,1.2368407249450684
test:14_0310.wav,test,Northern,QuangNinh,spk_14_0245,male,data/processed/audio_preprocessed_16s/test/Northern/14_0310.wav,16000,16.0,0.06806008825067027,0.663482666015625,0.06670338556009985,-13.492422103881836,6.456768035888672,472.64211998528435,340.39162535059626,339.84325656384266,307.80192541678736,0.2850211892075073,-84.43307495117188,10.518990516662598,-2.083155393600464,-3.0808804035186768,-3.5086822509765625,-2.2804110050201416,-2.1124730110168457,-1.7338734865188599,-0.9394480586051941,-0.7584720253944397,-0.341791570186615,-0.6095840334892273,-1.0170929431915283,38.08776092529297,6.967747688293457,2.252666711807251,2.614177942276001,2.584831476211548,2.043515920639038,1.7684886455535889,1.4589167833328247,1.6844052076339722,1.2855826616287231,1.0065510272979736,1.1420152187347412,1.3546487092971802
train:14_0001.wav,train,Northern,QuangNinh,spk_14_0001,male,data/processed/audio_preprocessed_16s/train/Northern/14_0001.wav,16000,16.0,0.06797378304157342,0.9068603515625,0.10866839323591108,-10.653461456298828,3.5349526405334473,776.9874870054239,821.1623956394743,506.885505576073,429.854387533255,0.025253236801804274,-66.39933013916016,17.09569549560547,1.9264419078826904,-0.9082748293876648,-3.2204766273498535,-0.34556496143341064,-0.18379512429237366,-2.4590511322021484,0.453969806432724,1.1673128604888916,0.6716017723083496,-0.11157018691301346,-2.1115665435791016,9.139167785644531,5.914694309234619,2.694493293762207,3.2757627964019775,2.4555466175079346,2.314985513687134,1.7016302347183228,1.9371464252471924,1.3665517568588257,1.5533158779144287,1.1735193729400635,1.3261516094207764,1.7491904497146606
train:23_0183.wav,train,Northern,HaGiang,spk_23_0176,male,data/processed/audio_preprocessed_16s/train/Northern/23_0183.wav,16000,16.0,0.08063062101963522,0.779815673828125,0.16319204371892077,-11.387284278869629,4.020768642425537,1187.6068479470773,1359.6508616597882,757.5748089638794,754.3413463089295,0.05994509709649641,-70.72891998291016,14.64346694946289,2.834714889526367,-1.012220859527588,-4.591559886932373,-3.1898210048675537,-0.6343006491661072,-2.9830005168914795,0.35058051347732544,-0.4705636203289032,-0.5016464591026306,-0.5296029448509216,-1.5586833953857422,14.91476058959961,8.574078559875488,4.1149773597717285,3.3737614154815674,2.272498607635498,2.498133897781372,1.9243642091751099,1.890885353088379,1.7020974159240723,1.5725152492523193,1.588691234588623,1.2928634881973267,1.8864374160766602
train:88_0036.wav,train,Northern,VinhPhuc,spk_88_0032,male,data/processed/audio_preprocessed_16s/train/Northern/88_0036.wav,16000,16.0,0.054346170502965176,0.989990234375,0.11011371138168509,-11.856781005859375,3.5742380619049072,781.6191660122213,722.3306167873394,581.7567520321238,488.4551495887481,0.025186407387338964,-73.77128601074219,17.559438705444336,-1.019394874572754,-0.7179415225982666,-2.479384422302246,-0.651996910572052,-1.2150124311447144,-0.725852906703949,-1.1721309423446655,-0.1536613255739212,-0.6143609881401062,-0.24432945251464844,-0.9462452530860901,9.164998054504395,5.954219818115234,3.7184321880340576,2.501392126083374,2.227637529373169,2.9076571464538574,2.044999599456787,1.5774683952331543,1.7287952899932861,1.3178459405899048,1.306943416595459,1.2326834201812744,1.3645765781402588
train:88_0007.wav,train,Northern,VinhPhuc,spk_88_0005,female,data/processed/audio_preprocessed_16s/train/Northern/88_0007.wav,16000,16.0,0.07827199388561833,0.423828125,0.077824522752042,-9.8567476272583,3.0418169498443604,466.71183801280176,302.90273184513666,516.5478632917985,338.24471857493535,0.015223076169424674,-61.24783706665039,15.853036880493164,2.253887176513672,0.224189892411232,-0.7786552309989929,-0.08299118280410767,-1.7570698261260986,-0.3347986042499542,-0.28273794054985046,0.9121748208999634,-0.4281368851661682,-0.2481398731470108,0.14356353878974915,5.856929302215576,3.3095991611480713,2.718048572540283,2.3481037616729736,2.6953201293945312,2.954045057296753,1.6448708772659302,1.5027801990509033,1.336914300918579,1.1256587505340576,1.3378105163574219,1.1640536785125732,1.0600318908691406
train:15_0152.wav,train,Northern,HaiPhong,spk_15_0113,female,data/processed/audio_preprocessed_16s/train/Northern/15_0152.wav,16000,16.0,0.08365320956638334,0.65716552734375,0.1440513439505623,-10.646949768066406,3.3382880687713623,1039.5890733085037,1187.2941640658469,710.1448196479979,540.3533023828038,0.0308094294040098,-65.78234100341797,12.607623100280762,0.32269948720932007,-2.3278632164001465,-3.4245188236236572,-2.1860148906707764,-2.5721538066864014,-1.0811406373977661,-1.8602112531661987,-1.8171980381011963,-0.7692648768424988,-0.6250324845314026,-0.4967205822467804,10.484538078308105,6.236560821533203,3.9346697330474854,3.6274194717407227,2.5548017024993896,2.470954418182373,2.1063408851623535,1.7772395610809326,1.7494275569915771,1.7934118509292603,1.608871579170227,1.5034555196762085,1.2567211389541626
train:24_0102.wav,train,Northern,LaoCai,spk_24_0094,male,data/processed/audio_preprocessed_16s/train/Northern/24_0102.wav,16000,16.0,0.07787602186904746,0.931365966796875,0.0708987144481033,-12.164323806762695,4.931865215301514,511.51027920845513,691.311050203127,402.8931872250702,545.634280745813,0.060784519883252904,-76.01087188720703,21.889015197753906,2.5051276683807373,1.007066249847412,-1.0842947959899902,-1.7420878410339355,-0.7424325346946716,-0.3336968719959259,-0.48433077335357666,-0.10532978177070618,-0.05356861650943756,-0.3302707374095917,-0.9846512675285339,19.291051864624023,8.284808158874512,3.7429826259613037,2.7246322631835938,1.8108035326004028,1.7128944396972656,1.5758709907531738,1.4015722274780273,1.4521572589874268,1.1963567733764648,1.191717505455017,1.0757304430007935,1.1729092597961426
train:17_0186.wav,train,Northern,ThaiBinh,spk_17_0168,male,data/processed/audio_preprocessed_16s/train/Northern/17_0186.wav,16000,16.0,0.07895788998820881,0.484954833984375,0.08006281274536228,-11.94786262512207,3.8456203937530518,569.1996063338029,414.34603006191674,397.20683973146066,387.11385269464853,0.011106859059212925,-74.11669158935547,17.85506248474121,0.549710750579834,-0.9388883709907532,-2.9620094299316406,-4.755704402923584,-2.3447582721710205,-0.9936007857322693,-0.9621579051017761,-0.09024316817522049,-0.5445922613143921,-1.491150975227356,-0.8664880394935608,11.957270622253418,4.504585266113281,3.144962787628174,3.1224796772003174,2.174044370651245,2.8777854442596436,2.232473611831665,1.905354619026184,1.7146567106246948,1.5799473524093628,1.3344436883926392,1.4311116933822632,1.3416551351547241
train:90_0042.wav,train,Northern,HaNam,spk_90_0035,female,data/processed/audio_preprocessed_16s/train/Northern/90_0042.wav,16000,16.0,0.08120053150387624,0.762298583984375,0.09218004757831086,-9.507796287536621,3.455158233642578,645.9790501185502,817.2406330113237,527.943737261576,522.9021233746146,0.01565271680736501,-59.210357666015625,18.634855270385742,2.884826421737671,-1.0741276741027832,-1.613020420074463,-1.3296605348587036,0.13130277395248413,-0.7662186622619629,-0.26330485939979553,-0.23973843455314636,-0.060592349618673325,-0.3963027894496918,-1.1310557126998901,6.419227123260498,4.700995922088623,2.876166820526123,2.5576846599578857,1.6837013959884644,1.9286009073257446,1.6988097429275513,1.5792800188064575,1.2900665998458862,1.252853512763977,1.1031219959259033,1.2343701124191284,1.1864147186279297
train:26_0176.wav,train,Northern,SonLa,spk_26_0146,male,data/processed/audio_preprocessed_16s/train/Northern/26_0176.wav,16000,16.0,0.07665064436076592,0.704559326171875,0.1110863714311384,-11.039751052856445,4.878138542175293,818.3426394092392,892.0559900154386,582.6791008627303,474.7152955782069,0.09949149040919145,-68.18282318115234,13.817938804626465,-1.5015199184417725,-1.676590919494629,-3.3038904666900635,0.10575587302446365,-3.44454026222229,0.83268803358078,-2.411031484603882,-0.21366246044635773,-0.9952222108840942,-0.5154937505722046,-2.101487398147583,24.14723777770996,6.520750999450684,4.878284931182861,3.3949379920959473,3.1192984580993652,2.358243227005005,2.1954128742218018,1.8397369384765625,1.9597694873809814,1.5377126932144165,1.4290835857391357,1.5554909706115723,2.3108510971069336
train:17_0025.wav,train,Northern,ThaiBinh,spk_17_0024,male,data/processed/audio_preprocessed_16s/train/Northern/17_0025.wav,16000,16.0,0.0771746553060764,0.68798828125,0.09008628939956796,-11.027478218078613,3.467947006225586,606.4862438196272,376.5790137057998,496.7762962448054,396.18109692903624,0.01835038841216053,-68.41617584228516,16.922622680664062,-1.4272767305374146,0.43519291281700134,-3.0009665489196777,-4.267597198486328,-1.7930306196212769,-2.3914425373077393,-1.906488299369812,-0.9513281583786011,-0.6737324595451355,-1.1437976360321045,-0.0030100427102297544,8.17934799194336,3.9323582649230957,2.714956521987915,2.187398910522461,2.2233729362487793,3.0656723976135254,1.7034772634506226,1.5019032955169678,1.3482915163040161,1.2802590131759644,1.2151166200637817,1.16478431224823,1.0726357698440552
train:20_0139.wav,train,Northern,ThaiNguyen,spk_20_0093,female,data/processed/audio_preprocessed_16s/train/Northern/20_0139.wav,16000,16.0,0.08144800834164122,0.5081787109375,0.08387142137273974,-9.386184692382812,3.0541672706604004,519.6174453910247,352.7915268609536,632.6038773908748,300.26233701945813,0.01157970761378753,-57.676292419433594,13.690067291259766,2.9916415214538574,4.517909526824951,-2.2808988094329834,-0.5865588784217834,-1.3870439529418945,0.8945072889328003,0.051942724734544754,-1.0639073848724365,-0.9654456973075867,-2.5280611515045166,-1.0548793077468872,7.176497936248779,2.680962324142456,4.6576433181762695,2.3198084831237793,2.0561208724975586,1.9989933967590332,1.4511361122131348,1.4852436780929565,1.1760475635528564,1.3133021593093872,1.318444013595581,1.2821152210235596,1.3128082752227783
train:22_0222.wav,train,Northern,TuyenQuang,spk_22_0155,female,data/processed/audio_preprocessed_16s/train/Northern/22_0222.wav,16000,16.0,0.08384886764603046,0.945709228515625,0.12306688698002727,-10.420429229736328,3.1951286792755127,791.745307712635,450.35221348561686,681.3589463168557,493.9308864365224,0.02540397323091629,-64.38542175292969,15.035760879516602,-1.636212944984436,-2.552391529083252,-3.6557343006134033,-1.3733117580413818,-3.3135714530944824,-0.8200186491012573,-1.2591822147369385,-2.212975025177002,-0.42777273058891296,-2.4227659702301025,0.4414995014667511,7.272239685058594,3.7444286346435547,3.473231077194214,2.4465267658233643,2.0530002117156982,2.268808603286743,1.582270622253418,1.4168556928634644,1.1977791786193848,1.2498866319656372,1.14215087890625,1.3450127840042114,0.8982008099555969
train:21_0205.wav,train,Northern,YenBai,spk_21_0137,male,data/processed/audio_preprocessed_16s/train/Northern/21_0205.wav,16000,16.0,0.07841461628417148,0.711181640625,0.06205883616732878,-10.938263893127441,4.11376428604126,409.00979351737016,249.7969354744685,376.35211681442036,207.94635687989586,0.0032200399387210302,-68.21810913085938,20.869739532470703,-0.19341355562210083,2.785494327545166,-2.3328845500946045,-1.5632133483886719,1.3373440504074097,1.3649542331695557,-1.7927663326263428,0.9882872700691223,0.739657998085022,0.30390357971191406,0.4257464110851288,11.18252182006836,3.407449245452881,3.9349043369293213,3.0414516925811768,2.0752956867218018,3.2053472995758057,1.5729987621307373,1.6657849550247192,1.6702255010604858,1.3696147203445435,1.3227485418319702,1.3061339855194092,1.2448866367340088
valid:30_0279.wav,valid,Northern,HaNoi,spk_30_0173,male,data/processed/audio_preprocessed_16s/valid/Northern/30_0279.wav,16000,16.0,0.05847328536882239,0.662567138671875,0.05865647912687159,-15.79874038696289,7.117365837097168,423.4427215371441,451.69705567494583,272.58693499266036,328.95344089531244,0.47478666108006407,-99.26448059082031,8.406911849975586,-2.6731841564178467,-1.0785514116287231,-1.8772472143173218,-0.7950180768966675,-1.1317647695541382,0.08949513733386993,-0.290343314409256,-0.04022051393985748,-0.41107621788978577,-0.48534563183784485,-0.6335911750793457,43.37015151977539,8.136428833007812,3.459503412246704,1.9546234607696533,2.2623960971832275,2.225982904434204,1.6366877555847168,0.9706132411956787,0.9018517136573792,0.8454232215881348,0.8671049475669861,1.0968941450119019,0.9107560515403748
train:89_0224.wav,train,Northern,HungYen,spk_89_0172,male,data/processed/audio_preprocessed_16s/train/Northern/89_0224.wav,16000,16.0,0.05388741047209945,0.406036376953125,0.04336735690373791,-17.701086044311523,6.479550838470459,315.91071887046104,487.12389277117654,289.55348167902054,429.50767314015974,0.5512312796387466,-111.16107940673828,6.142249584197998,0.22175408899784088,-0.620327889919281,-1.7581984996795654,-0.20824633538722992,-0.5815759897232056,0.06482657045125961,-0.9227563738822937,-0.23116889595985413,-0.5179993510246277,-0.4078333377838135,-0.3854745030403137,39.835208892822266,7.5372314453125,2.9951469898223877,2.7046260833740234,2.9611849784851074,1.8246818780899048,2.067474842071533,1.262207269668579,1.9938730001449585,1.22081458568573,1.3355059623718262,1.292233943939209,1.2574834823608398
test:35_0245.wav,test,Northern,NinhBinh,spk_35_0229,male,data/processed/audio_preprocessed_16s/test/Northern/35_0245.wav,16000,16.0,0.07517203879405132,0.39886474609375,0.15441075941702898,-9.175483703613281,2.6817617416381836,989.6974156962318,799.9315950898754,935.4374419912511,497.70808148875227,0.06097270466753832,-57.0286865234375,12.225030899047852,-0.3313446044921875,1.7267749309539795,-1.5099149942398071,0.9274943470954895,-0.24339517951011658,0.7425463199615479,-1.007152795791626,0.6594758033752441,-0.3303923010826111,-0.5928112864494324,0.5250937938690186,6.7741379737854,5.0635504722595215,3.0846590995788574,2.547607898712158,1.6455867290496826,1.857325553894043,1.5760319232940674,1.534582257270813,1.3959623575210571,1.1169755458831787,1.178337574005127,1.1486587524414062,1.3567309379577637
train:98_0166.wav,train,Northern,BacGiang,spk_98_0129,male,data/processed/audio_preprocessed_16s/train/Northern/98_0166.wav,16000,16.0,0.08078834177530977,0.67181396484375,0.12108250422853215,-10.32658576965332,3.488041400909424,795.9949318162867,754.7852580365088,640.0909425325257,468.2497216089106,0.036615092624243055,-64.15535736083984,15.07072925567627,1.0317015647888184,1.8247867822647095,-0.7684226632118225,-3.6446006298065186,-2.5193722248077393,0.04963866248726845,-0.6309011578559875,-0.052441682666540146,-0.3754188120365143,-0.4666081666946411,-1.1700100898742676,11.120577812194824,5.986250400543213,3.6674273014068604,3.1605050563812256,1.86295485496521,2.4356255531311035,1.7546354532241821,1.573372483253479,1.6771284341812134,1.3667314052581787,1.183075189590454,1.3398690223693848,1.1786338090896606
valid:99_0236.wav,valid,Northern,BacNinh,spk_99_0162,male,data/processed/audio_preprocessed_16s/valid/Northern/99_0236.wav,16000,16.0,0.04898955163137268,0.990020751953125,0.10300040234532166,-11.770204544067383,3.772167444229126,641.7154548188871,464.1877872258302,660.9424613578345,373.47616176730367,0.02058418111970029,-73.51800537109375,17.721479415893555,-2.4708914756774902,3.4726145267486572,-2.6714093685150146,-0.23327988386154175,0.4470820724964142,-1.7377700805664062,0.011859654448926449,0.9803341627120972,-0.20189376175403595,-0.05921059101819992,-0.5094313025474548,11.514936447143555,5.33423376083374,3.1618175506591797,2.3132033348083496,2.1756298542022705,2.4854843616485596,1.6010644435882568,2.049013137817383,1.5189286470413208,1.269858956336975,1.3327157497406006,1.1777210235595703,1.3632034063339233
test:90_0251.wav,test,Northern,HaNam,spk_90_0202,female,data/processed/audio_preprocessed_16s/test/Northern/90_0251.wav,16000,16.0,0.07510705656315501,0.79241943359375,0.06916042640791566,-10.559595108032227,3.540226459503174,473.282986176272,203.30301890173908,370.3580397604042,288.4600899621911,0.008848473861779565,-65.65770721435547,19.78054428100586,0.25870242714881897,-0.21634268760681152,-2.08685040473938,-1.3991183042526245,-0.6887125968933105,-0.6616780161857605,-1.6503026485443115,0.4240526556968689,-0.07602615654468536,-0.5515027046203613,-0.10172557830810547,6.3256916999816895,3.487410306930542,2.767117738723755,2.3295071125030518,1.6942328214645386,2.176731824874878,1.393877387046814,1.5499943494796753,1.3174819946289062,1.1727168560028076,1.4491268396377563,1.49001145362854,0.922874391078949
train:27_0208.wav,train,Northern,DienBien,spk_27_0140,male,data/processed/audio_preprocessed_16s/train/Northern/27_0208.wav,16000,16.0,0.05738077948388772,0.990020751953125,0.0876409673475287,-12.182341575622559,5.640737533569336,613.4198152427592,482.84793722541934,485.6416039509268,365.77861559557357,0.17304067890208275,-76.1756820678711,14.815574645996094,-2.3760225772857666,1.77812659740448,-2.3524394035339355,-1.3743394613265991,-0.5534995198249817,-0.8019532561302185,-0.6172703504562378,-0.13381429016590118,-0.36105358600616455,-0.08178955316543579,0.03690896928310394,30.67176628112793,7.848202705383301,3.187155246734619,2.302593946456909,2.136718511581421,1.8572314977645874,1.4650318622589111,1.3699508905410767,1.3968894481658936,1.0526139736175537,1.108185052871704,1.0952386856079102,1.0515391826629639
train:89_0230.wav,train,Northern,HungYen,spk_89_0176,male,data/processed/audio_preprocessed_16s/train/Northern/89_0230.wav,16000,16.0,0.08490964704415203,0.631317138671875,0.17297723819233668,-10.601736068725586,3.6397616863250732,1092.6959622198835,1042.4695474751957,1324.172993711734,1025.9860820804424,0.033439464611625225,-66.15304565429688,12.76960563659668,8.034354209899902,-1.1365846395492554,1.013291597366333,-2.1633269786834717,0.8432160019874573,-0.05572612211108208,-1.238964557647705,1.2303105592727661,-1.2533706426620483,0.8620589971542358,-1.0122345685958862,12.730058670043945,5.9302167892456055,4.799075603485107,3.8041787147521973,3.678835391998291,3.1550395488739014,1.8310879468917847,1.6579028367996216,1.8571146726608276,1.309991717338562,1.2850209474563599,1.2934017181396484,1.4381651878356934
test:35_0257.wav,test,Northern,NinhBinh,spk_35_0240,male,data/processed/audio_preprocessed_16s/test/Northern/35_0257.wav,16000,16.0,0.07578659621987678,0.3624267578125,0.06828151672467471,-10.374128341674805,3.6885290145874023,416.891241349022,468.43121231621467,511.35942907636644,430.4902181178679,0.012677334032315371,-64.53413391113281,17.446914672851562,2.088069200515747,1.4738852977752686,1.5908554792404175,1.2724061012268066,-0.08949282020330429,1.137422800064087,-0.33765357732772827,0.6629430055618286,0.5580885410308838,-1.3493294715881348,0.3721378743648529,11.176657676696777,5.250389575958252,3.123171091079712,2.9528772830963135,2.612436294555664,2.820685386657715,2.021620035171509,2.036943197250366,1.4448225498199463,1.3869808912277222,1.2273725271224976,1.4729095697402954,1.1308269500732422
valid:89_0242.wav,valid,Northern,HungYen,spk_89_0184,male,data/processed/audio_preprocessed_16s/valid/Northern/89_0242.wav,16000,16.0,0.0691322681253664,0.815399169921875,0.049281442505634786,-14.085872650146484,6.223650932312012,335.8882928200019,323.46055969298504,296.0958992217454,329.97550716827084,0.25899825396777015,-88.34321594238281,16.023639678955078,0.8943278789520264,1.6223645210266113,-1.173335313796997,-0.30721840262413025,-0.7861942648887634,0.17841152846813202,0.19309034943580627,-0.0705365464091301,0.6204870939254761,-0.3067300021648407,-0.7924944162368774,34.0111198425293,10.301182746887207,2.8016998767852783,2.479722738265991,1.9309443235397339,1.8878254890441895,1.8288564682006836,1.1769218444824219,1.494763731956482,1.1298969984054565,1.1975046396255493,0.9107768535614014,1.3144795894622803
valid:24_0260.wav,valid,Northern,LaoCai,spk_24_0244,male,data/processed/audio_preprocessed_16s/valid/Northern/24_0260.wav,16000,16.0,0.051023304481103246,0.72735595703125,0.03470326055961156,-18.139816284179688,6.369011402130127,247.73215307513271,497.0175666583379,212.6632663172348,372.408530140483,0.5993704301129036,-114.24652099609375,7.212183475494385,0.5368459224700928,1.2266260385513306,-0.22493208944797516,-1.518825650215149,-0.9398666024208069,-0.18035666644573212,0.19105473160743713,-0.0977138876914978,-0.188837468624115,0.08025457710027695,-0.5418789982795715,38.509796142578125,9.339874267578125,2.162017822265625,2.4214978218078613,1.2703996896743774,2.611647844314575,1.6911914348602295,1.0617740154266357,1.193976640701294,0.8426520228385925,0.8908975124359131,0.8862029910087585,1.1181118488311768
train:30_0135.wav,train,Northern,HaNoi,spk_30_0085,female,data/processed/audio_preprocessed_16s/train/Northern/30_0135.wav,16000,16.0,0.02675306128180849,0.559906005859375,0.011015668029953242,-21.512117385864258,4.352952480316162,71.7929970556386,216.00498898662076,72.77253008136044,228.4224601499397,0.8894804058336098,-135.90248107910156,1.493332028388977,-0.09432107210159302,-0.008189595304429531,-0.30993205308914185,-0.3475530743598938,-0.29494237899780273,-0.2039513736963272,-0.21874770522117615,-0.20770668983459473,-0.14460967481136322,-0.09202840179204941,-0.10984642058610916,27.357892990112305,4.283108711242676,0.9425095319747925,0.8343479633331299,1.032972812652588,1.3901563882827759,0.944610595703125,0.7727762460708618,0.7478862404823303,0.8196874856948853,0.6217100024223328,0.41953349113464355,0.4488348364830017
train:15_0170.wav,train,Northern,HaiPhong,spk_15_0130,male,data/processed/audio_preprocessed_16s/train/Northern/15_0170.wav,16000,16.0,0.08015137255246252,0.89703369140625,0.07854718182492901,-10.76504135131836,3.4559738636016846,523.6981796575544,401.0954834004633,470.4100632883563,394.8853213556264,0.01743192256979527,-67.0146713256836,17.10422706604004,2.837080240249634,-0.20381242036819458,-2.966987371444702,-2.2333216667175293,-1.9230304956436157,-1.0903987884521484,-1.2593014240264893,-0.7539525032043457,-1.3434629440307617,-0.11781106144189835,-0.8546963334083557,8.955143928527832,4.307397842407227,2.748568058013916,2.413114309310913,2.2053914070129395,1.5903226137161255,1.701961874961853,1.3843868970870972,1.4032087326049805,1.3156805038452148,1.2026711702346802,1.4718455076217651,1.0952987670898438
train:90_0024.wav,train,Northern,HaNam,spk_90_0018,female,data/processed/audio_preprocessed_16s/train/Northern/90_0024.wav,16000,16.0,0.07900556299408382,0.457794189453125,0.1001136723190325,-11.080251693725586,3.683246612548828,722.8751954115241,789.0167663368164,543.8363907609589,504.6679250373086,0.019295201834473873,-68.2291259765625,16.059410095214844,-0.005646408069878817,-0.8040534257888794,-4.3033037185668945,-3.6456716060638428,-1.2855480909347534,0.43999460339546204,-3.284176826477051,-0.052257977426052094,-0.6519735455513,-1.3406805992126465,0.33000293374061584,10.7926025390625,5.3925957679748535,4.433230876922607,3.211151599884033,2.9666905403137207,2.7824196815490723,1.9326283931732178,2.1742632389068604,2.0629913806915283,1.5057859420776367,1.7570240497589111,1.7307742834091187,1.4792371988296509
train:88_0057.wav,train,Northern,VinhPhuc,spk_88_0052,male,data/processed/audio_preprocessed_16s/train/Northern/88_0057.wav,16000,16.0,0.0821665493863223,0.221343994140625,0.05843382200711721,-9.843303680419922,3.6248347759246826,389.0198321166666,469.4364965841444,406.2592207666688,406.238143087481,0.01033680144303583,-61.42788314819336,19.31822395324707,2.6295769214630127,1.6036040782928467,-0.060698650777339935,-0.5271341800689697,0.11888561397790909,0.28078189492225647,-0.1597767025232315,0.6684302091598511,0.6943877935409546,-0.09896863251924515,0.13011586666107178,8.099252700805664,4.465203762054443,2.4996421337127686,2.109553337097168,1.5465147495269775,2.660473585128784,1.5843716859817505,1.811681866645813,1.4433507919311523,1.1960089206695557,1.1345791816711426,1.1401047706604004,1.3001716136932373
train:17_0214.wav,train,Northern,ThaiBinh,spk_17_0194,female,data/processed/audio_preprocessed_16s/train/Northern/17_0214.wav,16000,16.0,0.07610405821010154,0.681671142578125,0.15293028488392532,-10.9114351272583,4.66316032409668,1109.6013245821305,721.1005788699165,801.0596142886568,511.7804506344121,0.13886693260110716,-67.5985336303711,6.729523181915283,-5.606362342834473,-3.046692371368408,-5.407293796539307,-0.13015414774417877,-1.0556906461715698,-0.9727612733840942,-1.3582463264465332,-0.5185362696647644,-0.7947392463684082,-1.2546578645706177,-0.39267754554748535,25.96462059020996,4.125303268432617,3.3551833629608154,2.9491326808929443,2.8176300525665283,2.0439419746398926,1.6856286525726318,1.6225831508636475,1.3873566389083862,1.2519766092300415,1.449065923690796,1.5651698112487793,1.1913107633590698
train:24_0153.wav,train,Northern,LaoCai,spk_24_0142,male,data/processed/audio_preprocessed_16s/train/Northern/24_0153.wav,16000,16.0,0.07893228024458646,0.607269287109375,0.13894976152250596,-11.955498695373535,3.8007009029388428,926.6585596281085,890.7257422099573,713.1843716800963,622.174866470062,0.038339603054476465,-74.2007827758789,14.4446439743042,0.6525675058364868,0.15996357798576355,-3.2597599029541016,-2.134653329849243,-4.306290626525879,-0.5544857978820801,-0.5073805451393127,-1.4824105501174927,-0.1914197951555252,-0.7836079001426697,-0.6844218969345093,14.526007652282715,6.1438188552856445,3.6417582035064697,3.560101270675659,2.3657639026641846,2.9823625087738037,2.7367308139801025,1.7322585582733154,1.7504892349243164,1.7803698778152466,1.3333547115325928,1.4542291164398193,1.3433293104171753
train:26_0124.wav,train,Northern,SonLa,spk_26_0103,male,data/processed/audio_preprocessed_16s/train/Northern/26_0124.wav,16000,16.0,0.07169207267888894,0.601531982421875,0.09539099762108445,-12.25636100769043,6.025537490844727,664.5809560933781,441.7863835395034,519.5014136321839,387.9279047182649,0.21624159973782606,-76.52534484863281,11.764127731323242,-3.189694881439209,-0.7185588479042053,-2.642289161682129,-0.6655113697052002,-1.0548484325408936,-0.5187268853187561,0.19134920835494995,-0.20226112008094788,-0.5239282846450806,-0.10029871016740799,-0.8709021806716919,35.035343170166016,6.692593574523926,3.0368995666503906,2.0879874229431152,2.1306958198547363,1.5748133659362793,1.6326136589050293,1.3352482318878174,1.2763497829437256,1.087591528892517,1.0519956350326538,1.0745245218276978,1.4802727699279785
train:17_0083.wav,train,Northern,ThaiBinh,spk_17_0076,male,data/processed/audio_preprocessed_16s/train/Northern/17_0083.wav,16000,16.0,0.0788892767491013,0.989990234375,0.10608635189981211,-10.632161140441895,3.5353260040283203,732.8446705338243,798.4974971122994,664.9960400089528,520.1521567837237,0.028732891751161952,-66.36978912353516,16.569944381713867,1.7601670026779175,-0.13640975952148438,-1.6463032960891724,-2.632611036300659,0.558337926864624,-0.7087905406951904,-0.7363596558570862,0.8145112991333008,-0.9686407446861267,-0.12894144654273987,-0.04059602692723274,11.137452125549316,5.207180976867676,3.4401073455810547,2.4057955741882324,1.8141998052597046,2.652923345565796,1.5509276390075684,1.829985499382019,1.5179510116577148,1.2915359735488892,1.3504427671432495,1.175706148147583,0.9751070141792297
train:28_0107.wav,train,Northern,HoaBinh,spk_28_0070,male,data/processed/audio_preprocessed_16s/train/Northern/28_0107.wav,16000,16.0,0.07480892593517671,0.577117919921875,0.056765846741588834,-13.754181861877441,5.6877031326293945,411.8798035732356,499.23782663145454,311.20415923326277,395.619184442622,0.12992570460080782,-86.05746459960938,19.901166915893555,3.256641149520874,0.4200960099697113,-3.3584556579589844,-0.11436446011066437,-0.16712817549705505,-0.7076904773712158,1.7311882972717285,-0.9298494458198547,0.06297019124031067,0.1015343889594078,-1.3436734676361084,26.7247314453125,9.710443496704102,3.9246137142181396,2.505476236343384,3.2842233180999756,2.725586414337158,1.9000446796417236,2.0372936725616455,2.0132153034210205,1.7746150493621826,1.3671613931655884,1.5603690147399902,1.5729806423187256
train:81_0105.wav,train,Central,GiaLai,spk_81_0089,male,data/processed/audio_preprocessed_16s/train/Central/81_0105.wav,16000,16.0,0.08039424372359587,0.3221435546875,0.049738475540920084,-10.896222114562988,4.02216100692749,332.9103206529371,317.38441595753443,298.1941934209701,256.93348443410144,0.0043583248124110015,-67.93309783935547,21.918315887451172,2.556267738342285,2.9749484062194824,-1.648361325263977,-0.004830934572964907,-1.8120867013931274,0.14973372220993042,1.342238426208496,0.2036532461643219,1.3107430934906006,0.42147737741470337,-0.22932396829128265,8.487198829650879,4.137390613555908,2.3752377033233643,2.159446954727173,2.2405812740325928,1.8548303842544556,1.9683289527893066,1.7412943840026855,1.5878875255584717,1.596161127090454,1.1284890174865723,1.1285969018936157,1.055587887763977
train:43_0272.wav,train,Central,DaNang,spk_43_0202,male,data/processed/audio_preprocessed_16s/train/Central/43_0272.wav,16000,16.0,0.061382409625832655,0.599212646484375,0.040937659912734035,-16.8617000579834,6.250577449798584,258.28298256580297,289.0681651770562,263.2492095856589,329.57767700875195,0.41732157091767785,-105.98069763183594,12.22409439086914,0.284765362739563,2.6141600608825684,-0.23723620176315308,-0.33315548300743103,-1.5521916151046753,-0.13653036952018738,-0.7500717043876648,0.1729045808315277,-0.3421769142150879,-0.489712655544281,-0.3758983910083771,35.58333969116211,11.022802352905273,3.592559576034546,3.192553758621216,2.203122615814209,1.6432102918624878,2.3497097492218018,1.0871703624725342,1.9876041412353516,1.1152287721633911,1.063319444656372,1.2410497665405273,1.0205117464065552
train:38_0182.wav,train,Central,HaTinh,spk_38_0137,male,data/processed/audio_preprocessed_16s/train/Central/38_0182.wav,16000,16.0,0.0782066521193399,0.594879150390625,0.08286751120121563,-11.955804824829102,4.34895133972168,603.7980272548821,825.8330696543227,452.51378582172083,405.14188799850825,0.016376163123181357,-74.02342987060547,18.67462158203125,0.0007482232758775353,-0.07010327279567719,-2.1100077629089355,-1.676073431968689,-2.9269320964813232,-1.4404281377792358,-2.01493501663208,-0.6108404397964478,-1.6926147937774658,-0.867490291595459,-0.9836567640304565,15.656291961669922,6.9448041915893555,4.2591986656188965,3.5799684524536133,3.1408331394195557,2.661059856414795,2.1634342670440674,2.2890589237213135,2.291654348373413,1.6123796701431274,1.983273983001709,1.8026342391967773,1.3126002550125122
train:75_0184.wav,train,Central,ThuaThienHue,spk_75_0106,male,data/processed/audio_preprocessed_16s/train/Central/75_0184.wav,16000,16.0,0.07212679460598592,0.989990234375,0.06522681729225505,-12.291678428649902,5.2389044761657715,463.6442319066424,325.7127023293214,376.29127114567393,273.1212813765571,0.0926192459480705,-76.7261734008789,20.185508728027344,-0.9929980039596558,2.6491031646728516,-1.2793173789978027,-1.9951096773147583,0.1410602480173111,-0.4403339922428131,-0.7954509854316711,-0.8452536463737488,-0.4577956199645996,0.2506113350391388,-1.301112413406372,23.5958251953125,7.929810047149658,3.094979763031006,3.940068244934082,2.105975866317749,2.263366937637329,1.726915955543518,1.4225637912750244,1.437301516532898,1.3144216537475586,1.3136383295059204,1.4871052503585815,1.553765892982483
train:49_0031.wav,train,Central,LamDong,spk_49_0017,male,data/processed/audio_preprocessed_16s/train/Central/49_0031.wav,16000,16.0,0.07685595486355812,0.552886962890625,0.07622295399591404,-11.013747215270996,3.7449140548706055,497.03475219303607,634.4112679356863,513.5058250233659,480.84063669673264,0.02127492675012032,-68.17192077636719,17.119413375854492,3.436365842819214,2.348698377609253,-0.7905374765396118,-1.3978952169418335,0.48903799057006836,0.28027430176734924,-1.1278032064437866,-0.22161521017551422,-1.7331103086471558,-0.979788601398468,-2.268599033355713,11.57496452331543,5.54585075378418,3.3173186779022217,3.3427979946136475,1.9223288297653198,2.5329091548919678,2.350905179977417,1.7072172164916992,2.124222993850708,1.826478362083435,1.788604974746704,1.631759762763977,1.9803354740142822
train:75_0010.wav,train,Central,ThuaThienHue,spk_75_0003,male,data/processed/audio_preprocessed_16s/train/Central/75_0010.wav,16000,16.0,0.025866004242250922,0.40399169921875,0.00926566119398904,-21.722618103027344,4.029231548309326,77.67488277092428,240.68394352418213,45.39347851092746,142.3382668139597,0.8944436585328415,-137.21685791015625,2.048096179962158,-0.7043070793151855,-0.012372494675219059,-0.1822354942560196,-0.22057485580444336,0.10436853021383286,-0.08357550948858261,0.10737379640340805,-0.0636182501912117,-0.06911652535200119,-0.1865699291229248,-0.14552855491638184,24.829294204711914,6.054399490356445,2.6810083389282227,1.0218032598495483,0.7304068803787231,1.0989841222763062,0.7366870641708374,0.6641457676887512,0.6689804792404175,0.5664489269256592,0.5858693718910217,0.7939637303352356,0.5676760673522949
test:37_0301.wav,test,Central,NgheAn,spk_37_0224,female,data/processed/audio_preprocessed_16s/test/Central/37_0301.wav,16000,16.0,0.07400253854098644,0.673065185546875,0.09242223602435946,-11.943995475769043,5.507442951202393,712.7331596912331,553.882867344965,548.1469783711719,409.02430558690344,0.1599836587443841,-74.09392547607422,12.422635078430176,-3.4552814960479736,0.4737086892127991,-4.726409912109375,0.07683305442333221,-1.5876883268356323,-0.34553495049476624,-1.046311855316162,-0.8540395498275757,-0.9019185900688171,-1.8341127634048462,-0.3316020965576172,30.46600341796875,6.4269328117370605,3.7413573265075684,3.0086073875427246,3.430598020553589,2.289372682571411,2.2287745475769043,1.784653902053833,1.5388623476028442,1.315816879272461,1.5981091260910034,1.6210225820541382,1.184314250946045
valid:75_0254.wav,valid,Central,ThuaThienHue,spk_75_0151,female,data/processed/audio_preprocessed_16s/valid/Central/75_0254.wav,16000,16.0,0.080346720224059,0.770660400390625,0.1031879030777464,-10.1094331741333,3.3530850410461426,771.7653958320197,306.0340056802778,565.6362266914388,342.0857060163028,0.020073557227636266,-62.44034194946289,12.221595764160156,-5.507938861846924,-2.953113317489624,-7.071695804595947,-2.993325710296631,-3.123871326446533,-2.313261032104492,-1.9383201599121094,-1.4704116582870483,-1.2887934446334839,-1.349806308746338,-0.34811845421791077,8.807842254638672,3.85353422164917,3.1299197673797607,2.500323534011841,2.385746479034424,1.8978914022445679,1.847976565361023,1.6277384757995605,1.5410937070846558,1.4929602146148682,1.4678428173065186,1.415831208229065,1.1940183639526367
train:79_0144.wav,train,Central,KhanhHoa,spk_79_0090,female,data/processed/audio_preprocessed_16s/train/Central/79_0144.wav,16000,16.0,0.07800629390363276,0.537872314453125,0.09706678541713054,-9.34324836730957,3.11999773979187,682.7602624302529,150.95676388689924,430.76188381770663,150.4561352601033,0.010446359402114247,-57.944271087646484,17.219125747680664,-1.4402474164962769,-3.1630051136016846,-2.715587854385376,0.4468625485897064,-0.6309419870376587,-0.21367041766643524,-0.5062757134437561,0.7791262269020081,-0.8293956518173218,-1.2973045110702515,-0.05831703543663025,4.5686516761779785,2.15336537361145,2.054119825363159,2.0852246284484863,1.736914873123169,2.1931116580963135,1.6934537887573242,1.2850431203842163,1.2002222537994385,1.15792715549469,1.2429172992706299,1.1019214391708374,1.029490351676941
valid:49_0265.wav,valid,Central,LamDong,spk_49_0155,male,data/processed/audio_preprocessed_16s/valid/Central/49_0265.wav,16000,16.0,0.08156536794266933,0.64788818359375,0.08959409997695303,-10.036284446716309,3.5151801109313965,568.2432207277647,412.38961667456965,595.840534000876,498.6362836095137,0.025304103350641892,-62.49953079223633,17.219497680664062,2.8370158672332764,2.838334560394287,-2.38269305229187,-2.015197992324829,-0.16510647535324097,0.18953679502010345,-0.8836876153945923,0.979655921459198,-0.39952680468559265,0.14330002665519714,-1.0187705755233765,8.557308197021484,5.32986307144165,3.2020251750946045,3.08790922164917,2.5420849323272705,2.2111055850982666,1.7147107124328613,1.6352012157440186,1.70590341091156,1.4534080028533936,1.3069039583206177,1.370432734489441,1.560590147972107
train:85_0028.wav,train,Central,NinhThuan,spk_85_0021,male,data/processed/audio_preprocessed_16s/train/Central/85_0028.wav,16000,16.0,0.08007912834459507,0.89593505859375,0.07652764268610424,-9.278739929199219,3.153589963912964,452.86877644285937,221.70217546305955,552.7417253182438,283.09261712456316,0.016401655611400816,-57.91030502319336,16.94602394104004,0.6211785078048706,3.272796869277954,-1.1624294519424438,0.5250385999679565,-0.3176581859588623,-0.3325578570365906,0.19769136607646942,0.3872774839401245,-1.0222772359848022,0.19455234706401825,-0.14861026406288147,6.42639684677124,3.1469039916992188,1.9617722034454346,2.6029772758483887,2.1465566158294678,1.634623646736145,1.703926682472229,1.5125551223754883,1.341273307800293,1.1035834550857544,1.0432721376419067,1.0603220462799072,0.9220531582832336
valid:75_0257.wav,valid,Central,ThuaThienHue,spk_75_0153,female,data/processed/audio_preprocessed_16s/valid/Central/75_0257.wav,16000,16.0,0.07678300031795579,0.5609130859375,0.1196098422259462,-10.110578536987305,4.691534042358398,895.8342701594039,439.312844604553,631.9960845840499,283.59324408684495,0.09467182968550997,-62.46691131591797,11.30424976348877,-4.875784397125244,-1.0667390823364258,-2.522000551223755,-0.30843594670295715,-0.5054649114608765,-1.2752864360809326,0.682796061038971,-1.2031829357147217,-0.8779181838035583,-0.4968029260635376,-0.29333096742630005,25.33654022216797,4.805704593658447,3.729736089706421,2.2583515644073486,2.0870752334594727,1.8708971738815308,1.6347322463989258,1.6634124517440796,1.532582402229309,1.5005112886428833,1.5402085781097412,1.1708791255950928,1.2549197673797607
train:85_0131.wav,train,Central,NinhThuan,spk_85_0087,female,data/processed/audio_preprocessed_16s/train/Central/85_0131.wav,16000,16.0,0.0721108706621982,0.289093017578125,0.08993785131973171,-11.665759086608887,5.956770420074463,626.1617823013005,418.32953958440095,523.0307488057255,407.70771309709687,0.20213546165807275,-72.52986907958984,10.2483549118042,-2.167695999145508,-0.40665337443351746,-2.851313829421997,-1.6940207481384277,-1.0526989698410034,-1.2975969314575195,-0.9530584216117859,-1.1249793767929077,-0.6530094742774963,-0.5042794942855835,-0.19664506614208221,35.169532775878906,5.440021991729736,3.2715816497802734,2.431283712387085,2.2295982837677,2.0697972774505615,1.8020926713943481,1.509816288948059,1.4728516340255737,1.3698983192443848,1.2298569679260254,1.2386468648910522,1.2390282154083252
valid:85_0271.wav,valid,Central,NinhThuan,spk_85_0197,male,data/processed/audio_preprocessed_16s/valid/Central/85_0271.wav,16000,16.0,0.07739352326037419,0.34893798828125,0.086781588990582,-11.336140632629395,3.9475884437561035,643.375483968768,261.3307345767049,480.81037219277977,308.48749307719754,0.012962920122810844,-70.02857971191406,16.705638885498047,-2.4838554859161377,-2.980156898498535,-3.7596218585968018,-2.08237624168396,-3.8156468868255615,-1.1732653379440308,-1.5237516164779663,-0.5960041880607605,-1.2117631435394287,-0.5384098291397095,-1.7606968879699707,13.49199104309082,3.700133800506592,4.02086877822876,3.85658860206604,2.5943450927734375,2.3983359336853027,2.541905403137207,1.7778527736663818,1.86637282371521,1.7249596118927002,1.340490460395813,1.7258116006851196,1.6116101741790771
train:79_0020.wav,train,Central,KhanhHoa,spk_79_0013,male,data/processed/audio_preprocessed_16s/train/Central/79_0020.wav,16000,16.0,0.07191207971572935,0.989990234375,0.131023949312302,-9.463557243347168,2.782904624938965,847.6797819364642,539.9368757242592,894.8382328359545,389.0332151931995,0.04278242814275027,-58.84282684326172,11.958189010620117,0.2736716866493225,1.2635138034820557,-2.033149003982544,-0.7558444738388062,-1.3945860862731934,0.7361796498298645,0.23145794868469238,-1.2051788568496704,0.4184160828590393,-0.8113700151443481,-0.43618330359458923,8.977415084838867,3.466487407684326,2.8308937549591064,2.704770565032959,2.22248911857605,2.427165985107422,1.7959672212600708,1.8313547372817993,1.3288471698760986,1.3662434816360474,1.3299784660339355,1.3440004587173462,1.2000941038131714
valid:47_0265.wav,valid,Central,DakLak,spk_47_0188,male,data/processed/audio_preprocessed_16s/valid/Central/47_0265.wav,16000,16.0,0.06256162403001088,0.718414306640625,0.08571127230965746,-11.578022003173828,4.04640531539917,653.9060673533891,526.1221123909555,569.3254429229455,426.38215892284273,0.02184481812732238,-72.05664825439453,17.09815788269043,1.2996734380722046,1.578749179840088,-4.188041687011719,-2.4827568531036377,0.5909709334373474,-1.3346986770629883,0.0021690442226827145,-0.6439371109008789,0.1330442577600479,-0.8026612401008606,-0.4451944828033447,14.759774208068848,5.298285961151123,3.9308555126190186,3.462531566619873,2.651494264602661,2.8265697956085205,2.2035999298095703,1.7593928575515747,1.9010429382324219,1.29954993724823,1.6664823293685913,1.2632637023925781,1.5226982831954956
train:85_0214.wav,train,Central,NinhThuan,spk_85_0151,male,data/processed/audio_preprocessed_16s/train/Central/85_0214.wav,16000,16.0,0.08081701297117695,0.978546142578125,0.0999769530349728,-10.578078269958496,3.613415479660034,743.1045116922991,506.43436479364294,622.9345225577315,411.13948027329525,0.029951124207298525,-65.7159194946289,14.745272636413574,-0.06377387791872025,0.8413091897964478,-4.378656387329102,-0.9622819423675537,-0.3140561580657959,-1.3986512422561646,-0.058593422174453735,-0.651499330997467,-0.6098965406417847,0.016620060428977013,-1.0034735202789307,13.286090850830078,4.799025058746338,4.0706658363342285,3.4308836460113525,2.575615406036377,2.1792683601379395,1.7706589698791504,1.909161925315857,1.8962482213974,1.5086907148361206,1.5321203470230103,1.3758456707000732,1.4589388370513916
valid:74_0243.wav,valid,Central,QuangTri,spk_74_0122,male,data/processed/audio_preprocessed_16s/valid/Central/74_0243.wav,16000,16.0,0.07961741489015828,0.5999755859375,0.05651584576502252,-12.162074089050293,4.313787937164307,373.28586906234295,371.4214608370988,327.2870461414762,292.518840294772,0.006543342322141393,-75.87665557861328,21.397382736206055,1.198246955871582,5.812924861907959,-2.785940408706665,-0.5471475124359131,-0.853057861328125,0.08199779689311981,-0.04614958167076111,0.2365409880876541,-0.16092190146446228,0.4745941758155823,-0.9816445708274841,12.039718627929688,5.085186958312988,2.515388011932373,3.159039258956909,2.9594621658325195,2.870154619216919,1.9200462102890015,1.793948769569397,1.5047633647918701,1.1995242834091187,1.2329765558242798,1.4384044408798218,1.3709808588027954
train:49_0064.wav,train,Central,LamDong,spk_49_0032,male,data/processed/audio_preprocessed_16s/train/Central/49_0064.wav,16000,16.0,0.07537374760752959,0.990020751953125,0.11150434181383521,-9.290878295898438,2.902987480163574,734.8966206710775,369.235102047207,624.4506585033005,300.114969844189,0.027999982008397147,-57.73027420043945,14.54104995727539,-2.728911876678467,0.31718456745147705,-2.6912829875946045,-2.330720901489258,-2.8185245990753174,-0.5214553475379944,-1.7624844312667847,-1.0456321239471436,-0.42911797761917114,-0.8805908560752869,-0.01941596157848835,5.748699188232422,3.338573694229126,2.5817410945892334,1.9246150255203247,1.5688793659210205,1.5656490325927734,1.515712022781372,1.5191775560379028,1.3526524305343628,1.0953521728515625,1.113761305809021,0.994086503982544,0.9444625973701477
train:75_0208.wav,train,Central,ThuaThienHue,spk_75_0122,male,data/processed/audio_preprocessed_16s/train/Central/75_0208.wav,16000,16.0,0.05633189734097116,0.720428466796875,0.11464888534720839,-9.981635093688965,2.8287513256073,701.4312557495035,583.8504181252985,730.615635448763,380.84594216955713,0.037245504576776715,-62.229957580566406,13.982608795166016,0.6884934902191162,1.6399976015090942,-2.079017162322998,-0.13091258704662323,-1.6852521896362305,-0.9607921242713928,-0.9835529327392578,0.12198218703269958,0.23171493411064148,-0.7098307013511658,-0.5751532316207886,6.836807727813721,3.99440860748291,2.2105789184570312,2.497284173965454,1.7066107988357544,2.163451910018921,1.510451316833496,1.2989486455917358,1.6419209241867065,1.326063632965088,1.1335281133651733,1.184024691581726,1.302327036857605
test:38_0294.wav,test,Central,HaTinh,spk_38_0217,male,data/processed/audio_preprocessed_16s/test/Central/38_0294.wav,16000,16.0,0.07861730238185262,0.5185546875,0.058789292145672446,-11.732829093933105,5.355498790740967,445.5796342844918,344.30882648820426,370.2683561056153,215.82035574886558,0.0037413937778244827,-72.80677032470703,20.46658706665039,0.7731038928031921,2.1326100826263428,-1.3839675188064575,-1.088563084602356,-0.8839290142059326,-1.5979996919631958,-0.2782546877861023,-0.9341487288475037,-0.014483042061328888,-1.2777073383331299,-0.49080583453178406,23.913633346557617,5.553572177886963,5.186543941497803,3.59983229637146,3.22172212600708,3.217005968093872,2.5196828842163086,2.4036364555358887,2.098473072052002,2.053043842315674,2.0427451133728027,2.0375986099243164,2.011242389678955
test:92_0241.wav,test,Central,QuangNam,spk_92_0158,female,data/processed/audio_preprocessed_16s/test/Central/92_0241.wav,16000,16.0,0.07828834996755613,0.96221923828125,0.10230899339450544,-12.03927230834961,3.9920272827148438,680.9785568011794,506.29165450154045,625.4017481665903,390.0439494940528,0.028217760902215432,-74.7948989868164,15.50167465209961,0.13604918122291565,0.09304235875606537,-3.3085591793060303,0.2190912663936615,-0.48623695969581604,-1.9312875270843506,0.04123787581920624,-0.44279512763023376,-1.6767905950546265,-0.5394533276557922,-0.196444571018219,16.66082763671875,4.973932266235352,3.8367152214050293,3.567190170288086,3.3783748149871826,2.544693946838379,1.8559558391571045,2.4077484607696533,1.4457486867904663,1.6726633310317993,1.484961986541748,1.4968109130859375,1.2531476020812988
valid:47_0256.wav,valid,Central,DakLak,spk_47_0181,male,data/processed/audio_preprocessed_16s/valid/Central/47_0256.wav,16000,16.0,0.0688937836647595,0.61297607421875,0.06546900573830366,-13.422788619995117,6.360073089599609,379.1757596697052,308.1558037208205,432.61049328157,343.4730953635624,0.266206589242594,-84.14124298095703,12.700400352478027,0.10168346017599106,0.7820954322814941,1.4005533456802368,-0.6310752630233765,-1.7969259023666382,0.7022220492362976,-0.0761815533041954,-0.8111639618873596,0.5897113084793091,0.23757696151733398,-1.0120230913162231,37.03015899658203,7.903576850891113,2.01496958732605,2.288275957107544,2.1711409091949463,1.940755844116211,1.6735625267028809,1.229057788848877,1.2690329551696777,1.1259487867355347,1.1617480516433716,1.231610655784607,1.2336163520812988
train:81_0086.wav,train,Central,GiaLai,spk_81_0074,male,data/processed/audio_preprocessed_16s/train/Central/81_0086.wav,16000,16.0,0.07353045036481302,0.322723388671875,0.07517998117180145,-11.17528247833252,5.959096908569336,503.82220811030896,279.12036138257525,460.4319770735319,297.97532200134316,0.1647507589441913,-69.71736907958984,15.123698234558105,-2.3100674152374268,2.4563467502593994,-2.6439132690429688,-1.0336564779281616,-0.24521438777446747,-0.7596588134765625,-0.41025182604789734,0.37927907705307007,0.2641226351261139,-0.3249348998069763,-0.9012727737426758,33.1540641784668,7.1796722412109375,2.6029770374298096,2.341423511505127,2.2900450229644775,1.7033236026763916,1.3030343055725098,1.4042434692382812,1.2461286783218384,1.1597973108291626,1.2695956230163574,1.069263219833374,1.26856529712677
train:43_0257.wav,train,Central,DaNang,spk_43_0191,male,data/processed/audio_preprocessed_16s/train/Central/43_0257.wav,16000,16.0,0.07862472529897384,0.7230224609375,0.0480705002753917,-13.938943862915039,5.5743184089660645,339.10370141423596,325.6335283669059,332.1714642755594,261.9259165076077,0.006277116531103044,-87.03521728515625,19.69635772705078,2.0366227626800537,3.371798276901245,-1.9940372705459595,-0.05624374747276306,-0.4527948498725891,-0.7052221894264221,-0.8289719223976135,0.06004735082387924,-0.20495760440826416,-0.33010536432266235,-0.9914232492446899,27.03325080871582,5.1179680824279785,4.5779008865356445,3.357757806777954,3.605374336242676,2.8531274795532227,2.1051576137542725,1.8084535598754883,1.8477774858474731,1.859941840171814,1.5164170265197754,1.6113032102584839,1.9050391912460327
valid:36_0181.wav,valid,Central,ThanhHoa,spk_36_0118,female,data/processed/audio_preprocessed_16s/valid/Central/36_0181.wav,16000,16.0,0.05894405425047319,0.61712646484375,0.05140645080644846,-16.193008422851562,6.8183135986328125,404.0188414883249,422.74416580354296,287.47295747871584,347.36377075336554,0.46124017155141694,-101.43891906738281,8.148967742919922,-3.821204662322998,0.10546956211328506,-4.4417266845703125,-1.3725847005844116,-1.9467923641204834,-0.7119027376174927,-0.9213016629219055,-0.8251751661300659,-0.3949544131755829,-1.2162972688674927,-0.06112103536725044,40.8631477355957,7.912938594818115,4.907548427581787,2.424877643585205,4.77194356918335,2.0798985958099365,2.1006503105163574,1.327741026878357,1.3588902950286865,1.3027697801589966,1.277280330657959,1.6743463277816772,0.8345094919204712
test:92_0240.wav,test,Central,QuangNam,spk_92_0157,female,data/processed/audio_preprocessed_16s/test/Central/92_0240.wav,16000,16.0,0.07852920735149355,0.80523681640625,0.10183242903292591,-14.547572135925293,5.860737323760986,776.5397719851281,541.0935448762532,331.87834939034025,256.8445661909858,0.0032847553707118756,-90.0585708618164,25.64886474609375,-9.319503784179688,-5.441369533538818,-2.6778438091278076,-3.536025047302246,-3.722018003463745,-1.0167372226715088,-3.3811464309692383,0.1662040501832962,-2.537277936935425,-2.081800937652588,0.9260824918746948,15.999505996704102,10.317045211791992,6.66486120223999,6.048023700714111,4.386699199676514,4.450038433074951,3.1747045516967773,2.9939675331115723,4.023468017578125,2.14640736579895,1.9351035356521606,1.8785401582717896,1.8758676052093506
train:85_0197.wav,train,Central,NinhThuan,spk_85_0136,male,data/processed/audio_preprocessed_16s/train/Central/85_0197.wav,16000,16.0,0.07194954664843056,0.989990234375,0.06407056277563584,-13.576395034790039,5.436826229095459,422.18020331152405,316.9481501718815,394.95578819086705,320.43233231336376,0.17623060824053052,-84.87725067138672,13.313987731933594,2.376178026199341,1.8669482469558716,-2.0960752964019775,-2.4736993312835693,-2.5054638385772705,-0.16153676807880402,-0.5306720733642578,0.04737978056073189,-0.6636848449707031,-0.9600142240524292,-1.149182915687561,29.92037582397461,6.6763129234313965,3.6396689414978027,2.7037036418914795,2.5999462604522705,2.309528350830078,1.9523147344589233,1.4103518724441528,1.660607933998108,1.3166266679763794,1.0778499841690063,1.3465296030044556,1.2655352354049683
train:48_0058.wav,train,Central,DakNong,spk_48_0049,female,data/processed/audio_preprocessed_16s/train/Central/48_0058.wav,16000,16.0,0.07749559049763431,0.500885009765625,0.08649643162668604,-10.986037254333496,3.6328182220458984,611.0353005580274,384.7242678045509,483.3315074360538,378.93890150346795,0.013748924546827176,-67.75782775878906,16.196285247802734,-0.06529685109853745,-1.6686903238296509,-4.8755903244018555,-2.5292446613311768,-1.9210209846496582,-1.8227347135543823,-1.61648428440094,-1.9734604358673096,-0.837417483329773,-2.730271577835083,-0.3263903558254242,10.535143852233887,4.47688627243042,3.904317617416382,2.5876829624176025,2.291470527648926,2.1536712646484375,1.9570932388305664,1.9846993684768677,1.4591219425201416,1.748485803604126,1.4499492645263672,1.6889103651046753,1.4386928081512451
train:86_0016.wav,train,Central,BinhThuan,spk_86_0011,male,data/processed/audio_preprocessed_16s/train/Central/86_0016.wav,16000,16.0,0.07214119372116698,0.62664794921875,0.0639221246957996,-14.093096733093262,5.966200351715088,435.52605771893167,527.1857554599607,394.5309716427706,374.8137701040468,0.2009941185721247,-88.26847839355469,17.137731552124023,-0.24450504779815674,2.9964213371276855,-1.0618739128112793,-0.9660013914108276,0.1659199297428131,-1.242547631263733,-0.3400358557701111,0.06826623529195786,-0.09867715835571289,0.2879711091518402,-1.051330804824829,31.22348403930664,10.242042541503906,3.3915669918060303,3.4175760746002197,2.0116868019104004,2.29903244972229,1.753143072128296,2.1623551845550537,1.8261537551879883,1.3267438411712646,1.3222532272338867,1.2508902549743652,1.6473191976547241
test:38_0303.wav,test,Central,HaTinh,spk_38_0224,male,data/processed/audio_preprocessed_16s/test/Central/38_0303.wav,16000,16.0,0.05930559864016991,0.574554443359375,0.027312606689869883,-17.132564544677734,6.58868932723999,201.0634032085693,331.3577179339977,183.24700336144568,237.67172153345058,0.45175401144958727,-107.73272705078125,11.900489807128906,1.8773771524429321,1.3685418367385864,-0.0044401041232049465,-0.5219411849975586,-0.538357675075531,0.16819128394126892,-0.8261505961418152,0.30843156576156616,0.02238505706191063,-0.0065262531861662865,-1.159620761871338,37.95185089111328,11.34633731842041,3.666534662246704,3.5010247230529785,1.6676241159439087,2.6432600021362305,1.4170706272125244,1.510717749595642,1.7874376773834229,1.2442151308059692,1.1620619297027588,1.2441904544830322,1.7549335956573486
train:75_0053.wav,train,Central,ThuaThienHue,spk_75_0025,male,data/processed/audio_preprocessed_16s/train/Central/75_0053.wav,16000,16.0,0.07325428688427363,0.990020751953125,0.13864507283231575,-9.224769592285156,2.7735114097595215,875.1456569492691,440.3219729264718,862.1300807557849,344.91061667931496,0.0530996511297044,-57.4954948425293,13.004283905029297,-1.7159186601638794,1.3674427270889282,-2.328314781188965,-1.55868399143219,-0.9332759976387024,-0.15302059054374695,-0.2981874942779541,-0.15739117562770844,0.03179074451327324,-0.30255037546157837,-0.5909777879714966,7.941487789154053,3.269956350326538,2.2864267826080322,1.8256853818893433,1.6539798974990845,2.582247734069824,1.5806469917297363,1.293888807296753,1.4432770013809204,1.2014389038085938,1.0312250852584839,1.0206012725830078,1.513018250465393
train:47_0075.wav,train,Central,DakLak,spk_47_0054,female,data/processed/audio_preprocessed_16s/train/Central/47_0075.wav,16000,16.0,0.07376716929352761,0.621063232421875,0.07307059793202317,-11.757492065429688,5.5373640060424805,517.7045106108635,482.59934409892156,495.30789967046076,447.7833712099004,0.16431822476799185,-73.23043823242188,12.636031150817871,2.2862205505371094,1.245653748512268,-2.8908612728118896,-1.8266628980636597,0.4828345477581024,-0.3495481610298157,-0.5582563877105713,-0.09182094782590866,-0.9224910736083984,-1.07914137840271,-0.31390854716300964,31.15862274169922,6.3333234786987305,3.3687081336975098,2.877028465270996,3.062986135482788,2.268008232116699,1.762402057647705,1.3098533153533936,1.4522945880889893,1.4552994966506958,1.5283071994781494,1.4468724727630615,1.0528098344802856
train:85_0026.wav,train,Central,NinhThuan,spk_85_0019,male,data/processed/audio_preprocessed_16s/train/Central/85_0026.wav,16000,16.0,0.0648024293457571,0.69677734375,0.04277360458439291,-15.050751686096191,6.636048316955566,277.4754726392589,386.1397924741971,258.1017539242303,361.2785640834941,0.35036917694730463,-94.53560638427734,14.05620288848877,2.6362650394439697,0.7841596007347107,-0.48294898867607117,-0.5693579912185669,-0.39990749955177307,-0.4386782944202423,-0.027566932141780853,0.18095338344573975,-0.224843367934227,0.09061039239168167,-0.793166995048523,37.713783264160156,11.211893081665039,3.0922815799713135,2.275336980819702,1.8780975341796875,1.987531065940857,1.5106559991836548,1.3604443073272705,1.393570065498352,1.1093471050262451,1.067692518234253,1.140825629234314,1.2213613986968994
train:75_0034.wav,train,Central,ThuaThienHue,spk_75_0015,male,data/processed/audio_preprocessed_16s/train/Central/75_0034.wav,16000,16.0,0.07297211327317556,0.910125732421875,0.12272704190250742,-11.249817848205566,5.806631565093994,754.8069977519499,647.8130808112977,731.9083868309183,570.5186137015954,0.21832331522636372,-70.42127227783203,10.952316284179688,0.3758608400821686,1.68730628490448,-2.3172264099121094,0.17247700691223145,-1.4423831701278687,-0.20588932931423187,-0.2576567828655243,-0.09936486184597015,0.27935951948165894,-0.40772128105163574,-0.2588231563568115,34.0234489440918,6.50911283493042,2.4243874549865723,2.197908878326416,1.7930432558059692,1.6817305088043213,1.358193278312683,1.1241668462753296,1.0689682960510254,0.9916203618049622,0.9028159976005554,0.9945327043533325,0.9314433336257935
valid:75_0251.wav,valid,Central,ThuaThienHue,spk_75_0149,male,data/processed/audio_preprocessed_16s/valid/Central/75_0251.wav,16000,16.0,0.08018528008142402,0.808074951171875,0.0854573650678323,-9.858708381652832,3.5642507076263428,599.357940548975,246.66153685567602,501.49310668368014,245.13912174436865,0.01486403262778562,-61.353145599365234,18.97052001953125,-1.6440287828445435,1.8311091661453247,-1.7236571311950684,0.23743337392807007,-0.7986962795257568,-0.780937910079956,0.9613891839981079,-0.18920950591564178,0.07460285723209381,-0.21576398611068726,-0.6291714310646057,8.023436546325684,3.7952115535736084,2.5792760848999023,2.7714216709136963,1.9409828186035156,1.866563320159912,1.6253834962844849,1.53840970993042,1.7196367979049683,1.2954421043395996,1.0551376342773438,1.4166643619537354,1.3390073776245117
train:78_0190.wav,train,Central,PhuYen,spk_78_0147,male,data/processed/audio_preprocessed_16s/train/Central/78_0190.wav,16000,16.0,0.07820838045483128,0.900543212890625,0.06282055789280427,-11.458972930908203,4.474894046783447,418.18409333859466,328.1279498589227,441.6451799905219,249.9264555121396,0.009278428766609387,-71.60540008544922,21.145606994628906,-0.7125171422958374,3.410552978515625,-0.4256440997123718,1.106032133102417,-1.160865068435669,1.1029374599456787,-0.07017932087182999,0.48141729831695557,-0.2647908329963684,0.427638977766037,-0.06317752599716187,15.284662246704102,5.24656867980957,3.7318620681762695,3.552349090576172,2.3939199447631836,2.103416681289673,2.0808346271514893,1.656830906867981,1.7865725755691528,1.6469416618347168,1.5533738136291504,1.4621142148971558,1.2641723155975342
train:74_0151.wav,train,Central,QuangTri,spk_74_0074,male,data/processed/audio_preprocessed_16s/train/Central/74_0151.wav,16000,16.0,0.08004955391302426,0.83465576171875,0.05581662428368861,-12.57499885559082,4.416065216064453,383.2210793909751,162.02490311004317,318.3903526532515,159.98451097013148,0.003336607241487355,-78.37960815429688,21.704931259155273,1.2759608030319214,3.5240530967712402,-0.7904471755027771,-3.6095199584960938,-0.02624402940273285,-1.2436387538909912,-1.3947324752807617,0.08803112059831619,-0.047808561474084854,-0.15086862444877625,-1.1110659837722778,13.719070434570312,3.3711538314819336,4.01016902923584,3.220231771469116,2.195143222808838,3.324188709259033,1.7344452142715454,1.9279379844665527,1.614424705505371,1.3226910829544067,1.3540500402450562,1.53596830368042,1.5113357305526733
train:86_0118.wav,train,Central,BinhThuan,spk_86_0088,male,data/processed/audio_preprocessed_16s/train/Central/86_0118.wav,16000,16.0,0.07912625325538417,0.566741943359375,0.08192219500857426,-11.650938987731934,4.348750591278076,550.3216897832737,263.49643725677856,488.9769592506835,339.7203137710679,0.018825995733957213,-72.4087905883789,19.198429107666016,-0.5220884680747986,2.0633037090301514,-1.9212573766708374,-0.7807356715202332,-1.6596384048461914,-0.27010539174079895,-2.038306474685669,0.35976332426071167,-1.1541993618011475,-1.1245628595352173,-0.6168934106826782,16.1887264251709,5.382692337036133,4.382911205291748,2.9436919689178467,2.854989528656006,2.3519999980926514,2.040801763534546,1.9110095500946045,2.2664406299591064,1.8970845937728882,1.5245130062103271,1.80022394657135,1.4371594190597534
train:78_0140.wav,train,Central,PhuYen,spk_78_0109,female,data/processed/audio_preprocessed_16s/train/Central/78_0140.wav,16000,16.0,0.08166487330731628,0.476165771484375,0.0741643522045008,-11.148316383361816,3.9852635860443115,515.3640819850217,441.2902320289986,418.4209868514484,311.2921650490816,0.011743067477006413,-68.89874267578125,18.73329734802246,0.5078752040863037,1.0515586137771606,-2.8769073486328125,-1.6216734647750854,-1.6353936195373535,-1.5818625688552856,-1.8996857404708862,-1.521687626838684,-1.7173171043395996,-1.594893455505371,-0.33852848410606384,12.384262084960938,4.866116046905518,4.850581169128418,3.1419637203216553,3.0631229877471924,2.324795722961426,2.3286683559417725,2.0383005142211914,1.899459958076477,1.6839876174926758,1.5268750190734863,1.4711313247680664,1.3357330560684204
train:86_0093.wav,train,Central,BinhThuan,spk_86_0072,male,data/processed/audio_preprocessed_16s/train/Central/86_0093.wav,16000,16.0,0.08084082361256001,0.56353759765625,0.07526982527275497,-11.807419776916504,5.027822017669678,537.5218881337613,529.9998068073018,433.2195604643011,300.7159293230286,0.008887891428764992,-73.30541229248047,22.557132720947266,-1.3070759773254395,2.2629168033599854,-1.5387922525405884,-1.3718907833099365,-0.10170400887727737,-0.5830616354942322,-1.4820804595947266,1.7307560443878174,-1.739924430847168,-0.5412881374359131,-1.3014812469482422,18.00324058532715,7.368392467498779,4.847559452056885,3.9403810501098633,2.8395869731903076,3.2857394218444824,1.9561080932617188,2.3178558349609375,2.456972360610962,1.7906043529510498,1.6274335384368896,1.6185412406921387,1.7321406602859497
test:37_0353.wav,test,Central,NgheAn,spk_37_0268,male,data/processed/audio_preprocessed_16s/test/Central/37_0353.wav,16000,16.0,0.07666464692125885,0.819305419921875,0.05370724104391033,-10.5090970993042,3.9021496772766113,338.926969372042,172.33759555116808,351.4201857054902,188.01856916155882,0.006275676129992023,-65.5673599243164,22.045169830322266,1.0453788042068481,2.5055296421051025,-0.24327021837234497,1.4255189895629883,0.13194601237773895,0.7131593227386475,0.18132132291793823,-0.8243014812469482,-0.10912946611642838,-0.660743236541748,-0.49480462074279785,7.549602031707764,3.8576958179473877,2.9178428649902344,2.3908004760742188,1.4071166515350342,1.7189627885818481,1.5173430442810059,1.3178541660308838,1.3568545579910278,1.1661796569824219,1.1901299953460693,1.3189201354980469,0.9749450087547302
train:79_0146.wav,train,Central,KhanhHoa,spk_79_0092,male,data/processed/audio_preprocessed_16s/train/Central/79_0146.wav,16000,16.0,0.0805122729398894,0.54791259765625,0.05190645275958109,-10.1991548538208,3.775200605392456,331.52668179004456,189.38328574730076,395.2568252279604,246.64133567836214,0.007422140864292639,-63.58818435668945,19.601163864135742,2.4084465503692627,2.782254457473755,-0.747280478477478,0.3733479678630829,-0.45607253909111023,0.9855558276176453,0.8442589640617371,0.19098776578903198,0.8586941361427307,-0.3520349860191345,-0.1852552890777588,9.336591720581055,4.384860038757324,3.2903425693511963,2.5074684619903564,1.8273321390151978,2.7094671726226807,2.0290212631225586,1.679628849029541,1.7249693870544434,1.3802202939987183,1.3349918127059937,1.276735782623291,1.1234323978424072
valid:86_0295.wav,valid,Central,BinhThuan,spk_86_0196,male,data/processed/audio_preprocessed_16s/valid/Central/86_0295.wav,16000,16.0,0.079066498855125,0.65167236328125,0.07558623275872171,-11.338191986083984,4.279673099517822,545.116652602791,422.697465857949,443.25879527340527,329.0935149074795,0.01292671390559251,-70.4309310913086,19.567880630493164,-0.7860525250434875,1.933912992477417,-1.435219645500183,-2.0568642616271973,0.016893677413463593,-1.5560909509658813,-1.7399728298187256,-0.45059505105018616,-1.1783167123794556,-0.6162148714065552,-1.2152177095413208,15.166214942932129,5.123528957366943,4.390614032745361,3.7066822052001953,2.139608383178711,2.939603328704834,1.8073523044586182,2.0902023315429688,2.009798288345337,1.5198709964752197,1.1669899225234985,1.6270256042480469,1.4444292783737183
train:38_0179.wav,train,Central,HaTinh,spk_38_0135,male,data/processed/audio_preprocessed_16s/train/Central/38_0179.wav,16000,16.0,0.07978886890878585,0.649627685546875,0.0665315098887105,-12.16195011138916,4.63422966003418,441.2880318977913,547.9908406714745,465.16152356174445,425.7676816155837,0.017035497256496793,-75.94707489013672,19.443645477294922,3.2234768867492676,2.399810314178467,-0.31263795495033264,-0.689606785774231,-0.8686172962188721,0.05821933224797249,-0.4939185082912445,0.1654941290616989,0.21154792606830597,0.0807775929570198,-0.7495514750480652,18.03933334350586,7.425448894500732,4.4563493728637695,4.2321295738220215,2.4292569160461426,2.719416856765747,1.7832168340682983,1.6984846591949463,2.1318325996398926,1.5868971347808838,1.352461338043213,1.564502477645874,1.8245960474014282
train:82_0110.wav,train,Central,KonTum,spk_82_0068,male,data/processed/audio_preprocessed_16s/train/Central/82_0110.wav,16000,16.0,0.08063251195350002,0.527618408203125,0.07792217938351322,-11.111309051513672,3.4719412326812744,527.7139053937747,223.60048180454214,374.8164275323305,371.51190597838314,0.01663040135062812,-69.14484405517578,17.58078384399414,2.8671984672546387,-0.7423421740531921,-4.669262886047363,-3.164872646331787,-3.3044395446777344,-2.2840657234191895,-1.2894196510314941,-0.9276109933853149,0.13372021913528442,0.01593048684298992,-1.4648020267486572,6.301942825317383,4.303650856018066,2.5428977012634277,3.081160068511963,1.6759783029556274,2.0237033367156982,2.0264344215393066,1.53104567527771,1.3479785919189453,1.2327241897583008,1.1620978116989136,1.1091126203536987,1.1710734367370605
train:49_0099.wav,train,Central,LamDong,spk_49_0052,female,data/processed/audio_preprocessed_16s/train/Central/49_0099.wav,16000,16.0,0.07726950226580702,0.45733642578125,0.07398466400259376,-10.343531608581543,4.457464218139648,509.47920986877176,231.82952275807617,458.4460284036633,264.72446810440704,0.07651308338335838,-64.30646514892578,14.924871444702148,-0.7088267803192139,1.1008028984069824,-2.912318468093872,-2.379544734954834,-1.1263967752456665,-1.4584375619888306,-0.5960487723350525,-0.6966441869735718,-0.5402528047561646,-0.8754675984382629,-0.9145480394363403,22.200756072998047,4.550189018249512,2.372858762741089,2.303248405456543,2.338024377822876,1.872819185256958,1.6922718286514282,1.4002113342285156,1.3413629531860352,1.1651380062103271,1.4096417427062988,1.1094599962234497,0.9321067929267883
valid:74_0259.wav,valid,Central,QuangTri,spk_74_0128,male,data/processed/audio_preprocessed_16s/valid/Central/74_0259.wav,16000,16.0,0.082504003940727,0.88531494140625,0.07728545814632089,-11.936407089233398,4.993275165557861,576.2872330774621,345.5138868544962,454.2050385225257,221.3144584420429,0.007393164847863281,-73.85579681396484,20.096881866455078,-3.6367478370666504,0.5770319104194641,-2.7845418453216553,-3.182386636734009,0.6146847605705261,-2.5721375942230225,2.121831178665161,-2.480414390563965,0.5507689118385315,-0.5815486907958984,-2.6597628593444824,19.760778427124023,4.099627494812012,4.315066337585449,3.267005443572998,2.7836151123046875,2.883645534515381,2.071993350982666,2.758692502975464,2.847494602203369,2.2636947631835938,1.6448386907577515,1.6648495197296143,2.3557894229888916
train:82_0068.wav,train,Central,KonTum,spk_82_0042,female,data/processed/audio_preprocessed_16s/train/Central/82_0068.wav,16000,16.0,0.0760121622484498,0.753753662109375,0.07660186172602236,-10.01452350616455,3.393291711807251,452.97376514405664,241.0610748188778,538.720491304763,339.9777562158647,0.013975848377188817,-62.02147674560547,17.32979393005371,1.1033804416656494,2.703986167907715,-2.2634694576263428,0.13769087195396423,-0.8169154524803162,0.6212038397789001,-0.3716897964477539,0.1805402785539627,-0.3019251823425293,0.25257405638694763,-0.020538100972771645,7.5922017097473145,3.923323154449463,2.399522304534912,2.225370168685913,2.327983856201172,1.6429352760314941,1.4494218826293945,1.2718654870986938,1.498324990272522,1.1812193393707275,1.3905723094940186,1.2920548915863037,1.1739977598190308
train:36_0151.wav,train,Central,ThanhHoa,spk_36_0101,male,data/processed/audio_preprocessed_16s/train/Central/36_0151.wav,16000,16.0,0.07407350613814807,0.96429443359375,0.07275028418079758,-11.056818962097168,3.5633013248443604,454.48254251833106,463.9634635656068,520.9263132154379,371.18796440617956,0.018158757407203387,-69.01180267333984,16.312950134277344,1.7645574808120728,2.517693281173706,0.650032639503479,-1.8003556728363037,1.2865275144577026,1.2885578870773315,0.012973600067198277,0.4388710558414459,-0.38906389474868774,0.3791510760784149,-0.5035819411277771,11.12865924835205,4.8258867263793945,3.706425428390503,3.1709799766540527,1.9832453727722168,3.2719149589538574,1.69672691822052,1.5849714279174805,1.784188985824585,1.5977634191513062,1.49871826171875,1.468847632408142,1.5079529285430908
train:82_0140.wav,train,Central,KonTum,spk_82_0084,male,data/processed/audio_preprocessed_16s/train/Central/82_0140.wav,16000,16.0,0.07736058054833038,0.989990234375,0.10617619600076562,-10.707415580749512,3.5622007846832275,689.6341023179181,481.7154579760982,578.6454609973426,408.16681991072414,0.024900610000196468,-66.4461898803711,16.05633544921875,0.7505930066108704,0.6723872423171997,-3.31941556930542,-1.5093519687652588,-0.7417411804199219,-0.4329395890235901,-1.764831781387329,0.07703009992837906,0.2966431677341461,-1.0911074876785278,-0.34100285172462463,11.227293968200684,4.938692092895508,2.7762482166290283,3.462219476699829,2.0558691024780273,3.0307891368865967,1.5036964416503906,1.7630854845046997,1.8348383903503418,1.6197161674499512,1.2668395042419434,1.4748512506484985,1.3317574262619019
train:49_0001.wav,train,Central,LamDong,spk_49_0001,female,data/processed/audio_preprocessed_16s/train/Central/49_0001.wav,16000,16.0,0.06688626952104673,0.45318603515625,0.050773635834514975,-13.538331031799316,6.849346160888672,356.94591431903535,282.81741139237494,269.4642123033228,248.0234186984584,0.30557867545682615,-84.82282257080078,13.758522987365723,-0.9208043813705444,0.39509013295173645,-1.7331809997558594,-0.8986331820487976,-1.165709137916565,-0.031157802790403366,-0.4666990339756012,-0.4218621253967285,-1.0141125917434692,-0.37029895186424255,-0.22305603325366974,40.0695686340332,9.351362228393555,1.8005733489990234,1.7020108699798584,1.676949143409729,1.315707802772522,1.293656349182129,1.086690902709961,1.1418204307556152,0.8929517269134521,1.2109075784683228,0.8900614976882935,0.7678767442703247
test:92_0232.wav,test,Central,QuangNam,spk_92_0151,female,data/processed/audio_preprocessed_16s/test/Central/92_0232.wav,16000,16.0,0.07966509935293814,0.63897705078125,0.09946132602080476,-9.183889389038086,2.8505666255950928,681.8182805340606,300.8787744896067,610.4217723916423,326.06468782043225,0.022500547103209565,-56.97249221801758,14.85092830657959,-1.5871790647506714,0.5146166682243347,-1.918165922164917,-1.3588308095932007,-0.6896608471870422,-0.21070650219917297,-0.55014568567276,0.07657160609960556,-1.0126127004623413,-0.5007725358009338,0.06719355285167694,5.751343727111816,2.6317591667175293,2.7863929271698,2.5103793144226074,2.1297082901000977,1.820905327796936,1.5557266473770142,1.477523684501648,1.444108247756958,1.3254162073135376,1.3019963502883911,1.1287455558776855,1.1414144039154053
valid:43_0275.wav,valid,Central,DaNang,spk_43_0205,male,data/processed/audio_preprocessed_16s/valid/Central/43_0275.wav,16000,16.0,0.07552070191838242,0.58050537109375,0.053968960816253186,-12.946316719055176,5.9084296226501465,405.1720933179491,498.1147817382662,325.5500510086026,273.0064217290948,0.11296619945376887,-80.87208557128906,20.54906463623047,0.2100803405046463,3.704413414001465,-0.3524152636528015,-1.8048467636108398,-0.22636952996253967,-0.6808200478553772,-0.5495626926422119,0.84035724401474,-0.9899247884750366,0.6537579894065857,-1.1429756879806519,28.141633987426758,9.372398376464844,4.472500801086426,3.862276077270508,2.1285581588745117,2.634188175201416,1.8367732763290405,1.833611249923706,2.460789203643799,1.6954560279846191,1.8653405904769897,1.7986557483673096,1.665366530418396
train:73_0165.wav,train,Central,QuangBinh,spk_73_0098,male,data/processed/audio_preprocessed_16s/train/Central/73_0165.wav,16000,16.0,0.07909223481808246,0.611053466796875,0.06105101973054582,-12.263193130493164,4.692071914672852,422.7467114979592,481.5758951983941,398.47769282998274,331.0211629929502,0.013244792211332117,-76.40862274169922,19.605602264404297,2.015817880630493,2.1775741577148438,0.8470491766929626,-0.7064677476882935,-1.3343333005905151,-0.6222466230392456,-1.5023021697998047,-0.35269975662231445,-0.3181454837322235,-0.3630876839160919,-0.7247743010520935,19.644689559936523,5.282986164093018,3.579944372177124,3.0931248664855957,2.7908072471618652,2.950011730194092,1.9031174182891846,1.8892441987991333,1.8101428747177124,1.7851173877716064,1.5522593259811401,1.4885146617889404,1.51553475856781
valid:86_0288.wav,valid,Central,BinhThuan,spk_86_0189,male,data/processed/audio_preprocessed_16s/valid/Central/86_0288.wav,16000,16.0,0.07217824254861409,0.477935791015625,0.06999246090805042,-13.839506149291992,5.9662275314331055,489.6701635587531,448.2266289612984,404.63153577440096,339.3695938512739,0.19756839451445343,-86.29863739013672,14.239154815673828,-2.08609938621521,-0.22676342725753784,-0.5480458736419678,-0.8898690938949585,-1.234214425086975,-0.9907422065734863,-0.9046711921691895,-0.29395821690559387,-1.3041927814483643,-0.9396141171455383,-1.091803789138794,33.16475296020508,8.335502624511719,4.369469165802002,2.873598575592041,2.5448665618896484,3.250490188598633,2.112438917160034,1.7393592596054077,2.026749849319458,1.5550127029418945,1.8214973211288452,1.7439860105514526,1.700506567955017
valid:49_0275.wav,valid,Central,LamDong,spk_49_0160,male,data/processed/audio_preprocessed_16s/valid/Central/49_0275.wav,16000,16.0,0.07600659001309566,0.569732666015625,0.06775807717998898,-10.433712005615234,3.6792891025543213,492.2364071205358,292.78030375517847,387.82182487582753,302.0376146127941,0.011050706304494189,-64.83392333984375,19.526397705078125,0.5173919796943665,2.1775858402252197,-1.7894343137741089,-2.876004457473755,-1.7875730991363525,-0.5040348768234253,-1.1097761392593384,-0.682435929775238,-0.5865643620491028,-0.3491041362285614,-1.0993927717208862,8.005685806274414,4.00652551651001,3.0912811756134033,2.6252095699310303,1.907180905342102,2.6280558109283447,1.4839355945587158,1.5431462526321411,1.8241512775421143,1.4301815032958984,1.2683132886886597,1.1882904767990112,1.4123737812042236
test:78_0287.wav,test,Central,PhuYen,spk_78_0235,male,data/processed/audio_preprocessed_16s/test/Central/78_0287.wav,16000,16.0,0.0776434176476307,0.5277099609375,0.0874808104719159,-11.84385871887207,4.463040828704834,647.8423961485547,840.3843186795165,452.2731193236089,334.1245038564176,0.01246097477430081,-73.05923461914062,16.612361907958984,-1.8437901735305786,-0.605255126953125,-1.476996898651123,-1.786002278327942,-0.8078964352607727,-1.0372223854064941,-1.0294057130813599,-2.0596368312835693,-0.9441896080970764,-2.70855712890625,-0.5999661087989807,18.749263763427734,6.478631496429443,5.690690994262695,3.7533657550811768,2.596644163131714,2.8939108848571777,2.3513927459716797,2.5977659225463867,2.169109344482422,2.134843111038208,1.7161815166473389,2.341614007949829,1.4916187524795532
train:75_0058.wav,train,Central,ThuaThienHue,spk_75_0028,female,data/processed/audio_preprocessed_16s/train/Central/75_0058.wav,16000,16.0,0.05834276414191831,0.83087158203125,0.049843944702908996,-15.901095390319824,7.0892744064331055,364.2741069616698,386.5606469687579,284.1871931800854,323.7775408136648,0.47353766170260875,-99.84529113769531,8.493865966796875,-1.8980792760849,0.01436677761375904,-2.636054515838623,-0.6470903754234314,-1.3601648807525635,-0.4553452134132385,-0.8347870111465454,-0.5903522968292236,-0.5864861011505127,-0.7342982888221741,-0.4409274458885193,43.14532470703125,8.296813011169434,2.9761998653411865,2.08624005317688,3.1112842559814453,1.524173617362976,1.7451798915863037,1.281802773475647,1.3196327686309814,1.0370416641235352,1.0831084251403809,1.0671128034591675,0.9611634612083435
train:78_0169.wav,train,Central,PhuYen,spk_78_0128,male,data/processed/audio_preprocessed_16s/train/Central/78_0169.wav,16000,16.0,0.08013766312272261,0.5511474609375,0.04546111508248079,-11.887384414672852,4.999682903289795,323.3342969076116,372.9288637953386,278.6060200294292,252.58146099611716,0.004145843265755719,-74.20182037353516,25.46758460998535,3.385711431503296,2.068274736404419,0.7131361365318298,-0.36710700392723083,-1.830549955368042,1.4835768938064575,-0.3981375992298126,-0.07207818329334259,0.6826844215393066,-0.3536819815635681,-1.4600114822387695,14.475290298461914,6.5063982009887695,3.9683992862701416,3.47816801071167,2.4466748237609863,2.9061977863311768,2.2946252822875977,2.1082541942596436,1.8267507553100586,1.690673828125,1.39215087890625,1.6269547939300537,1.347737193107605
train:75_0118.wav,train,Central,ThuaThienHue,spk_75_0066,male,data/processed/audio_preprocessed_16s/train/Central/75_0118.wav,16000,16.0,0.07412141869026173,0.61492919921875,0.0630002460947113,-10.592113494873047,3.359645128250122,414.44452447574565,301.5565414180852,373.84464093067385,340.73346036976807,0.013745792428536931,-65.91799926757812,18.559537887573242,3.2654967308044434,2.969085216522217,-0.9795324802398682,-1.1785343885421753,-2.3100881576538086,-1.6985353231430054,-1.3790243864059448,-0.620553195476532,-0.19366346299648285,-0.15623846650123596,-0.5427204370498657,4.870301723480225,4.096370697021484,2.2616631984710693,1.845794677734375,1.4676522016525269,1.4362461566925049,1.6085556745529175,1.2827028036117554,1.2652453184127808,1.195799708366394,1.1709387302398682,1.0267244577407837,1.1985260248184204
train:78_0204.wav,train,Central,PhuYen,spk_78_0159,female,data/processed/audio_preprocessed_16s/train/Central/78_0204.wav,16000,16.0,0.08026986817385247,0.564453125,0.08416439126715339,-11.642434120178223,4.239126682281494,641.5978011957554,277.4168802472141,421.8525789672766,235.65954336598006,0.007314872161763228,-71.69280242919922,17.390792846679688,-3.921201705932617,-2.1366121768951416,-3.336216926574707,-3.197209119796753,-0.4878426790237427,-2.159015655517578,-0.5681870579719543,-0.9108346700668335,-0.9531586766242981,-1.6540101766586304,-0.8502869009971619,16.12940788269043,4.5524187088012695,4.804254055023193,3.1665754318237305,2.5097594261169434,3.3503522872924805,1.9973162412643433,2.412616014480591,1.8864823579788208,1.8243540525436401,1.51324462890625,1.8667484521865845,1.5872069597244263
train:85_0043.wav,train,Central,NinhThuan,spk_85_0029,male,data/processed/audio_preprocessed_16s/train/Central/85_0043.wav,16000,16.0,0.08066584478558261,0.737884521484375,0.06233227473544819,-10.379997253417969,3.653268337249756,391.22802258988554,236.5132214527658,423.75388767879576,265.91936293700587,0.009196115271885796,-64.66960144042969,19.30807113647461,1.3725701570510864,3.786412000656128,-1.682794451713562,-0.6773823499679565,0.16853120923042297,-0.9411646127700806,-0.40038615465164185,0.41062745451927185,-0.2549295425415039,-0.1325182169675827,-0.061833009123802185,8.642535209655762,3.4475345611572266,2.726022720336914,2.7555177211761475,2.122988700866699,2.10636568069458,1.6870243549346924,1.6048747301101685,1.5091712474822998,1.295805811882019,1.2918167114257812,1.3717249631881714,1.1191349029541016
train:38_0170.wav,train,Central,HaTinh,spk_38_0128,male,data/processed/audio_preprocessed_16s/train/Central/38_0170.wav,16000,16.0,0.07917388652723348,0.512603759765625,0.04935175528029406,-12.350691795349121,5.177613258361816,346.5638310361761,494.5401646595711,350.286191479437,286.90365650358643,0.007469130139994886,-77.07072448730469,20.545616149902344,2.963992118835449,3.7940852642059326,-0.2566158175468445,-0.3041893243789673,-0.9764183163642883,-0.3688872456550598,-0.027941271662712097,0.25883761048316956,1.4431989192962646,-1.2010825872421265,-0.3252521753311157,22.690513610839844,5.628659725189209,4.046116828918457,3.8758153915405273,2.809145212173462,2.6137585639953613,2.065688133239746,2.409072160720825,1.7016971111297607,2.0999724864959717,1.5133285522460938,2.0748353004455566,1.2251040935516357
train:49_0187.wav,train,Central,LamDong,spk_49_0105,male,data/processed/audio_preprocessed_16s/train/Central/49_0187.wav,16000,16.0,0.07632257125636974,0.649505615234375,0.10619572732705987,-11.022727012634277,3.987691879272461,768.3147087452052,621.0307958744281,597.1884116531677,413.7118548841673,0.02679088684206688,-68.5782699584961,15.592902183532715,-2.096336841583252,0.5293854475021362,-2.558807373046875,-4.581004619598389,-0.6819335222244263,-0.5471535921096802,-0.5999490022659302,0.018130389973521233,-0.6236369013786316,-1.1454463005065918,-0.26513952016830444,15.727890968322754,5.53181266784668,4.05378532409668,3.2691407203674316,2.588033676147461,3.0546977519989014,1.8372544050216675,2.032715082168579,1.5481797456741333,1.5346705913543701,1.2143930196762085,1.2329764366149902,1.3312734365463257
train:79_0086.wav,train,Central,KhanhHoa,spk_79_0053,male,data/processed/audio_preprocessed_16s/train/Central/79_0086.wav,16000,16.0,0.07991920553050386,0.78955078125,0.07493779272575284,-11.00098705291748,3.8734686374664307,528.4763410731739,139.28769353976185,354.566240153487,163.6274273300967,0.005534682782976328,-68.47830200195312,20.50931739807129,-3.6322433948516846,1.5517655611038208,-3.3036117553710938,-4.180000305175781,-2.4159977436065674,-1.4705146551132202,-1.2242436408996582,-0.017099523916840553,-0.5619140863418579,-0.025105752050876617,-0.9867777824401855,7.625728607177734,3.329768180847168,2.568420171737671,2.577289581298828,1.6648396253585815,2.079650640487671,1.4490984678268433,1.4549418687820435,1.3556901216506958,1.3500549793243408,1.1466872692108154,1.1296709775924683,1.0962332487106323
train:75_0078.wav,train,Central,ThuaThienHue,spk_75_0039,male,data/processed/audio_preprocessed_16s/train/Central/75_0078.wav,16000,16.0,0.08094552377272816,0.72802734375,0.07983234309509021,-10.182283401489258,3.252455949783325,482.04270504429735,502.2974188630193,637.8192360282225,390.33100052129413,0.02290304864427234,-63.666290283203125,14.030888557434082,2.8336915969848633,5.863653659820557,-0.9707735180854797,-0.9730682373046875,0.8132683634757996,0.39434653520584106,-0.29792800545692444,0.6761873364448547,0.34721681475639343,0.4454394578933716,-0.2684309184551239,9.33177375793457,4.418498992919922,3.767302989959717,2.6562180519104004,2.526514768600464,3.887270927429199,1.635753870010376,1.5192337036132812,1.580820918083191,1.3412803411483765,1.1289324760437012,1.2882801294326782,1.1110020875930786
train:82_0053.wav,train,Central,KonTum,spk_82_0032,male,data/processed/audio_preprocessed_16s/train/Central/82_0053.wav,16000,16.0,0.08271925790046453,0.91131591796875,0.10200039843905641,-11.914510726928711,3.822579860687256,713.1416747310388,854.2542875263988,475.3584949458516,437.1814862766256,0.021711277908167494,-74.18640899658203,17.22412109375,0.9599936604499817,-0.23100778460502625,-2.111551523208618,-4.16489315032959,-1.4172199964523315,-1.8461092710494995,-1.187261939048767,-0.38789987564086914,0.16363133490085602,-0.6182429790496826,-0.4591185748577118,11.676417350769043,5.839828968048096,3.918316602706909,2.664977788925171,2.288853645324707,3.9989521503448486,2.2344961166381836,2.6176862716674805,1.928632140159607,1.6409059762954712,1.4533381462097168,1.3710758686065674,1.2274553775787354
train:74_0211.wav,train,Central,QuangTri,spk_74_0104,male,data/processed/audio_preprocessed_16s/train/Central/74_0211.wav,16000,16.0,0.0631212856419722,0.55908203125,0.027242293915210606,-15.940535545349121,6.400717258453369,180.15789537503485,188.81781700123094,171.79142341518417,238.6431395641943,0.3781914069149392,-100.15477752685547,13.57666015625,2.338634490966797,0.9383759498596191,0.44383469223976135,0.44071492552757263,-0.6758648157119751,-0.3295806348323822,0.011986849829554558,-0.0933457687497139,0.069102443754673,-0.3930057883262634,-0.4454856514930725,36.32366180419922,11.134273529052734,2.950582981109619,1.9485024213790894,2.1568896770477295,2.726841926574707,1.7021812200546265,1.471636414527893,1.3112263679504395,0.9629144072532654,0.9592758417129517,1.030835509300232,0.9839834570884705
train:86_0146.wav,train,Central,BinhThuan,spk_86_0106,male,data/processed/audio_preprocessed_16s/train/Central/86_0146.wav,16000,16.0,0.07993068157787228,0.5948486328125,0.11966843620482892,-10.97956371307373,3.9766366481781006,815.0531101336388,753.4428366343121,702.6385962506586,548.3218950297892,0.043179170012986656,-68.10323333740234,15.626161575317383,-0.6756252646446228,4.0817036628723145,-2.6384053230285645,-0.7270846962928772,-2.663400888442993,-0.5763591527938843,-1.0411988496780396,-1.3401411771774292,0.2835506796836853,-0.9046415090560913,-1.6655149459838867,14.880449295043945,6.913882255554199,3.8292484283447266,3.163803815841675,3.0889623165130615,2.0935964584350586,2.578947067260742,1.8843600749969482,2.095214366912842,1.990092396736145,1.529837965965271,1.6059414148330688,1.2478787899017334
train:76_0044.wav,train,Central,QuangNgai,spk_76_0028,female,data/processed/audio_preprocessed_16s/train/Central/76_0044.wav,16000,16.0,0.07498201876163559,0.521331787109375,0.12740284141734928,-12.097315788269043,3.961049795150757,813.240649943293,461.5224429715167,861.8654063212099,477.23304861768366,0.027581730772069442,-74.5656509399414,11.176682472229004,-1.9012367725372314,1.125970482826233,-4.610110282897949,0.0030917050316929817,-3.041947841644287,-1.0926072597503662,-2.1384406089782715,-0.7432618737220764,-1.1476801633834839,-0.8486024141311646,-0.3694603741168976,17.982114791870117,4.562390327453613,5.266507625579834,4.245502471923828,3.597489356994629,2.9855668544769287,1.8638044595718384,2.2388503551483154,1.74153733253479,1.509759783744812,2.0820252895355225,1.2927120923995972,1.7158814668655396
train:82_0161.wav,train,Central,KonTum,spk_82_0096,female,data/processed/audio_preprocessed_16s/train/Central/82_0161.wav,16000,16.0,0.07030435424685957,0.47064208984375,0.052656455689280034,-13.55403995513916,6.195039749145508,371.0064438687873,306.43346204573294,278.2367773206094,308.60192035246735,0.2291981631163524,-84.43891906738281,17.12262725830078,-1.1349443197250366,-0.09221354871988297,-1.819428563117981,-0.9848942160606384,-1.2596441507339478,-2.491938829421997,-1.2018204927444458,-1.3461906909942627,-0.4472842216491699,-1.5645620822906494,-0.9003152251243591,33.44295120239258,9.85627555847168,2.4238977432250977,2.079662561416626,2.5661001205444336,1.586918830871582,1.784285068511963,1.936036467552185,1.4627361297607422,1.35720956325531,1.3271255493164062,1.4266527891159058,1.1513742208480835
train:76_0089.wav,train,Central,QuangNgai,spk_76_0061,female,data/processed/audio_preprocessed_16s/train/Central/76_0089.wav,16000,16.0,0.08209125106859967,0.497406005859375,0.07171512388720268,-11.870033264160156,4.395562648773193,526.8772612554285,277.67024314946826,398.92699707971707,277.7990492778065,0.009578407260271917,-73.427001953125,20.47309112548828,-1.9136463403701782,1.1886457204818726,-3.3354382514953613,-1.1741042137145996,-2.544750452041626,-1.435304880142212,-2.2580726146698,-1.0384666919708252,-1.0920246839523315,-1.7025463581085205,-0.3379213511943817,14.215865135192871,5.064918041229248,4.798393249511719,3.573380470275879,3.0047872066497803,2.557168483734131,2.067690134048462,2.392925500869751,2.255817413330078,1.9054898023605347,1.6425162553787231,1.8080500364303589,1.4914054870605469
train:48_0079.wav,train,Central,DakNong,spk_48_0066,male,data/processed/audio_preprocessed_16s/train/Central/48_0079.wav,16000,16.0,0.08131314555956239,0.876678466796875,0.08424642283758921,-11.288494110107422,3.8925206661224365,570.0085297804761,321.4506591548725,477.112296218372,320.96032255741187,0.013086606664060585,-70.1242446899414,19.35209083557129,1.1919857263565063,-0.18261131644248962,-2.6577093601226807,-2.0478029251098633,1.9997541904449463,0.8091464638710022,-2.2241322994232178,0.2459755688905716,-1.0831384658813477,-0.13859444856643677,-1.8736761808395386,10.881755828857422,4.584217548370361,2.5211844444274902,2.930016279220581,1.9811140298843384,2.5983452796936035,1.972711443901062,1.4738835096359253,1.9571244716644287,1.3806105852127075,1.2019121646881104,1.2966581583023071,1.1710036993026733
train:48_0021.wav,train,Central,DakNong,spk_48_0018,male,data/processed/audio_preprocessed_16s/train/Central/48_0021.wav,16000,16.0,0.0712901955549569,0.990020751953125,0.061359614685994865,-12.079896926879883,4.579357624053955,415.72614578377375,205.2462874106927,336.0973001067356,194.3261111605969,0.0036552485384370964,-75.3954849243164,24.749927520751953,-2.001899480819702,4.044896125793457,-2.3889777660369873,-0.6821190714836121,-0.4006160497665405,-0.41691046953201294,0.5127858519554138,-0.004589708987623453,-0.5418736934661865,-0.15594874322414398,-0.6266714334487915,11.309013366699219,4.299315929412842,3.3637380599975586,2.5163028240203857,2.5365798473358154,1.783076286315918,1.526931643486023,1.5713125467300415,1.4251693487167358,1.3351765871047974,1.162835717201233,1.1554323434829712,1.0743358135223389
test:43_0309.wav,test,Central,DaNang,spk_43_0236,female,data/processed/audio_preprocessed_16s/test/Central/43_0309.wav,16000,16.0,0.0733382373652312,0.468505859375,0.0574533494271462,-13.135643005371094,5.904117107391357,417.37735772710045,545.839940040952,344.18681408449214,352.91100532628025,0.1675972187200216,-81.78557586669922,16.141782760620117,1.0561288595199585,0.9878917336463928,-1.3797084093093872,-0.9671716094017029,-1.8658533096313477,-0.6159439086914062,-1.5557314157485962,0.02120593748986721,-1.399437427520752,-1.3091174364089966,-0.6380575299263,31.57595443725586,8.928152084350586,3.8183727264404297,3.0180416107177734,2.6016743183135986,2.7745723724365234,2.2077431678771973,1.8822576999664307,2.33743953704834,1.4773006439208984,2.1910953521728516,1.6892937421798706,1.4828979969024658
train:75_0242.wav,train,Central,ThuaThienHue,spk_75_0145,female,data/processed/audio_preprocessed_16s/train/Central/75_0242.wav,16000,16.0,0.0640722065783153,0.697052001953125,0.05619553201379693,-15.031792640686035,6.6460442543029785,416.248437066625,537.6790928800491,306.5840545174246,413.1357480416215,0.3630985134146435,-94.17842864990234,11.811081886291504,0.1389452964067459,-0.2598520517349243,-3.4842774868011475,0.21664488315582275,0.1275874525308609,-0.8795688152313232,-0.7950461506843567,-0.13570937514305115,-0.6906573176383972,-0.4916442930698395,-0.31652674078941345,39.03237533569336,9.296151161193848,2.539031982421875,2.216939926147461,3.7388594150543213,1.8898869752883911,1.5105396509170532,1.5861703157424927,1.4391406774520874,1.0076985359191895,1.3810440301895142,1.1108320951461792,1.0329298973083496
train:73_0067.wav,train,Central,QuangBinh,spk_73_0038,female,data/processed/audio_preprocessed_16s/train/Central/73_0067.wav,16000,16.0,0.08078346883113684,0.654998779296875,0.05686350337306005,-13.374343872070312,5.457913875579834,428.60536868415926,515.9716054552529,373.64850108500343,339.56386609848073,0.006704706057568079,-82.62022399902344,16.07085418701172,-0.796453595161438,1.1574091911315918,-2.75701904296875,-2.2482781410217285,-0.9912518858909607,-1.4271799325942993,-0.6522624492645264,-1.3249528408050537,-0.25635990500450134,-2.193305015563965,0.6684076189994812,27.701196670532227,6.127000331878662,5.360780239105225,3.6386313438415527,4.422980308532715,3.624704122543335,2.6290276050567627,3.054135322570801,2.2630414962768555,2.50338077545166,1.8689318895339966,2.855846643447876,1.3383667469024658
train:48_0234.wav,train,Central,DakNong,spk_48_0196,male,data/processed/audio_preprocessed_16s/train/Central/48_0234.wav,16000,16.0,0.05278200570128209,0.989990234375,0.28721987195262483,-9.183281898498535,2.119309425354004,2053.9443891565884,1093.6981491598674,1385.564327082714,349.45734163821083,0.12283683481761407,-57.086456298828125,4.690780162811279,0.5090563297271729,3.1354668140411377,-3.1520018577575684,-0.3929511606693268,-0.04097961261868477,-0.8578052520751953,0.5392377972602844,0.98631751537323,-1.8605256080627441,0.05179718881845474,-0.04749208316206932,6.945417881011963,4.845051288604736,2.4284701347351074,2.357475519180298,1.6471515893936157,2.8648440837860107,1.5798265933990479,1.3333351612091064,1.3618128299713135,1.1274755001068115,1.2003676891326904,1.1188418865203857,1.2301119565963745
train:48_0110.wav,train,Central,DakNong,spk_48_0090,female,data/processed/audio_preprocessed_16s/train/Central/48_0110.wav,16000,16.0,0.07383922417387795,0.684234619140625,0.07345341192739034,-12.555399894714355,5.384759902954102,487.17238705112464,362.50759159070094,476.14497450162804,373.0592155264923,0.16250164538888068,-78.13734436035156,13.052191734313965,0.04697435349225998,2.0558218955993652,-2.146465539932251,-0.713316023349762,-1.9633891582489014,-0.5955554246902466,-0.596112072467804,0.0803428366780281,-0.5061991214752197,-1.182343602180481,-0.06330081820487976,29.84619140625,6.462619304656982,4.0941691398620605,2.5774731636047363,3.2056050300598145,2.319044828414917,2.360227346420288,1.5808385610580444,1.443244218826294,1.2869195938110352,1.3315750360488892,1.404679536819458,1.1671878099441528
test:72_0305.wav,test,Southern,BaRiaVungTau,spk_72_0266,female,data/processed/audio_preprocessed_16s/test/Southern/72_0305.wav,16000,16.0,0.08292634656028226,0.75726318359375,0.06834401696881628,-11.30738353729248,3.8383126258850098,459.2333212709248,292.8962960356538,368.6027862993255,232.21418745667486,0.0050323344826441775,-70.19281005859375,18.587675094604492,-2.4258840084075928,0.0027395274955779314,-0.9308483004570007,0.36601346731185913,0.7917029857635498,0.0996699258685112,1.3738456964492798,0.9223822355270386,1.0442023277282715,-0.04924505576491356,1.002128005027771,10.87772274017334,3.858107328414917,3.5154635906219482,3.507394552230835,3.3040611743927,2.6696012020111084,2.1147286891937256,2.0848989486694336,1.7132536172866821,1.6753507852554321,1.6887472867965698,1.9144487380981445,1.5509480237960815
train:62_0194.wav,train,Southern,LongAn,spk_62_0159,male,data/processed/audio_preprocessed_16s/train/Southern/62_0194.wav,16000,16.0,0.07289263450382921,0.80322265625,0.13123488763627983,-11.505001068115234,4.055381774902344,872.5392156580094,758.94119097048,780.5382057268655,595.7497789036435,0.05170520914413656,-71.52103424072266,13.837458610534668,1.104488730430603,0.4437800943851471,-2.454808235168457,-3.5807008743286133,-2.3373265266418457,0.08897767215967178,-2.1887319087982178,-0.1357172280550003,-1.8289402723312378,0.43059298396110535,-1.7047473192214966,17.52318000793457,6.021327018737793,3.713472843170166,3.1683566570281982,2.40576171875,2.8624634742736816,2.276732921600342,1.7720973491668701,1.8362579345703125,1.9490833282470703,1.590590476989746,1.4874303340911865,1.6808381080627441
train:60_0108.wav,train,Southern,DongNai,spk_60_0054,female,data/processed/audio_preprocessed_16s/train/Southern/60_0108.wav,16000,16.0,0.08165402596724619,0.70904541015625,0.07217996945300567,-9.735345840454102,3.327982187271118,394.02255392774345,251.45137993593994,551.647548195501,317.32130257777976,0.008670136399050279,-60.306095123291016,17.040205001831055,2.580665111541748,3.2725181579589844,-1.7781505584716797,1.5964123010635376,-0.6336070895195007,1.3447468280792236,-0.6565462350845337,1.3639363050460815,-0.7560523748397827,-1.513666033744812,0.7279641032218933,6.012452125549316,3.833510160446167,2.5289628505706787,2.5984561443328857,2.096160650253296,2.113663911819458,2.138446807861328,1.6572163105010986,1.5046120882034302,1.4705885648727417,1.4000669717788696,1.2738878726959229,1.1458920240402222
train:95_0100.wav,train,Southern,HauGiang,spk_95_0079,male,data/processed/audio_preprocessed_16s/train/Southern/95_0100.wav,16000,16.0,0.08511326376293296,0.8575439453125,0.11433247786124165,-9.625452995300293,3.3405449390411377,740.601692980784,512.3544999277817,763.6344072959264,542.4899703419505,0.042149431298948055,-59.78527069091797,14.514924049377441,1.0534759759902954,0.02975233644247055,-1.040723443031311,-1.4687761068344116,-2.2435812950134277,-0.9182425141334534,-0.4694032669067383,0.16708795726299286,-0.5624187588691711,0.1532706767320633,-0.6184591054916382,11.763396263122559,4.675788402557373,3.343445301055908,2.5618762969970703,1.9054008722305298,2.1680715084075928,1.7903167009353638,1.4917439222335815,1.7757582664489746,1.503143548965454,1.39967942237854,1.3762121200561523,1.3544135093688965
train:66_0049.wav,train,Southern,DongThap,spk_66_0040,male,data/processed/audio_preprocessed_16s/train/Southern/66_0049.wav,16000,16.0,0.08376396487406049,0.67376708984375,0.0963245950179493,-9.799637794494629,3.1573612689971924,669.2568417808899,258.61218126226663,577.499753736328,336.71178974891313,0.021128694154210412,-60.68344497680664,15.537836074829102,-1.2733639478683472,-0.5468705892562866,-2.7443883419036865,-0.6250307559967041,-1.1247568130493164,0.6839531660079956,-1.4831359386444092,0.6757415533065796,-1.1396095752716064,0.17036069929599762,-0.7139683961868286,8.232830047607422,3.773428201675415,2.4901204109191895,3.2253246307373047,2.017637014389038,2.1808290481567383,1.9948512315750122,1.9326468706130981,1.4850133657455444,1.2340049743652344,1.273712396621704,1.1755313873291016,1.260604739189148
train:66_0126.wav,train,Southern,DongThap,spk_66_0098,male,data/processed/audio_preprocessed_16s/train/Southern/66_0126.wav,16000,16.0,0.08254876530217056,0.989990234375,0.11545748225579006,-9.997780799865723,3.3403332233428955,815.8668410063478,420.0187190956363,723.048722447912,440.85670144592723,0.042191406045072766,-62.0276985168457,14.91029167175293,-2.639568328857422,0.870471715927124,-3.441538095474243,-1.755824089050293,-0.5943575501441956,-2.213036060333252,-0.9555286169052124,0.08732976019382477,-1.9321051836013794,-0.6438834071159363,-1.533968210220337,10.066240310668945,4.513772964477539,3.542922019958496,2.823587417602539,1.9237596988677979,2.8829145431518555,1.539894938468933,1.7508080005645752,1.9693669080734253,1.4968370199203491,1.2692772150039673,1.3523399829864502,1.1451913118362427
train:69_0230.wav,train,Southern,CaMau,spk_69_0167,male,data/processed/audio_preprocessed_16s/train/Southern/69_0230.wav,16000,16.0,0.0812052453974113,0.911376953125,0.0492423798530463,-12.288691520690918,5.002213954925537,356.00251426017854,212.36853156717459,319.51451954651793,232.86518352231374,0.0013663403446938739,-76.36978149414062,25.131000518798828,-1.2784360647201538,7.690087795257568,-0.7607191801071167,-3.517267942428589,0.6840972304344177,-0.8922377824783325,-2.0677566528320312,0.16337960958480835,-1.806323766708374,-0.9475231170654297,-0.4416067898273468,12.7160062789917,4.517312049865723,5.496601104736328,3.7365872859954834,2.6130168437957764,4.2504777908325195,1.9748836755752563,2.009101629257202,2.204530954360962,1.493870735168457,1.3796164989471436,1.7084773778915405,1.4323683977127075
train:62_0082.wav,train,Southern,LongAn,spk_62_0065,female,data/processed/audio_preprocessed_16s/train/Southern/62_0082.wav,16000,16.0,0.08099376250671335,0.860504150390625,0.08389095269903397,-9.887356758117676,3.5155129432678223,620.6389183001853,342.05034740618834,487.31343677951526,294.38071034773793,0.011690198285245326,-61.14015197753906,18.243696212768555,-2.4263176918029785,1.2172638177871704,-3.5873260498046875,-1.8753639459609985,-1.2565369606018066,-0.9370184540748596,-0.6249920725822449,-0.9813571572303772,-1.254618763923645,-1.2754251956939697,-1.370607852935791,7.436468601226807,3.693289279937744,3.4613265991210938,2.601572275161743,2.1300904750823975,2.1860899925231934,1.5977815389633179,1.5759356021881104,1.5008851289749146,1.3024775981903076,1.4785419702529907,1.2345384359359741,1.0774258375167847
train:64_0004.wav,train,Southern,VinhLong,spk_64_0002,male,data/processed/audio_preprocessed_16s/train/Southern/64_0004.wav,16000,16.0,0.08127580932661568,0.50726318359375,0.07967609248473627,-11.619009971618652,4.672732353210449,611.3986448299422,506.37071343378017,419.40178153624106,355.8759158439999,0.014386706227860674,-72.21236419677734,20.328311920166016,1.1097851991653442,1.5473517179489136,-2.608433485031128,-3.296114683151245,-1.6167360544204712,0.6313342452049255,-0.5793852806091309,0.148542582988739,-0.48884811997413635,-0.23692813515663147,-1.6733545064926147,17.35532569885254,6.256842136383057,4.935709476470947,3.190467357635498,2.1959784030914307,2.681889295578003,1.959992527961731,1.9943548440933228,1.8831900358200073,1.577897548675537,1.6969685554504395,1.3608349561691284,1.6226030588150024
train:71_0097.wav,train,Southern,BenTre,spk_71_0046,male,data/processed/audio_preprocessed_16s/train/Southern/71_0097.wav,16000,16.0,0.08358282420514415,0.288177490234375,0.02072273719819218,-12.650238037109375,4.505625247955322,142.51198676074426,156.20589799822724,162.68813485746085,117.91787701659858,0.0007452506949076059,-79.30681610107422,22.944442749023438,4.949699401855469,3.1898186206817627,-0.10013005137443542,0.6819429397583008,-0.20328643918037415,2.4112021923065186,0.08570078015327454,1.1915512084960938,0.5744494199752808,0.6645054221153259,-0.22377735376358032,11.578458786010742,4.016732215881348,3.000142812728882,2.9984214305877686,3.177715301513672,2.3201611042022705,2.4368069171905518,1.5673693418502808,2.0967955589294434,1.5335352420806885,1.2602314949035645,1.4635660648345947,1.239742398262024
train:83_0158.wav,train,Southern,SocTrang,spk_83_0083,male,data/processed/audio_preprocessed_16s/train/Southern/83_0158.wav,16000,16.0,0.07958845883888495,0.707763671875,0.0949456833815757,-11.070429801940918,4.322373867034912,653.7591125490552,326.1741556159508,534.3943621626338,251.88477254646813,0.015119672642505733,-68.79804992675781,19.028066635131836,-4.165212631225586,3.3499464988708496,-4.029654502868652,-3.3658766746520996,-0.49422889947891235,-2.597342014312744,1.147010326385498,-0.634189248085022,-0.0965949222445488,0.39191868901252747,-2.6955668926239014,14.178966522216797,4.03154182434082,3.3748769760131836,3.4415011405944824,2.358231544494629,2.563307523727417,2.0562212467193604,2.454857587814331,2.1359612941741943,1.458828091621399,1.409069538116455,1.5134994983673096,1.743497610092163
train:72_0071.wav,train,Southern,BaRiaVungTau,spk_72_0064,male,data/processed/audio_preprocessed_16s/train/Southern/72_0071.wav,16000,16.0,0.07825366749156636,0.990020751953125,0.08659408825815726,-9.099286079406738,3.301142454147339,501.94383527592595,291.02426235617975,574.8842016309582,262.18271130109576,0.013209345858974002,-56.510433197021484,16.838184356689453,-0.2570081055164337,4.430245876312256,-1.2021758556365967,0.19980674982070923,-1.3759667873382568,-0.2847636938095093,-0.27759990096092224,0.8128830194473267,0.11704545468091965,0.5479673743247986,-0.15265566110610962,7.6310296058654785,3.1894774436950684,2.5861737728118896,1.836641550064087,1.463518500328064,1.5558130741119385,2.0894570350646973,1.1716703176498413,1.3359330892562866,1.1524686813354492,1.1101219654083252,1.137538194656372,1.1911367177963257
train:93_0204.wav,train,Southern,BinhPhuoc,spk_93_0127,male,data/processed/audio_preprocessed_16s/train/Southern/93_0204.wav,16000,16.0,0.07897920067614439,0.618682861328125,0.08100031640748596,-11.067863464355469,3.734020471572876,535.1423613249415,417.2920457297458,512.9334281121314,414.9705321129721,0.014168958885144715,-68.61895751953125,16.791513442993164,1.5479166507720947,1.6250113248825073,-3.975519895553589,-0.13891196250915527,-1.8176151514053345,0.39945849776268005,-1.0369523763656616,0.6319490671157837,-0.6938720941543579,-0.12964917719364166,-1.0003066062927246,12.452524185180664,4.4972381591796875,3.984591245651245,2.8865232467651367,3.010730743408203,2.7054519653320312,2.066896677017212,1.5000929832458496,1.9386796951293945,1.5101712942123413,1.1757019758224487,1.527243971824646,1.0670379400253296
train:59_0210.wav,train,Southern,HoChiMinh,spk_59_0180,male,data/processed/audio_preprocessed_16s/train/Southern/59_0210.wav,16000,16.0,0.07901345070913199,0.484039306640625,0.06202758604525799,-9.792608261108398,3.6296627521514893,422.25513620282214,173.41684211933543,365.1091737665411,182.31080641181407,0.006456329704127334,-60.90340042114258,20.710996627807617,-0.19747552275657654,2.642655372619629,-1.7262787818908691,0.16968868672847748,-1.4141736030578613,-0.36140701174736023,-0.9809610247612,0.8334118127822876,-0.7347376346588135,-1.3116397857666016,0.2926488220691681,5.205205917358398,3.0737464427948,2.3487250804901123,1.6985604763031006,2.2023208141326904,1.5218592882156372,1.7603106498718262,1.3879058361053467,1.274221420288086,1.2218310832977295,1.2120440006256104,1.264535903930664,1.1143229007720947
train:67_0174.wav,train,Southern,AnGiang,spk_67_0091,male,data/processed/audio_preprocessed_16s/train/Southern/67_0174.wav,16000,16.0,0.08161663772304696,0.572967529296875,0.07594560916253579,-9.58576774597168,3.102564811706543,446.12100322972594,197.68194789746775,542.3510672892822,282.29612849315987,0.015278584465685412,-59.839813232421875,16.328874588012695,1.4199365377426147,1.6019991636276245,-0.4059664309024811,-0.13654890656471252,-0.3019161522388458,0.5959563851356506,-0.21140490472316742,0.8739981651306152,-0.5425025820732117,-0.017346063628792763,-0.40293318033218384,6.871645927429199,2.925546646118164,2.784696102142334,2.435950756072998,2.7255101203918457,2.537982702255249,1.4612531661987305,1.4654484987258911,1.3260834217071533,1.1562153100967407,1.0922209024429321,1.164337396621704,1.0710914134979248
train:94_0026.wav,train,Southern,BacLieu,spk_94_0010,male,data/processed/audio_preprocessed_16s/train/Southern/94_0026.wav,16000,16.0,0.06333879775814977,0.714508056640625,0.06496900378517104,-14.296823501586914,7.104348182678223,436.6284062287261,414.6914431296054,424.92769543705185,411.0841726091668,0.38526725963834096,-89.56656646728516,8.92350959777832,-0.40159302949905396,1.047577977180481,-1.3278051614761353,-0.8076962232589722,-0.14036595821380615,1.0533545017242432,-0.44785699248313904,0.3598964810371399,-0.07472556084394455,-0.26117613911628723,-0.9214571118354797,43.495487213134766,7.190129280090332,3.071462392807007,2.2149577140808105,1.9208248853683472,1.8974592685699463,1.6244020462036133,1.5688555240631104,1.2177133560180664,1.1946277618408203,1.013790249824524,1.0494027137756348,1.1627745628356934
train:72_0070.wav,train,Southern,BaRiaVungTau,spk_72_0063,male,data/processed/audio_preprocessed_16s/train/Southern/72_0070.wav,16000,16.0,0.06912118490321978,0.990020751953125,0.07196121859851015,-11.707658767700195,5.8845391273498535,432.05780576114523,357.5535447162749,517.2714445803979,343.60136554512303,0.18073834688173612,-73.29634857177734,13.64998722076416,-0.9723505973815918,3.9483139514923096,-0.6158347725868225,0.26542091369628906,-0.240309476852417,-0.3735751211643219,0.14367051422595978,-0.05401410907506943,0.010494883172214031,-0.547277569770813,-0.6301140785217285,33.23188018798828,6.838200092315674,2.651991605758667,2.863978385925293,2.127079963684082,1.9009568691253662,1.4718912839889526,1.5977126359939575,1.4101221561431885,1.1587640047073364,1.1410250663757324,1.1880401372909546,1.175700068473816
test:70_0288.wav,test,Southern,TayNinh,spk_70_0152,male,data/processed/audio_preprocessed_16s/test/Southern/70_0288.wav,16000,16.0,0.06441444802368351,0.680999755859375,0.06551588092140985,-14.374481201171875,6.828094959259033,423.9892797173231,433.631583871227,414.0363029948748,497.841080789704,0.37122651161132486,-90.2936782836914,10.024160385131836,0.8418888449668884,0.29488351941108704,-2.317488670349121,-0.9779171943664551,-0.7385877370834351,-0.11676755547523499,-0.18086914718151093,-0.3424326181411743,-0.5439728498458862,-0.4698910713195801,-0.6584908366203308,41.09623336791992,8.178483009338379,2.3497846126556396,1.8628313541412354,2.505425214767456,1.8167117834091187,1.3580107688903809,1.0293258428573608,1.0154972076416016,0.9409570693969727,0.9161881804466248,0.873775064945221,0.9355087280273438
train:93_0237.wav,train,Southern,BinhPhuoc,spk_93_0153,female,data/processed/audio_preprocessed_16s/train/Southern/93_0237.wav,16000,16.0,0.04054164848274693,0.499267578125,0.027718858276790145,-19.5372371673584,6.0908660888671875,188.47886927949176,367.4232330675356,184.28992049876544,365.25828251309935,0.7480159331889473,-123.1918716430664,3.3350305557250977,-0.39594772458076477,0.22626885771751404,-0.42775240540504456,-0.2625924348831177,-0.4275444447994232,0.11250647157430649,-0.19705738127231598,0.1755141317844391,-0.33633580803871155,0.09995037317276001,0.10705244541168213,38.27813720703125,5.874899864196777,1.4387942552566528,1.3953155279159546,1.3622758388519287,1.193369746208191,1.015623688697815,1.0437089204788208,0.8078418970108032,0.7110916376113892,0.9467175006866455,0.7167736887931824,0.6274412274360657
train:95_0095.wav,train,Southern,HauGiang,spk_95_0075,male,data/processed/audio_preprocessed_16s/train/Southern/95_0095.wav,16000,16.0,0.07986339468440318,0.85076904296875,0.0960277188582768,-10.62760066986084,3.6461312770843506,660.2888764555316,386.06666177102034,578.0110198830791,334.23338072744076,0.013198131167662963,-65.729248046875,14.392524719238281,-1.739235520362854,-0.8234208226203918,-3.570380210876465,-3.7308638095855713,-5.8755598068237305,-1.542948603630066,-0.3428092896938324,-1.052719235420227,-1.3188759088516235,0.18676824867725372,-2.698420286178589,12.445504188537598,3.6240079402923584,3.241868734359741,2.4950082302093506,2.248518943786621,2.008988380432129,1.8774783611297607,1.4251619577407837,1.8638795614242554,1.5335928201675415,1.5097402334213257,1.5643277168273926,1.4199455976486206
train:59_0093.wav,train,Southern,HoChiMinh,spk_59_0079,male,data/processed/audio_preprocessed_16s/train/Southern/59_0093.wav,16000,16.0,0.07656623282631016,0.989990234375,0.10223868061984617,-10.628198623657227,3.492187976837158,701.1114271936759,246.472737022507,597.5678624457881,245.8245954520759,0.01970968469502525,-65.96631622314453,15.575793266296387,-4.858182907104492,1.0153061151504517,-3.8775153160095215,-3.068420171737671,-2.9568424224853516,-2.898874521255493,-0.7279860377311707,-0.6432661414146423,-1.6310763359069824,-1.3589365482330322,-1.3849046230316162,9.322137832641602,3.4434449672698975,3.4880528450012207,2.9090404510498047,2.0835189819335938,1.91373610496521,1.4532116651535034,1.680545687675476,1.917540431022644,1.3196240663528442,1.2819563150405884,1.1890164613723755,1.1061052083969116
train:71_0166.wav,train,Southern,BenTre,spk_71_0080,female,data/processed/audio_preprocessed_16s/train/Southern/71_0166.wav,16000,16.0,0.06956865657493944,0.619354248046875,0.06828151672467471,-13.877914428710938,5.967175483703613,467.70505072284834,339.607218010189,346.52819917817675,380.7775067093504,0.2575191197783021,-86.68809509277344,12.977784156799316,0.5822066068649292,-1.3925156593322754,-3.304276704788208,-2.770820140838623,-1.0900942087173462,-0.4688515365123749,-1.2369720935821533,-0.6011478304862976,-0.8359266519546509,-1.1613438129425049,-0.45562976598739624,33.943565368652344,8.219820022583008,2.8564293384552,2.7947001457214355,2.89654803276062,2.8022146224975586,1.595226526260376,1.2683037519454956,1.34299635887146,1.2368777990341187,1.2215737104415894,1.3845767974853516,0.8604010939598083
train:83_0021.wav,train,Southern,SocTrang,spk_83_0007,male,data/processed/audio_preprocessed_16s/train/Southern/83_0021.wav,16000,16.0,0.07426239892646035,0.80450439453125,0.13940679455779123,-11.268847465515137,5.324795246124268,932.3729144534083,563.9662745119471,879.1886397734112,485.29498126987437,0.190709468304784,-70.19794464111328,9.034234046936035,-1.8145042657852173,0.6312628388404846,-2.561708450317383,0.4869900345802307,-1.2611136436462402,-0.6821430921554565,-0.0073234206065535545,-0.2873062491416931,-0.19920149445533752,-0.010023150593042374,-0.892823338508606,31.40129852294922,4.615267276763916,2.789813280105591,2.15391206741333,2.867345094680786,1.8707026243209839,1.8710079193115234,1.248482346534729,1.5404634475708008,1.2961188554763794,1.1531965732574463,1.0859402418136597,1.3011902570724487
train:66_0058.wav,train,Southern,DongThap,spk_66_0048,male,data/processed/audio_preprocessed_16s/train/Southern/66_0058.wav,16000,16.0,0.08196693665534856,0.793182373046875,0.10669963554545135,-9.718245506286621,3.136916160583496,747.9250152843091,340.21997272494974,627.0201873938406,370.71286375781517,0.024244321167785444,-60.09819030761719,14.702998161315918,-3.667464017868042,0.19695770740509033,-2.93156361579895,-2.6397581100463867,-1.6672130823135376,-1.0893727540969849,-0.5976917743682861,-0.680139422416687,-2.224229335784912,-0.9087443947792053,-1.3518527746200562,7.75291109085083,3.2142248153686523,3.1492836475372314,2.3139493465423584,1.5979337692260742,2.6551122665405273,1.4899028539657593,1.530981183052063,1.8929555416107178,1.342276692390442,1.3147324323654175,1.3932914733886719,1.3068982362747192
test:95_0295.wav,test,Southern,HauGiang,spk_95_0235,male,data/processed/audio_preprocessed_16s/test/Southern/95_0295.wav,16000,16.0,0.0797109003500481,0.752197265625,0.05057832257157255,-11.73819351196289,4.854695796966553,361.19248389831284,207.5336691086033,294.8724806113474,211.0067267791569,0.0038946275960561006,-73.31710052490234,26.240970611572266,1.9887738227844238,2.856268882751465,0.7729082703590393,-2.5620882511138916,0.026165226474404335,0.046901773661375046,1.545052170753479,0.35178568959236145,-0.10198645293712616,-0.0509515143930912,-1.1554687023162842,10.972180366516113,6.119389533996582,4.981666088104248,2.9812443256378174,2.4285507202148438,2.914562463760376,1.5590535402297974,1.8178620338439941,2.0719847679138184,1.5872942209243774,1.2462158203125,1.2643117904663086,1.3126716613769531
test:84_0269.wav,test,Southern,TraVinh,spk_84_0126,male,data/processed/audio_preprocessed_16s/test/Southern/84_0269.wav,16000,16.0,0.0721553811144096,0.5218505859375,0.06909792616377408,-11.630111694335938,4.176469326019287,442.40630528229605,234.76606028454123,364.25099965398306,217.71514191139084,0.006208973194888479,-72.51469421386719,22.344499588012695,-0.9757934808731079,0.7557229995727539,-0.39486032724380493,-1.6168259382247925,-0.43207791447639465,-1.2584952116012573,-1.2408668994903564,0.1347961574792862,-0.3125218451023102,-0.2827853560447693,-0.1351628601551056,10.070989608764648,4.980618000030518,4.041265487670898,2.939310073852539,2.451751470565796,2.747999906539917,1.6234185695648193,2.0476365089416504,1.8177591562271118,1.4680185317993164,1.2504547834396362,1.2425411939620972,1.0376684665679932
train:72_0097.wav,train,Southern,BaRiaVungTau,spk_72_0086,female,data/processed/audio_preprocessed_16s/train/Southern/72_0097.wav,16000,16.0,0.07436703109206612,0.397003173828125,0.03071886999558592,-14.114851951599121,5.327115058898926,202.3293586164001,251.51577231112753,188.85355968383732,174.24568978566936,0.13492249769120382,-88.15232849121094,18.81361198425293,2.254136562347412,3.7184104919433594,-0.8345847725868225,-0.0618128776550293,1.5396430492401123,1.8140865564346313,1.7461116313934326,0.9786791205406189,1.2279771566390991,-0.45543327927589417,-0.15479469299316406,24.610021591186523,8.407735824584961,4.557556629180908,3.660106897354126,2.883715867996216,2.4847400188446045,1.7883458137512207,1.6204673051834106,1.8414762020111084,1.4030859470367432,1.53074049949646,1.197679042816162,1.1679770946502686
train:70_0210.wav,train,Southern,TayNinh,spk_70_0106,male,data/processed/audio_preprocessed_16s/train/Southern/70_0210.wav,16000,16.0,0.07876871585417446,0.57720947265625,0.062070554963105325,-10.93565845489502,3.985680103302002,414.00360713392485,392.1417651910507,416.32149237401933,358.29216043300363,0.00969256784032653,-68.34562683105469,20.101322174072266,2.373880624771118,3.44223690032959,-1.3460767269134521,-1.3387670516967773,-1.2393988370895386,2.0961246490478516,-0.7344974279403687,1.7505518198013306,0.5039583444595337,0.6193746328353882,0.21116308867931366,9.498743057250977,5.717658042907715,3.2211294174194336,2.8572263717651367,2.0843210220336914,3.0274605751037598,1.7470405101776123,1.6261091232299805,1.4826008081436157,1.2895565032958984,1.3662569522857666,1.2329450845718384,1.2516365051269531
train:65_0013.wav,train,Southern,CanTho,spk_65_0010,male,data/processed/audio_preprocessed_16s/train/Southern/65_0013.wav,16000,16.0,0.07361520380050064,0.488006591796875,0.05444552517783273,-12.06595230102539,5.79070520401001,408.60973758349985,238.44363652909632,322.02903509560105,202.27205720467597,0.15503787467771984,-75.34423828125,16.925495147705078,0.0087099215015769,1.7862417697906494,-1.498913049697876,-2.003220558166504,-1.1652820110321045,0.4242894649505615,-1.1422502994537354,0.8846093416213989,-0.732346773147583,0.5603074431419373,-0.5205170512199402,30.69042205810547,7.591073513031006,3.1202166080474854,2.8234548568725586,2.361703634262085,2.6627910137176514,1.706626534461975,1.5468677282333374,1.6400244235992432,1.6290420293807983,1.3299174308776855,1.3095461130142212,1.4308345317840576
train:64_0200.wav,train,Southern,VinhLong,spk_64_0097,male,data/processed/audio_preprocessed_16s/train/Southern/64_0200.wav,16000,16.0,0.07789957563828241,0.65228271484375,0.055945531037230614,-11.105655670166016,3.6537435054779053,371.7923503387522,313.9487540202795,361.15745176858024,270.3831948542537,0.00971762875975484,-69.10664367675781,18.687274932861328,4.187582969665527,3.075434923171997,-1.3810851573944092,-1.3684654235839844,-1.0075650215148926,0.13008998334407806,-1.5664911270141602,-0.11338401585817337,-0.6914692521095276,-0.08009135723114014,-0.8442811965942383,9.302131652832031,3.7651569843292236,2.804877758026123,2.3568356037139893,2.375924587249756,2.518444776535034,1.8056786060333252,1.5507763624191284,1.949720859527588,1.4327735900878906,1.1863069534301758,1.1680976152420044,1.0762673616409302
train:61_0211.wav,train,Southern,BinhDuong,spk_61_0156,female,data/processed/audio_preprocessed_16s/train/Southern/61_0211.wav,16000,16.0,0.07499090237487786,0.48681640625,0.09076207328934878,-10.139776229858398,2.9849398136138916,587.3716762607656,664.976066306626,590.1869994940305,413.4303768266707,0.022844149187539825,-62.83656692504883,14.430069923400879,1.9660301208496094,-0.2674914300441742,-1.625235915184021,-0.3519795536994934,-1.4243136644363403,0.5803607702255249,-1.9067996740341187,-0.7853386402130127,-1.0786672830581665,-0.7662990093231201,-0.2126980721950531,7.476726055145264,3.9204885959625244,3.076589822769165,2.9412150382995605,2.4383161067962646,2.332068681716919,1.5977622270584106,1.688214898109436,1.7079517841339111,1.4147471189498901,1.3607254028320312,1.1751585006713867,1.1475000381469727
train:70_0074.wav,train,Southern,TayNinh,spk_70_0037,male,data/processed/audio_preprocessed_16s/train/Southern/70_0074.wav,16000,16.0,0.07918130283244325,0.496826171875,0.06117211395357013,-10.827201843261719,4.1282429695129395,429.1614201868486,139.9653862244668,325.1267796617195,146.04487026627444,0.023462965535456872,-67.47992706298828,20.500591278076172,1.0597586631774902,1.1754577159881592,-3.423720359802246,-0.010182675905525684,-1.0934213399887085,-0.37269601225852966,-0.276790976524353,-0.2842334806919098,0.04095355421304703,-0.009912757202982903,-0.6903051733970642,13.602534294128418,3.965029716491699,2.4069862365722656,2.350459098815918,2.113957643508911,1.6751402616500854,1.6562758684158325,1.5221812725067139,1.3635740280151367,1.3295581340789795,1.047300100326538,1.2719221115112305,1.0979104042053223
train:71_0046.wav,train,Southern,BenTre,spk_71_0023,male,data/processed/audio_preprocessed_16s/train/Southern/71_0046.wav,16000,16.0,0.07941991163066302,0.515869140625,0.08632846222055555,-11.307354927062988,3.6491520404815674,582.7655538275199,436.06087046416127,505.4054918262512,470.5287050722543,0.0396686642219644,-70.15866088867188,16.950881958007812,1.3870471715927124,-0.7550321221351624,-3.7205684185028076,-2.5199217796325684,-1.7719613313674927,-1.2906084060668945,-1.7936643362045288,-1.4459683895111084,-1.6003363132476807,-0.9575355052947998,-1.0377105474472046,11.268725395202637,5.972853660583496,3.049837112426758,2.6907057762145996,2.452758312225342,2.0724565982818604,1.5241094827651978,1.4885892868041992,1.2633702754974365,1.2035046815872192,1.1944177150726318,1.4886741638183594,1.2410012483596802
train:61_0066.wav,train,Southern,BinhDuong,spk_61_0048,male,data/processed/audio_preprocessed_16s/train/Southern/61_0066.wav,16000,16.0,0.0791777733425181,0.4617919921875,0.09514880917503583,-9.63327693939209,3.2413113117218018,673.1638886563339,419.56799101553025,718.0464983927096,398.97117154106564,0.020265474132016133,-59.717952728271484,13.818812370300293,1.5340566635131836,1.3081958293914795,-2.6436848640441895,-0.4518003463745117,-3.745070457458496,0.9049241542816162,-1.5151631832122803,-0.1611938327550888,-0.28671953082084656,-0.6554881930351257,-0.30149829387664795,10.627092361450195,3.5043249130249023,3.1808156967163086,2.7385413646698,2.7266311645507812,2.626396656036377,2.580087900161743,1.8500159978866577,1.5728713274002075,1.4714919328689575,1.4701299667358398,1.3358983993530273,1.3154680728912354
train:71_0176.wav,train,Southern,BenTre,spk_71_0085,female,data/processed/audio_preprocessed_16s/train/Southern/71_0176.wav,16000,16.0,0.0731679245711646,0.596160888671875,0.07021902429306365,-12.925148963928223,5.6986613273620605,521.9477013730401,354.64716697456805,392.33857442498567,309.10613573201505,0.17167212081947747,-80.50697326660156,15.787522315979004,-2.2921676635742188,1.2795778512954712,-4.314014434814453,-2.12504506111145,-1.7032045125961304,-1.8586149215698242,-0.427031546831131,-1.0121676921844482,-1.4709028005599976,-1.2460038661956787,-0.7086930274963379,30.072019577026367,8.116843223571777,4.410140514373779,2.738574981689453,3.207916021347046,2.218390703201294,1.6902782917022705,1.722178339958191,1.4462387561798096,1.1655759811401367,1.3719735145568848,1.2727348804473877,1.0109307765960693
train:61_0005.wav,train,Southern,BinhDuong,spk_61_0003,female,data/processed/audio_preprocessed_16s/train/Southern/61_0005.wav,16000,16.0,0.07782503011805,0.61883544921875,0.09192223407122684,-10.455081939697266,3.8672122955322266,690.4330470189267,208.64349810848054,443.4251329358789,202.30064113468214,0.004585371553685225,-64.66639709472656,20.132469177246094,-6.545087814331055,1.3591943979263306,-4.799642086029053,-1.9386646747589111,-0.7983762621879578,0.918205201625824,-1.2376223802566528,-0.8968561291694641,-0.9205475449562073,-1.010195016860962,-0.5226854085922241,7.020205020904541,3.033514976501465,2.764585494995117,2.4830315113067627,2.0804316997528076,2.294212818145752,1.5782362222671509,1.8123910427093506,1.5480351448059082,1.3455594778060913,1.4946295022964478,1.4369728565216064,1.1089376211166382
test:63_0283.wav,test,Southern,TienGiang,spk_63_0153,male,data/processed/audio_preprocessed_16s/test/Southern/63_0283.wav,16000,16.0,0.07500372672020297,0.4632568359375,0.0712268407298466,-11.661640167236328,5.3332414627075195,503.4969428524418,537.6630894915978,495.311654200387,400.3195400542815,0.1321253435280742,-72.73041534423828,13.320544242858887,2.5607142448425293,2.293841600418091,-2.018726348876953,-0.9367313385009766,-0.8862049579620361,-0.18323498964309692,-0.0964161679148674,-0.35005101561546326,-0.41318994760513306,-1.1483619213104248,-0.2773909270763397,29.31232452392578,5.985945701599121,3.797206401824951,2.7547008991241455,2.4661927223205566,2.583597421646118,2.121002674102783,2.0512654781341553,1.54300856590271,1.3856374025344849,1.44161057472229,1.3985135555267334,1.1855190992355347
train:62_0092.wav,train,Southern,LongAn,spk_62_0074,male,data/processed/audio_preprocessed_16s/train/Southern/62_0092.wav,16000,16.0,0.08067444034100633,0.8006591796875,0.08671127621592271,-10.893648147583008,4.389369964599609,626.3415327197025,499.5538720992484,537.2479580506392,311.3290819764788,0.015068302509678578,-67.6609878540039,17.836360931396484,-0.24873366951942444,1.6044869422912598,-3.437946081161499,-0.35976749658584595,-2.184321641921997,1.3706583976745605,-2.615457534790039,1.0759495496749878,-0.16413217782974243,-1.260367751121521,-0.9689620733261108,17.746261596679688,4.784801006317139,4.133345127105713,3.101208209991455,2.5130369663238525,2.4221954345703125,2.0548386573791504,2.0248332023620605,2.178987979888916,1.5933276414871216,1.263353943824768,1.4964183568954468,1.9370007514953613
train:63_0171.wav,train,Southern,TienGiang,spk_63_0095,male,data/processed/audio_preprocessed_16s/train/Southern/63_0171.wav,16000,16.0,0.08351132759375804,0.49774169921875,0.08223469622928214,-9.538909912109375,3.325812816619873,556.4889429361971,362.03397315820763,561.3177641925029,375.06854917844754,0.013197819709428724,-59.01399612426758,15.971220016479492,1.3888638019561768,3.4638922214508057,-2.6738288402557373,-1.217889428138733,-2.1690673828125,0.7627662420272827,-0.4060581624507904,-0.4676002860069275,-1.2255100011825562,-0.5181321501731873,-1.1690747737884521,8.269001960754395,3.417165756225586,4.0170087814331055,2.5821032524108887,2.1708831787109375,2.5907537937164307,2.069692611694336,2.1206307411193848,1.739700436592102,1.269121766090393,1.3305684328079224,1.5802000761032104,1.2479642629623413
train:93_0112.wav,train,Southern,BinhPhuoc,spk_93_0065,female,data/processed/audio_preprocessed_16s/train/Southern/93_0112.wav,16000,16.0,0.07764198834777086,0.50360107421875,0.0935081777663194,-11.836050987243652,4.267160892486572,652.2315394813666,476.9617389086041,448.63211838706565,419.34516279534216,0.07679548915831079,-73.10440826416016,13.41689395904541,-2.51816987991333,-2.07271409034729,-4.617781639099121,-4.086605548858643,-3.4070513248443604,-1.7738713026046753,-1.8374778032302856,-1.478439450263977,-1.9199120998382568,-1.3772050142288208,-1.2597792148590088,19.463926315307617,5.634186267852783,3.712242364883423,2.9858787059783936,2.620311737060547,2.568535327911377,2.0465126037597656,1.9665995836257935,1.6377266645431519,1.5542848110198975,1.647039532661438,1.4433460235595703,1.2827460765838623
train:71_0038.wav,train,Southern,BenTre,spk_71_0019,female,data/processed/audio_preprocessed_16s/train/Southern/71_0038.wav,16000,16.0,0.07651672298135248,0.384033203125,0.08778159289684725,-11.713168144226074,4.756494998931885,661.3616320883431,368.8423573525552,506.6928793422623,363.9995573187688,0.1022007128278246,-72.50440979003906,12.169453620910645,-1.7679542303085327,-3.0565242767333984,-5.27208948135376,-2.3362903594970703,-2.3469624519348145,-1.9611670970916748,-2.0031158924102783,-1.4352251291275024,-1.0109758377075195,-1.350826621055603,-0.9054569005966187,24.624794006347656,5.841919422149658,2.9830143451690674,2.8644843101501465,2.874851703643799,2.7581980228424072,1.7235976457595825,1.8312321901321411,1.6636244058609009,1.4499609470367432,1.4405033588409424,1.5670937299728394,1.137665033340454
train:93_0183.wav,train,Southern,BinhPhuoc,spk_93_0114,male,data/processed/audio_preprocessed_16s/train/Southern/93_0183.wav,16000,16.0,0.07920428015818143,0.67266845703125,0.12390673401067973,-9.394622802734375,2.8980581760406494,798.3766120226653,714.4196674700368,838.6793253759896,618.9587039565545,0.06450230064938266,-58.46459197998047,13.440945625305176,2.559112787246704,3.045170545578003,-1.3280153274536133,-0.6772965788841248,-0.11813480406999588,-0.4369313716888428,-0.2426539808511734,0.4296726584434509,0.03342172130942345,0.09344787895679474,-0.5310118794441223,7.686905384063721,5.52898645401001,3.0330777168273926,2.6396987438201904,1.850545048713684,1.893526554107666,1.3870359659194946,1.454524040222168,1.2895464897155762,1.029964566230774,0.975262463092804,0.9863147139549255,0.9630036950111389
train:94_0110.wav,train,Southern,BacLieu,spk_94_0037,male,data/processed/audio_preprocessed_16s/train/Southern/94_0110.wav,16000,16.0,0.08511878188988067,0.847930908203125,0.07453154113883258,-10.639435768127441,4.098400592803955,549.4892838319565,215.8242394868421,343.0166463865224,190.3846174192072,0.0053283517391446685,-65.91382598876953,21.44513702392578,-2.3386549949645996,1.084887146949768,-3.7364327907562256,-1.1980541944503784,-1.6012603044509888,-0.6079277396202087,-0.9354175329208374,0.2998722791671753,-1.5471735000610352,-0.434852659702301,-1.3400161266326904,10.017261505126953,3.55049729347229,3.649526357650757,2.855325937271118,2.2210726737976074,2.1764402389526367,2.1758692264556885,1.7449414730072021,1.6137077808380127,1.5034860372543335,1.380293846130371,1.5921576023101807,1.2061798572540283
train:68_0215.wav,train,Southern,KienGiang,spk_68_0091,male,data/processed/audio_preprocessed_16s/train/Southern/68_0215.wav,16000,16.0,0.05461591630451085,0.388031005859375,0.0807620342266962,-11.956454277038574,4.224753379821777,576.1577870490745,379.39262323216366,447.7481047754298,423.4310555601926,0.022947253476345953,-74.21432495117188,19.75223159790039,-0.1495734304189682,1.7550218105316162,-4.500227451324463,-1.8662848472595215,-1.6924375295639038,-2.8948283195495605,-0.7202187180519104,-1.5986500978469849,0.5792660713195801,-0.9403823614120483,-1.2471998929977417,13.13432788848877,5.94533634185791,3.6349799633026123,2.7392687797546387,2.997957706451416,2.04602313041687,2.1668763160705566,2.067634344100952,1.5576958656311035,1.5868010520935059,1.3733165264129639,1.593577265739441,1.3506988286972046
train:65_0037.wav,train,Southern,CanTho,spk_65_0032,male,data/processed/audio_preprocessed_16s/train/Southern/65_0037.wav,16000,16.0,0.079846684544225,0.744598388671875,0.10059804921112973,-10.478940963745117,3.506343364715576,706.7371855693659,561.2467161156138,623.7827959592192,397.90019111658154,0.02638228031526881,-64.96408081054688,14.936885833740234,0.9244891405105591,0.7672706842422485,-3.1990089416503906,-3.1317410469055176,-1.751076102256775,-1.024267315864563,-1.2863845825195312,-1.0059397220611572,-0.3395739495754242,-0.6523578763008118,-1.4034993648529053,11.591351509094238,4.664104461669922,3.4773054122924805,3.324244499206543,2.0108160972595215,2.4153475761413574,1.7454725503921509,1.6423637866973877,1.5132895708084106,1.420403003692627,1.4075548648834229,1.3679442405700684,1.3389374017715454
train:60_0210.wav,train,Southern,DongNai,spk_60_0106,female,data/processed/audio_preprocessed_16s/train/Southern/60_0210.wav,16000,16.0,0.07686817930110161,0.60162353515625,0.13816460220547735,-9.341038703918457,2.8468663692474365,971.157284335898,451.31950729358044,739.3932967328619,336.3010602376195,0.029749191965668633,-57.591922760009766,11.926947593688965,-5.664910793304443,0.00705912197008729,-5.837986946105957,-0.36557313799858093,-1.4992039203643799,-1.1088895797729492,-1.6944494247436523,-1.0122631788253784,-0.7667837738990784,-0.9783177375793457,-1.3594495058059692,5.4074225425720215,3.348447322845459,2.2570724487304688,2.128833532333374,1.6956263780593872,2.368164539337158,1.4147443771362305,1.542294979095459,1.40744149684906,1.3752681016921997,1.45154869556427,1.4835081100463867,1.2091253995895386
train:69_0146.wav,train,Southern,CaMau,spk_69_0101,female,data/processed/audio_preprocessed_16s/train/Southern/69_0146.wav,16000,16.0,0.0749940150563391,0.463531494140625,0.1231098558978746,-11.699774742126465,5.131165504455566,919.9607281920477,772.363823893101,689.184490375239,505.6945713670509,0.15761016231583982,-72.71356964111328,10.108186721801758,-3.0761423110961914,0.3210253417491913,-3.8730785846710205,-2.4670321941375732,-1.4089360237121582,-1.3295550346374512,-1.227555751800537,-0.6840216517448425,-1.8371354341506958,-0.32691508531570435,-0.5115806460380554,28.73772430419922,5.572046279907227,4.026605129241943,2.8061325550079346,2.6717894077301025,2.7140331268310547,1.6829482316970825,2.331646203994751,1.658089518547058,1.4519028663635254,1.6418260335922241,1.2136818170547485,1.0218790769577026
train:66_0032.wav,train,Southern,DongThap,spk_66_0028,male,data/processed/audio_preprocessed_16s/train/Southern/66_0032.wav,16000,16.0,0.060056723310523634,0.989990234375,0.04141422427431357,-15.468759536743164,6.733368873596191,299.26502355707385,350.9670003062645,320.03439154534027,347.3885039272181,0.37242900253444056,-97.2718505859375,13.577842712402344,-1.6889019012451172,4.012574672698975,-1.0592039823532104,-0.8549849987030029,0.5427165031433105,-0.07119641453027725,0.3550560176372528,0.229509636759758,-0.3218291401863098,-0.13156923651695251,-0.21854177117347717,38.13849639892578,11.015727043151855,4.028895378112793,4.073849678039551,2.2564380168914795,2.4992551803588867,1.3907989263534546,1.416917085647583,1.3738576173782349,0.9640803933143616,0.9248513579368591,1.0952516794204712,0.8886750340461731
train:84_0205.wav,train,Southern,TraVinh,spk_84_0108,male,data/processed/audio_preprocessed_16s/train/Southern/84_0205.wav,16000,16.0,0.08012527707493874,0.6661376953125,0.08389095269903397,-9.821610450744629,3.0719337463378906,479.1710838744629,327.2394769942545,567.1265827167217,395.18358144647715,0.018679551594127906,-61.035709381103516,15.308075904846191,3.862351179122925,4.920643329620361,-2.137321949005127,-1.364000678062439,-0.6316635012626648,0.02880447544157505,-1.1355804204940796,1.0128885507583618,-0.608417272567749,-0.5648743510246277,-0.6193375587463379,5.626718521118164,3.7600276470184326,2.1632461547851562,2.9441211223602295,2.2081902027130127,2.1238722801208496,1.7664577960968018,1.5666189193725586,1.3579708337783813,1.1977821588516235,1.1153512001037598,1.0015690326690674,1.1285099983215332
train:63_0036.wav,train,Southern,TienGiang,spk_63_0024,female,data/processed/audio_preprocessed_16s/train/Southern/63_0036.wav,16000,16.0,0.07150111978946234,0.990020751953125,0.13512943409935196,-10.857731819152832,3.301290512084961,937.3980502347946,670.9173435800219,787.5631986102665,552.8601878973321,0.046372923863962134,-67.11494445800781,10.390685081481934,-1.0502009391784668,-1.0686854124069214,-5.737085342407227,-4.3830485343933105,-3.1449708938598633,-1.639808177947998,-0.9405640959739685,-1.536503791809082,-0.7567333579063416,-1.358679175376892,-0.7481207847595215,12.227705955505371,4.395552635192871,4.220233917236328,3.0636508464813232,2.6955347061157227,2.442230224609375,1.9723474979400635,1.6939911842346191,1.6980838775634766,1.406808853149414,1.4807496070861816,1.4804836511611938,1.176506519317627
train:84_0218.wav,train,Southern,TraVinh,spk_84_0112,male,data/processed/audio_preprocessed_16s/train/Southern/84_0218.wav,16000,16.0,0.0747103572105635,0.659942626953125,0.06512525439552498,-10.686976432800293,3.7420639991760254,450.7074724709409,250.0986367832246,407.5075979719733,262.51779174523654,0.009226145749258811,-66.41417694091797,18.55234146118164,1.7046668529510498,2.509639263153076,-1.5546765327453613,-1.685726284980774,-1.7815576791763306,-1.7270618677139282,-0.6375327706336975,0.46763876080513,1.0439443588256836,-0.39422088861465454,-1.9212942123413086,10.719979286193848,3.6555862426757812,3.1197402477264404,2.6798155307769775,1.9541031122207642,2.0571134090423584,1.8243204355239868,1.6665599346160889,1.700810194015503,1.451300024986267,1.5223679542541504,1.1683681011199951,1.6050565242767334
valid:72_0265.wav,valid,Southern,BaRiaVungTau,spk_72_0232,female,data/processed/audio_preprocessed_16s/valid/Southern/72_0265.wav,16000,16.0,0.07940201333420165,0.796295166015625,0.09653943960718596,-9.661249160766602,3.2842354774475098,661.749880051874,281.84012412192897,584.4414632997446,307.6216737118991,0.013446160150692221,-59.76136016845703,16.553810119628906,-2.5910634994506836,2.219928026199341,-3.839432716369629,-1.9690299034118652,-1.157611608505249,-0.918877899646759,-0.5204160213470459,0.30090418457984924,-0.599006712436676,-0.8836716413497925,-1.3194876909255981,6.767311096191406,3.0992159843444824,2.716310501098633,2.189284324645996,2.4486758708953857,2.4279704093933105,1.6520901918411255,1.4944967031478882,1.4661507606506348,1.3347631692886353,1.2857905626296997,1.2023154497146606,1.5049351453781128
train:94_0045.wav,train,Southern,BacLieu,spk_94_0017,male,data/processed/audio_preprocessed_16s/train/Southern/94_0045.wav,16000,16.0,0.08201943120684098,0.8193359375,0.07589092144891191,-9.812224388122559,3.7303240299224854,503.6588784260556,143.2560182383906,420.1537998354616,175.88060161506513,0.00584542533000747,-60.86085510253906,21.253643035888672,-3.2569119930267334,1.0345823764801025,0.6359807848930359,-4.037262439727783,-1.3076486587524414,0.29742705821990967,-1.6070384979248047,-0.1220845878124237,-1.4686249494552612,-1.0907707214355469,-1.2046928405761719,4.6287970542907715,3.1067585945129395,2.33964467048645,1.8754076957702637,1.8584485054016113,2.21451735496521,1.297459602355957,1.3926634788513184,1.1482417583465576,0.905289351940155,0.9615064859390259,0.8547044396400452,0.9430554509162903
train:72_0102.wav,train,Southern,BaRiaVungTau,spk_72_0090,female,data/processed/audio_preprocessed_16s/train/Southern/72_0102.wav,16000,16.0,0.08432627823639298,0.989990234375,0.09705506662135399,-10.372267723083496,3.536386489868164,689.8304959223287,515.6259244717273,621.3277662697442,387.25218988352424,0.016869247785214314,-63.896034240722656,13.20965576171875,-0.6286337971687317,0.4487674832344055,-0.3861149549484253,1.2413054704666138,-0.3744789659976959,-0.838042140007019,-0.30344250798225403,-0.29395219683647156,-0.012826846912503242,-0.3254640996456146,-0.102930448949337,14.109094619750977,4.744100570678711,4.344737529754639,3.7873167991638184,2.7150630950927734,2.6443471908569336,1.965932011604309,2.1672122478485107,1.6878949403762817,1.7128410339355469,1.5778559446334839,1.4952675104141235,1.2254620790481567
train:93_0193.wav,train,Southern,BinhPhuoc,spk_93_0121,female,data/processed/audio_preprocessed_16s/train/Southern/93_0193.wav,16000,16.0,0.06978609329222571,0.743377685546875,0.0832425126660651,-13.514408111572266,6.109870433807373,591.7652793924602,580.3890272315033,493.55571073479615,508.1185009677476,0.25701464726231055,-84.34546661376953,11.424277305603027,-1.8568580150604248,0.27331098914146423,-3.753176689147949,-0.4136095643043518,-0.4224245846271515,-0.7943865656852722,-1.6884174346923828,0.27571091055870056,-1.616680383682251,-0.16526462137699127,-0.04918293282389641,35.34928512573242,7.799721717834473,3.1236355304718018,2.288547992706299,3.606123685836792,2.2317161560058594,1.6847699880599976,1.696329116821289,2.0035805702209473,1.2698901891708374,2.0050580501556396,1.362504005432129,1.1814939975738525
train:94_0044.wav,train,Southern,BacLieu,spk_94_0016,male,data/processed/audio_preprocessed_16s/train/Southern/94_0044.wav,16000,16.0,0.07847340526621083,0.717620849609375,0.053836147797452334,-10.672076225280762,4.42209005355835,384.3158645975348,167.65531363323876,296.11979388038156,110.2416472023048,0.03927323223958328,-66.44020080566406,19.926061630249023,2.1767470836639404,0.8921123147010803,-1.917164921760559,0.3558378517627716,-1.2453486919403076,-1.1164244413375854,-0.6810960173606873,0.7281292676925659,-1.3157658576965332,-0.7505374550819397,-1.1426416635513306,17.401321411132812,4.393869400024414,2.540229558944702,2.507690906524658,2.004768133163452,1.9327335357666016,1.5956804752349854,1.5849627256393433,1.4412894248962402,1.3863457441329956,1.1890308856964111,1.375724196434021,1.2428900003433228
train:65_0162.wav,train,Southern,CanTho,spk_65_0129,male,data/processed/audio_preprocessed_16s/train/Southern/65_0162.wav,16000,16.0,0.0815056651483632,0.539031982421875,0.08152766221743053,-10.023589134216309,3.578380823135376,562.330424543926,288.7798008281666,531.7066291044366,246.78488671455125,0.012591763029694284,-62.371097564697266,17.916051864624023,-0.8347454071044922,2.0917890071868896,-2.7994635105133057,-0.539583683013916,0.4492455720901489,-0.957507848739624,1.054492473602295,-0.016314184293150902,-0.21558716893196106,0.13642661273479462,-1.0759611129760742,9.861466407775879,3.149636745452881,2.5899155139923096,2.8038387298583984,2.2091071605682373,2.030547857284546,1.6928120851516724,2.1671719551086426,1.6992863416671753,1.6103577613830566,1.3890637159347534,1.2956663370132446,1.4454600811004639
train:70_0070.wav,train,Southern,TayNinh,spk_70_0036,female,data/processed/audio_preprocessed_16s/train/Southern/70_0070.wav,16000,16.0,0.07899727455534976,0.513946533203125,0.09222301649615819,-10.57097339630127,3.4967517852783203,674.4412810243675,338.260401401577,412.0293122935008,292.78885888484405,0.010690839814550443,-65.08526611328125,14.992582321166992,-4.890769958496094,-3.6071534156799316,-6.959104537963867,-3.6132922172546387,-2.751295328140259,-2.1092443466186523,-2.4655303955078125,-1.4838881492614746,-2.2577219009399414,-1.9310169219970703,-0.6754385232925415,6.305511474609375,4.046681880950928,3.3785316944122314,2.21440052986145,2.5568792819976807,2.089827299118042,1.7748790979385376,1.5409711599349976,1.3756157159805298,1.4357666969299316,1.2692784070968628,1.254483699798584,1.1587326526641846
train:95_0217.wav,train,Southern,HauGiang,spk_95_0168,male,data/processed/audio_preprocessed_16s/train/Southern/95_0217.wav,16000,16.0,0.08439626657978924,0.351593017578125,0.12392626533697397,-9.613697052001953,3.050832748413086,796.0533846183666,866.0653140042258,694.3275442171799,493.84183331168134,0.026356959233877892,-59.68748474121094,15.189579010009766,0.7583649754524231,1.3052746057510376,-2.2927260398864746,-0.28917527198791504,-1.1926168203353882,0.6407799124717712,-0.7911773920059204,0.8448010087013245,-1.812709927558899,-0.5345997214317322,-0.8309229016304016,7.3898162841796875,4.07502555847168,2.350764513015747,2.6063568592071533,2.1745290756225586,2.504713535308838,1.7753090858459473,1.6085306406021118,1.476743459701538,1.393908977508545,1.293580412864685,1.2668828964233398,1.0126224756240845
train:69_0160.wav,train,Southern,CaMau,spk_69_0108,male,data/processed/audio_preprocessed_16s/train/Southern/69_0160.wav,16000,16.0,0.07534546806462636,0.658660888671875,0.0768128000500002,-9.714892387390137,3.1407294273376465,462.2396812254567,205.67387994493677,520.5438608769628,290.2125559698348,0.014854167315333658,-60.565547943115234,16.792396545410156,2.1430912017822266,-0.9898242950439453,0.6521570682525635,-0.19408369064331055,-2.375417709350586,-1.4485151767730713,-0.23708562552928925,0.4277387261390686,-0.5541468262672424,0.07446509599685669,-0.8213567137718201,6.787014007568359,2.888563394546509,2.1443002223968506,1.9450254440307617,1.633705973625183,2.078721284866333,1.5825951099395752,1.4370185136795044,1.3918795585632324,1.2911393642425537,1.248225450515747,1.1432960033416748,1.4064702987670898
train:61_0056.wav,train,Southern,BinhDuong,spk_61_0041,male,data/processed/audio_preprocessed_16s/train/Southern/61_0056.wav,16000,16.0,0.08052098732119059,0.809722900390625,0.10399259372106923,-10.78044605255127,4.301881313323975,797.7539214016273,676.2994427384272,571.0245471716879,391.74482511434667,0.016184649603114692,-66.58873748779297,18.151979446411133,-3.7454378604888916,3.250053644180298,-2.3029651641845703,-3.238218307495117,-2.120574474334717,-0.18454237282276154,-0.10189846158027649,-1.2810494899749756,-1.788007140159607,-0.8044982552528381,-1.3385220766067505,14.598984718322754,6.327902317047119,5.383885860443115,3.2655341625213623,2.478517770767212,2.9228594303131104,2.4684133529663086,2.2158732414245605,2.0664517879486084,1.703827977180481,1.7489466667175293,1.6212059259414673,1.3659899234771729
valid:68_0228.wav,valid,Southern,KienGiang,spk_68_0097,male,data/processed/audio_preprocessed_16s/valid/Southern/68_0228.wav,16000,16.0,0.08046956388304478,0.784637451171875,0.11862155711545748,-10.15009593963623,3.256047487258911,786.7833804621168,634.1171898263698,641.5139466158472,565.2695903874735,0.029186931508233708,-63.05344772338867,15.214517593383789,0.29820042848587036,-3.0851938724517822,-2.4409525394439697,-1.8243106603622437,-2.1815147399902344,-0.47484803199768066,-0.6257532835006714,0.33100441098213196,-1.714153528213501,0.29289713501930237,-1.9195129871368408,8.650537490844727,4.631804466247559,3.0377676486968994,2.2897841930389404,2.111419677734375,2.235870599746704,2.0463764667510986,1.6106871366500854,1.7007129192352295,1.304429054260254,1.1497348546981812,1.3249162435531616,1.2220463752746582
train:60_0107.wav,train,Southern,DongNai,spk_60_0053,male,data/processed/audio_preprocessed_16s/train/Southern/60_0107.wav,16000,16.0,0.0812376979177361,0.465545654296875,0.06527759874062009,-10.83621597290039,3.8468809127807617,424.6656703297931,461.52296541150145,406.91161102080383,403.5018340066893,0.008606694267310543,-67.17755889892578,19.389123916625977,2.3830344676971436,5.391262531280518,-1.7722119092941284,-2.2582154273986816,-1.1306335926055908,-0.4871845245361328,-1.2440372705459595,-0.6205207705497742,-0.10226888954639435,-1.5607666969299316,-0.7633824348449707,8.204689025878906,4.732673168182373,3.721012592315674,2.729792594909668,2.4646999835968018,3.084247589111328,2.006469488143921,2.3721280097961426,1.846808671951294,1.499471664428711,1.5562227964401245,1.5801005363464355,1.2331156730651855
train:59_0136.wav,train,Southern,HoChiMinh,spk_59_0112,male,data/processed/audio_preprocessed_16s/train/Southern/59_0136.wav,16000,16.0,0.07928622649132433,0.7056884765625,0.08938706791823406,-11.10851001739502,3.80084228515625,647.1966269412096,322.48523599453677,432.6889087535852,392.33943694172797,0.017941204171445287,-68.98297882080078,16.67298698425293,-1.7614010572433472,-2.691178798675537,-5.3343048095703125,-4.300085544586182,-3.48376727104187,-0.15104295313358307,-2.108788251876831,-0.968231737613678,-0.6557472944259644,0.0685385912656784,-1.4716010093688965,11.494546890258789,4.424312114715576,3.5579822063446045,2.884843587875366,2.2642815113067627,2.5246341228485107,1.8799333572387695,1.8377273082733154,1.5865163803100586,1.3652962446212769,1.3255891799926758,1.4074770212173462,1.3482915163040161
train:93_0245.wav,train,Southern,BinhPhuoc,spk_93_0156,female,data/processed/audio_preprocessed_16s/train/Southern/93_0245.wav,16000,16.0,0.08029018725478884,0.95379638671875,0.1998171867858859,-9.768115043640137,2.3724796772003174,1376.692950375872,1128.260840855754,1122.5261950842328,747.6817200999587,0.10056360021867833,-60.42134094238281,8.480839729309082,-0.3066905438899994,-0.27061212062835693,-0.8571195602416992,-0.09368938207626343,-0.6083937287330627,0.028130551800131798,-1.3563610315322876,-1.6797672510147095,-1.5272128582000732,-0.35754770040512085,-0.4241892993450165,6.4507293701171875,5.505858421325684,2.7608447074890137,2.7852983474731445,2.5762221813201904,2.1715247631073,1.73831045627594,1.5603870153427124,1.536203145980835,1.8186440467834473,1.8549283742904663,1.323643684387207,0.997061550617218
train:65_0075.wav,train,Southern,CanTho,spk_65_0062,male,data/processed/audio_preprocessed_16s/train/Southern/65_0075.wav,16000,16.0,0.07977043122771862,0.35064697265625,0.07313309817616476,-10.278908729553223,3.600402355194092,515.5146525836108,238.44863852606233,357.8031678773392,249.5383863906281,0.008205828986592797,-63.761016845703125,19.198503494262695,1.415619134902954,-0.1311892718076706,-3.949847459793091,-1.2473088502883911,-1.5642039775848389,-0.6744040250778198,-1.5569058656692505,-0.1850084513425827,-0.7110257744789124,-0.1714390069246292,-0.9631514549255371,6.95527982711792,3.9418139457702637,3.165515899658203,2.918243885040283,2.1504526138305664,1.9458545446395874,1.8606661558151245,1.493127703666687,1.4980493783950806,1.3579849004745483,1.2660391330718994,1.1593282222747803,1.2359249591827393
train:68_0038.wav,train,Southern,KienGiang,spk_68_0016,male,data/processed/audio_preprocessed_16s/train/Southern/68_0038.wav,16000,16.0,0.07331121209651469,0.3631591796875,0.10089492537080223,-9.079011917114258,3.005798816680908,709.9037076857552,221.9913256304409,592.5961923722286,195.16564954013637,0.019377738998397693,-56.329227447509766,15.57859992980957,-3.3463306427001953,0.8942517042160034,-2.9289770126342773,-1.3498183488845825,-1.306574821472168,-0.13425716757774353,-0.293979287147522,-0.5077440738677979,-0.2435862123966217,-0.5386999249458313,-0.953192949295044,6.064521789550781,2.6319832801818848,2.1339075565338135,2.2631783485412598,1.5213059186935425,1.8292876482009888,1.4202979803085327,1.3752319812774658,1.4809118509292603,1.2462364435195923,1.1370199918746948,1.075514554977417,1.3134084939956665
train:70_0119.wav,train,Southern,TayNinh,spk_70_0059,female,data/processed/audio_preprocessed_16s/train/Southern/70_0119.wav,16000,16.0,0.07926892627322522,0.368927001953125,0.11259028355579515,-10.854569435119629,3.7744061946868896,823.9895558157301,359.6914191921325,578.5460799539453,373.32707976756035,0.016204313357367797,-66.5544662475586,15.573843002319336,-6.737925052642822,0.2225329577922821,-5.118621826171875,-2.4304192066192627,-0.9813145399093628,-1.8551561832427979,-1.0869405269622803,-1.4208828210830688,-1.9096049070358276,-2.028952121734619,-0.9942770600318909,11.20135498046875,4.0053324699401855,4.129385948181152,2.6143035888671875,3.4336495399475098,2.7604310512542725,1.87203848361969,1.511889100074768,1.5393115282058716,1.4494813680648804,1.3665361404418945,1.784409761428833,1.3603582382202148
train:72_0013.wav,train,Southern,BaRiaVungTau,spk_72_0013,male,data/processed/audio_preprocessed_16s/train/Southern/72_0013.wav,16000,16.0,0.0766730156291535,0.419342041015625,0.07200809378161634,-10.836175918579102,4.880943775177002,477.9592867261188,248.5464732878693,447.7536795454949,307.70696142235647,0.09388699937340644,-67.56096649169922,16.810007095336914,-0.7889913320541382,1.9345752000808716,-1.3642289638519287,-1.1244431734085083,-0.5263311266899109,-0.410607248544693,-0.35643839836120605,0.25947365164756775,-0.852415919303894,-1.0237089395523071,-1.0167158842086792,24.297767639160156,6.2071146965026855,2.430997848510742,2.434211492538452,2.046168088912964,1.8496681451797485,1.5316842794418335,1.494532585144043,1.4994627237319946,1.1371512413024902,1.0806220769882202,1.2368069887161255,1.2506892681121826
train:71_0217.wav,train,Southern,BenTre,spk_71_0105,male,data/processed/audio_preprocessed_16s/train/Southern/71_0217.wav,16000,16.0,0.07803766932567405,0.64239501953125,0.07265653381458521,-11.740787506103516,4.15969181060791,469.5013203048041,247.55480153778095,442.93487027465625,341.57743503017116,0.061267656047490834,-73.03003692626953,15.071582794189453,2.5380139350891113,0.026604630053043365,-3.7302236557006836,-4.003946304321289,-2.335559844970703,-2.1416616439819336,-2.176603078842163,-0.6682727336883545,-1.1243247985839844,-1.3048077821731567,-1.2981507778167725,18.3424015045166,5.021705150604248,2.7816786766052246,2.3616015911102295,1.8627893924713135,2.1629984378814697,1.561340093612671,1.6303579807281494,1.5905336141586304,1.4751198291778564,1.2706761360168457,1.555773138999939,1.2482080459594727
train:65_0156.wav,train,Southern,CanTho,spk_65_0125,male,data/processed/audio_preprocessed_16s/train/Southern/65_0156.wav,16000,16.0,0.07707399794075859,0.7938232421875,0.08341438833745445,-10.875078201293945,4.624786376953125,501.3068463686977,638.2733040236458,559.2663823343681,449.37280300265684,0.09011856186542583,-67.95010375976562,15.296969413757324,3.330583095550537,1.8941445350646973,-0.9134067893028259,-0.06280656158924103,-1.2478350400924683,-0.12100973725318909,0.4865065813064575,-0.4230377674102783,0.6891752481460571,-0.07363591343164444,-0.3466838002204895,22.719877243041992,6.690404415130615,2.951324939727783,2.6233625411987305,1.6347479820251465,1.928892970085144,1.7752290964126587,1.2985808849334717,1.4128749370574951,1.2081985473632812,1.1607545614242554,1.0055286884307861,1.2418056726455688
train:72_0038.wav,train,Southern,BaRiaVungTau,spk_72_0036,male,data/processed/audio_preprocessed_16s/train/Southern/72_0038.wav,16000,16.0,0.05466282021550765,0.5477294921875,0.027507919952812317,-16.68949317932129,7.178433895111084,183.3338901172329,245.29206817944305,191.7885849524203,244.5075095574021,0.5344044525244109,-105.17029571533203,9.253705978393555,-0.24624118208885193,1.4097363948822021,0.07331837713718414,-0.26168081164360046,-0.2122899740934372,0.3625212013721466,0.20674975216388702,0.037209488451480865,0.09515560418367386,0.021691100671887398,-0.3653782904148102,43.317474365234375,10.116092681884766,1.6545166969299316,2.3719687461853027,1.5652244091033936,1.4919567108154297,1.0801763534545898,1.1306675672531128,1.0887677669525146,0.8832904100418091,0.8430032134056091,0.7895833849906921,1.0440421104431152
train:69_0012.wav,train,Southern,CaMau,spk_69_0009,male,data/processed/audio_preprocessed_16s/train/Southern/69_0012.wav,16000,16.0,0.07985382964381256,0.60302734375,0.17059051011918017,-9.942792892456055,2.9688689708709717,1082.0704908054806,875.0400383062808,1059.4989541716136,749.6772684312783,0.062485225695493384,-61.866371154785156,12.079172134399414,2.9460530281066895,2.340214729309082,-1.6528738737106323,0.5858798027038574,-1.9621376991271973,0.891926109790802,0.14784730970859528,-0.13666734099388123,-0.41886579990386963,0.7282205820083618,-1.3347281217575073,8.724325180053711,6.35678768157959,2.885747194290161,3.4710748195648193,2.7262871265411377,1.7160881757736206,2.2246434688568115,1.8269591331481934,1.4463332891464233,1.2726211547851562,1.3365097045898438,1.2537864446640015,1.4369529485702515
train:72_0023.wav,train,Southern,BaRiaVungTau,spk_72_0021,male,data/processed/audio_preprocessed_16s/train/Southern/72_0023.wav,16000,16.0,0.07875632800937181,0.7711181640625,0.09577771788171048,-9.656022071838379,3.3601696491241455,687.8773702114522,282.338280156296,560.6010889706126,244.35669044201725,0.01814724088348889,-59.9085578918457,16.995229721069336,-3.8611552715301514,1.4945498704910278,-1.77210533618927,-2.313122272491455,-1.558137059211731,0.8063654899597168,-0.5437716841697693,0.08218904584646225,-0.9546474814414978,-0.9902283549308777,-0.7761586308479309,8.021480560302734,3.6252245903015137,2.4593582153320312,2.5235095024108887,1.6104404926300049,2.301631450653076,1.701508641242981,1.7689837217330933,1.3992297649383545,1.3102445602416992,1.1350401639938354,1.2829909324645996,1.2808599472045898
train:69_0134.wav,train,Southern,CaMau,spk_69_0091,female,data/processed/audio_preprocessed_16s/train/Southern/69_0134.wav,16000,16.0,0.06662376483655587,0.4464111328125,0.05759397497646475,-14.862323760986328,6.424041748046875,439.5582280283178,333.7848086546781,262.6997750509165,241.23774778780978,0.30895879871804793,-92.72309112548828,13.103448867797852,-3.9728856086730957,-0.7175130248069763,-3.8340420722961426,-2.4522533416748047,-1.7311357259750366,-1.2964694499969482,-0.7122440934181213,-0.22808738052845,-1.8630285263061523,-1.5927871465682983,-0.3811895549297333,36.368995666503906,9.242752075195312,4.855712413787842,2.442107915878296,3.3923158645629883,2.552459239959717,1.9294624328613281,1.8002550601959229,1.3226046562194824,1.345742106437683,1.9616689682006836,1.6858288049697876,0.9891344308853149
valid:72_0267.wav,valid,Southern,BaRiaVungTau,spk_72_0234,female,data/processed/audio_preprocessed_16s/valid/Southern/72_0267.wav,16000,16.0,0.07230825435825232,0.656524658203125,0.11236762643604077,-9.452329635620117,2.984372854232788,764.6250446784475,421.11534238422826,703.4025538091859,337.991599500313,0.02220220861336422,-58.38423538208008,14.141830444335938,-2.3387696743011475,2.2904295921325684,-2.038573741912842,-0.8777037858963013,0.16232839226722717,0.15322497487068176,-0.24313926696777344,0.07739052921533585,-0.3893025815486908,-0.34749892354011536,-0.337006539106369,8.328933715820312,3.114401340484619,3.528968572616577,2.346789836883545,2.575592041015625,2.020012617111206,1.8477860689163208,1.4407196044921875,1.2581075429916382,1.1598937511444092,1.2098580598831177,1.108242392539978,1.1942222118377686
train:64_0179.wav,train,Southern,VinhLong,spk_64_0087,male,data/processed/audio_preprocessed_16s/train/Southern/64_0179.wav,16000,16.0,0.08080812213439083,0.91461181640625,0.08684408923472357,-11.3605375289917,3.969846725463867,584.6346229240179,465.29035923274,444.4411352933053,305.80834114798546,0.012735504314406265,-70.88148498535156,19.99337387084961,-1.0245574712753296,1.487897276878357,-1.7649263143539429,-1.704891562461853,-2.4151365756988525,-1.5378135442733765,0.20292973518371582,-0.7418315410614014,-0.4571784734725952,-0.23801565170288086,-1.0172245502471924,10.961468696594238,5.657602787017822,3.233405113220215,3.2273247241973877,2.025053024291992,1.8685483932495117,1.7789313793182373,1.5844969749450684,1.5463308095932007,1.3397337198257446,1.0876580476760864,1.2402422428131104,1.1845958232879639
train:83_0160.wav,train,Southern,SocTrang,spk_83_0083,male,data/processed/audio_preprocessed_16s/train/Southern/83_0160.wav,16000,16.0,0.0748554336829005,0.723785400390625,0.0901448833784507,-11.250526428222656,4.350260257720947,614.5517026290734,228.05106478696706,488.8221358977157,218.10891372388824,0.006692916785907714,-69.91283416748047,19.881393432617188,-4.306562423706055,2.2782907485961914,-3.598050117492676,-3.1535682678222656,-0.4678386449813843,-2.1903913021087646,0.9395086169242859,-0.5107628107070923,-0.5373370051383972,0.20783871412277222,-2.7047951221466064,14.084660530090332,3.3991360664367676,3.307471752166748,2.7964940071105957,2.549992084503174,2.674992799758911,2.037454605102539,2.4204161167144775,1.9546128511428833,1.3635568618774414,1.4748576879501343,1.5647112131118774,1.722153902053833
train:66_0144.wav,train,Southern,DongThap,spk_66_0111,female,data/processed/audio_preprocessed_16s/train/Southern/66_0144.wav,16000,16.0,0.0802198523093816,0.579071044921875,0.13216848503314466,-10.365485191345215,3.06355357170105,913.4623543370327,748.4964128290841,722.5466578032056,527.9864509647257,0.04178877970024845,-63.86970520019531,9.98801040649414,-1.2680160999298096,-3.0282068252563477,-4.031054496765137,-5.983144760131836,-2.410261869430542,-1.1577752828598022,-1.5234146118164062,-1.3050034046173096,-1.6015652418136597,-1.243882417678833,-0.7056756615638733,9.587964057922363,4.342165946960449,3.7187516689300537,3.4068491458892822,2.1805567741394043,2.9941630363464355,1.8506436347961426,1.9335459470748901,1.5586799383163452,1.371196985244751,1.436002492904663,1.3050214052200317,1.286029577255249
train:59_0119.wav,train,Southern,HoChiMinh,spk_59_0098,male,data/processed/audio_preprocessed_16s/train/Southern/59_0119.wav,16000,16.0,0.0815828233204551,0.349273681640625,0.10887542529463005,-11.606337547302246,4.17643404006958,727.3025054447658,469.25655535964944,616.0422847532632,362.4567720298864,0.011879997414525252,-71.81256103515625,16.730384826660156,-1.5462721586227417,3.3073079586029053,1.0683361291885376,-4.723476886749268,-3.117840051651001,0.3200030028820038,0.5111586451530457,-2.382693290710449,-0.10437937080860138,-0.07738038897514343,-1.822471261024475,16.249691009521484,4.919867992401123,3.439758062362671,2.927791118621826,2.762089729309082,2.0751681327819824,1.6887341737747192,2.0013883113861084,1.4241589307785034,1.5393098592758179,1.3245251178741455,1.5729970932006836,1.337012529373169
